{
    "total_valid_rows": {
        "value": 21,
        "description": "Total number of valid rows after preprocessing and removing invalid entries."
    },
    "summary fsl": {
        "agreement_count": "14",
        "agreement_percentage": 66.66666666666666,
        "mcc": 0.3624412178045377,
        "accuracy": 0.6666666666666666,
        "precision": 0.9090909090909091,
        "recall": 0.625,
        "f1_score": 0.7407407407407406,
        "balanced_accuracy": 0.7125,
        "description": "Agreement analysis between 'summary fsl' and 'original correctness'."
    },
    "naive correctness fsl": {
        "agreement_count": "9",
        "agreement_percentage": 42.857142857142854,
        "mcc": 0.2711630722733202,
        "accuracy": 0.42857142857142855,
        "precision": 1.0,
        "recall": 0.25,
        "f1_score": 0.4,
        "balanced_accuracy": 0.625,
        "description": "Agreement analysis between 'naive correctness fsl' and 'original correctness'."
    },
    "simple tree": {
        "agreement_count": "15",
        "agreement_percentage": 71.42857142857143,
        "mcc": 0.09128709291752769,
        "accuracy": 0.7142857142857143,
        "precision": 0.7777777777777778,
        "recall": 0.875,
        "f1_score": 0.823529411764706,
        "balanced_accuracy": 0.5375,
        "description": "Agreement analysis between 'simple tree' and 'original correctness'."
    },
    "complex tree": {
        "agreement_count": "18",
        "agreement_percentage": 85.71428571428571,
        "mcc": 0.5830006053876384,
        "accuracy": 0.8571428571428571,
        "precision": 0.8823529411764706,
        "recall": 0.9375,
        "f1_score": 0.9090909090909091,
        "balanced_accuracy": 0.76875,
        "description": "Agreement analysis between 'complex tree' and 'original correctness'."
    },
    "vanilla": {
        "agreement_count": "18",
        "agreement_percentage": 85.71428571428571,
        "mcc": 0.6363961030678927,
        "accuracy": 0.8571428571428571,
        "precision": 0.9333333333333333,
        "recall": 0.875,
        "f1_score": 0.9032258064516129,
        "balanced_accuracy": 0.8375,
        "description": "Agreement analysis between 'vanilla' and 'original correctness'."
    },
    "vanilla_no_cot": {
        "agreement_count": "9",
        "agreement_percentage": 42.857142857142854,
        "mcc": 0.10606601717798213,
        "accuracy": 0.42857142857142855,
        "precision": 0.8333333333333334,
        "recall": 0.3125,
        "f1_score": 0.45454545454545453,
        "balanced_accuracy": 0.55625,
        "description": "Agreement analysis between 'vanilla_no_cot' and 'original correctness'."
    },
    "summary": {
        "agreement_count": "16",
        "agreement_percentage": 76.19047619047619,
        "mcc": 0.38890872965260115,
        "accuracy": 0.7619047619047619,
        "precision": 0.8666666666666667,
        "recall": 0.8125,
        "f1_score": 0.8387096774193549,
        "balanced_accuracy": 0.70625,
        "description": "Agreement analysis between 'summary' and 'original correctness'."
    },
    "simple verify": {
        "agreement_count": "16",
        "agreement_percentage": 76.19047619047619,
        "mcc": 0.38890872965260115,
        "accuracy": 0.7619047619047619,
        "precision": 0.8666666666666667,
        "recall": 0.8125,
        "f1_score": 0.8387096774193549,
        "balanced_accuracy": 0.70625,
        "description": "Agreement analysis between 'simple verify' and 'original correctness'."
    },
    "complex verify": {
        "agreement_count": "15",
        "agreement_percentage": 71.42857142857143,
        "mcc": 0.4195731958391368,
        "accuracy": 0.7142857142857143,
        "precision": 0.9166666666666666,
        "recall": 0.6875,
        "f1_score": 0.7857142857142857,
        "balanced_accuracy": 0.74375,
        "description": "Agreement analysis between 'complex verify' and 'original correctness'."
    },
    "summary verify": {
        "agreement_count": "16",
        "agreement_percentage": 76.19047619047619,
        "mcc": 0.4823819106188661,
        "accuracy": 0.7619047619047619,
        "precision": 0.9230769230769231,
        "recall": 0.75,
        "f1_score": 0.8275862068965517,
        "balanced_accuracy": 0.775,
        "description": "Agreement analysis between 'summary verify' and 'original correctness'."
    },
    "simple verify fsl": {
        "agreement_count": "12",
        "agreement_percentage": 57.14285714285714,
        "mcc": 0.39528470752104744,
        "accuracy": 0.5714285714285714,
        "precision": 1.0,
        "recall": 0.4375,
        "f1_score": 0.6086956521739131,
        "balanced_accuracy": 0.71875,
        "description": "Agreement analysis between 'simple verify fsl' and 'original correctness'."
    },
    "complex verify fsl": {
        "agreement_count": "16",
        "agreement_percentage": 76.19047619047619,
        "mcc": 0.4823819106188661,
        "accuracy": 0.7619047619047619,
        "precision": 0.9230769230769231,
        "recall": 0.75,
        "f1_score": 0.8275862068965517,
        "balanced_accuracy": 0.775,
        "description": "Agreement analysis between 'complex verify fsl' and 'original correctness'."
    },
    "summary verify fsl": {
        "agreement_count": "12",
        "agreement_percentage": 57.14285714285714,
        "mcc": 0.25819888974716115,
        "accuracy": 0.5714285714285714,
        "precision": 0.8888888888888888,
        "recall": 0.5,
        "f1_score": 0.64,
        "balanced_accuracy": 0.65,
        "description": "Agreement analysis between 'summary verify fsl' and 'original correctness'."
    }
}