{
    "total_valid_rows": {
        "value": 99,
        "description": "Total number of valid rows after preprocessing and removing invalid entries."
    },
    "summary fsl": {
        "agreement_count": "55",
        "agreement_percentage": 55.55555555555556,
        "mcc": 0.1859421094994525,
        "accuracy": 0.5555555555555556,
        "precision": 1.0,
        "recall": 0.06382978723404255,
        "f1_score": 0.12,
        "balanced_accuracy": 0.5319148936170213,
        "description": "Agreement analysis between 'summary fsl' and 'original correctness'."
    },
    "naive correctness fsl": {
        "agreement_count": "51",
        "agreement_percentage": 51.515151515151516,
        "mcc": -0.05006133717292952,
        "accuracy": 0.5151515151515151,
        "precision": 0.3333333333333333,
        "recall": 0.02127659574468085,
        "f1_score": 0.04,
        "balanced_accuracy": 0.4914075286415712,
        "description": "Agreement analysis between 'naive correctness fsl' and 'original correctness'."
    },
    "simple tree": {
        "agreement_count": "59",
        "agreement_percentage": 59.59595959595959,
        "mcc": 0.21407128231414016,
        "accuracy": 0.5959595959595959,
        "precision": 0.5555555555555556,
        "recall": 0.7446808510638298,
        "f1_score": 0.6363636363636364,
        "balanced_accuracy": 0.6031096563011457,
        "description": "Agreement analysis between 'simple tree' and 'original correctness'."
    },
    "complex tree": {
        "agreement_count": "64",
        "agreement_percentage": 64.64646464646465,
        "mcc": 0.3111103117639494,
        "accuracy": 0.6464646464646465,
        "precision": 0.6,
        "recall": 0.7659574468085106,
        "f1_score": 0.6728971962616823,
        "balanced_accuracy": 0.6522094926350246,
        "description": "Agreement analysis between 'complex tree' and 'original correctness'."
    },
    "vanilla": {
        "agreement_count": "55",
        "agreement_percentage": 55.55555555555556,
        "mcc": 0.11283732308370766,
        "accuracy": 0.5555555555555556,
        "precision": 0.5294117647058824,
        "recall": 0.574468085106383,
        "f1_score": 0.5510204081632654,
        "balanced_accuracy": 0.5564648117839608,
        "description": "Agreement analysis between 'vanilla' and 'original correctness'."
    },
    "vanilla_no_cot": {
        "agreement_count": "57",
        "agreement_percentage": 57.57575757575758,
        "mcc": 0.16938951665476545,
        "accuracy": 0.5757575757575758,
        "precision": 0.6923076923076923,
        "recall": 0.19148936170212766,
        "f1_score": 0.30000000000000004,
        "balanced_accuracy": 0.5572831423895254,
        "description": "Agreement analysis between 'vanilla_no_cot' and 'original correctness'."
    },
    "summary": {
        "agreement_count": "56",
        "agreement_percentage": 56.56565656565656,
        "mcc": 0.1319984645457652,
        "accuracy": 0.5656565656565656,
        "precision": 0.54,
        "recall": 0.574468085106383,
        "f1_score": 0.5567010309278351,
        "balanced_accuracy": 0.5660801963993454,
        "description": "Agreement analysis between 'summary' and 'original correctness'."
    },
    "simple verify": {
        "agreement_count": "46",
        "agreement_percentage": 46.464646464646464,
        "mcc": -0.08792213380759328,
        "accuracy": 0.46464646464646464,
        "precision": 0.4166666666666667,
        "recall": 0.3191489361702128,
        "f1_score": 0.3614457831325302,
        "balanced_accuracy": 0.45765139116202946,
        "description": "Agreement analysis between 'simple verify' and 'original correctness'."
    },
    "complex verify": {
        "agreement_count": "47",
        "agreement_percentage": 47.474747474747474,
        "mcc": -0.0627238531782156,
        "accuracy": 0.47474747474747475,
        "precision": 0.4358974358974359,
        "recall": 0.3617021276595745,
        "f1_score": 0.39534883720930236,
        "balanced_accuracy": 0.46931260229132565,
        "description": "Agreement analysis between 'complex verify' and 'original correctness'."
    },
    "summary verify": {
        "agreement_count": "42",
        "agreement_percentage": 42.42424242424242,
        "mcc": -0.16123225690132084,
        "accuracy": 0.42424242424242425,
        "precision": 0.38095238095238093,
        "recall": 0.3404255319148936,
        "f1_score": 0.35955056179775274,
        "balanced_accuracy": 0.42021276595744683,
        "description": "Agreement analysis between 'summary verify' and 'original correctness'."
    },
    "simple verify fsl": {
        "agreement_count": "55",
        "agreement_percentage": 55.55555555555556,
        "mcc": 0.10286711921227358,
        "accuracy": 0.5555555555555556,
        "precision": 0.5384615384615384,
        "recall": 0.44680851063829785,
        "f1_score": 0.4883720930232558,
        "balanced_accuracy": 0.5503273322422259,
        "description": "Agreement analysis between 'simple verify fsl' and 'original correctness'."
    },
    "complex verify fsl": {
        "agreement_count": "48",
        "agreement_percentage": 48.484848484848484,
        "mcc": -0.048621875377871944,
        "accuracy": 0.48484848484848486,
        "precision": 0.4411764705882353,
        "recall": 0.3191489361702128,
        "f1_score": 0.37037037037037035,
        "balanced_accuracy": 0.4768821603927987,
        "description": "Agreement analysis between 'complex verify fsl' and 'original correctness'."
    },
    "summary verify fsl": {
        "agreement_count": "47",
        "agreement_percentage": 47.474747474747474,
        "mcc": -0.07151619596132788,
        "accuracy": 0.47474747474747475,
        "precision": 0.42424242424242425,
        "recall": 0.2978723404255319,
        "f1_score": 0.35,
        "balanced_accuracy": 0.46624386252045824,
        "description": "Agreement analysis between 'summary verify fsl' and 'original correctness'."
    }
}