{
    "total_valid_rows": {
        "value": 99,
        "description": "Total number of valid rows after preprocessing and removing invalid entries."
    },
    "summary fsl": {
        "agreement_count": "54",
        "agreement_percentage": 54.54545454545454,
        "mcc": 0.13747318431059338,
        "accuracy": 0.5454545454545454,
        "precision": 0.7,
        "recall": 0.14285714285714285,
        "f1_score": 0.23728813559322035,
        "balanced_accuracy": 0.5414285714285714,
        "description": "Agreement analysis between 'summary fsl' and 'original correctness'."
    },
    "naive correctness fsl": {
        "agreement_count": "55",
        "agreement_percentage": 55.55555555555556,
        "mcc": 0.13852416348865285,
        "accuracy": 0.5555555555555556,
        "precision": 0.6470588235294118,
        "recall": 0.22448979591836735,
        "f1_score": 0.33333333333333337,
        "balanced_accuracy": 0.5522448979591836,
        "description": "Agreement analysis between 'naive correctness fsl' and 'original correctness'."
    },
    "simple tree": {
        "agreement_count": "68",
        "agreement_percentage": 68.68686868686868,
        "mcc": 0.3889118463711487,
        "accuracy": 0.6868686868686869,
        "precision": 0.6451612903225806,
        "recall": 0.8163265306122449,
        "f1_score": 0.7207207207207208,
        "balanced_accuracy": 0.6881632653061225,
        "description": "Agreement analysis between 'simple tree' and 'original correctness'."
    },
    "complex tree": {
        "agreement_count": "63",
        "agreement_percentage": 63.63636363636363,
        "mcc": 0.2828265256647396,
        "accuracy": 0.6363636363636364,
        "precision": 0.6065573770491803,
        "recall": 0.7551020408163265,
        "f1_score": 0.6727272727272727,
        "balanced_accuracy": 0.6375510204081632,
        "description": "Agreement analysis between 'complex tree' and 'original correctness'."
    },
    "vanilla": {
        "agreement_count": "63",
        "agreement_percentage": 63.63636363636363,
        "mcc": 0.3153390583925807,
        "accuracy": 0.6363636363636364,
        "precision": 0.589041095890411,
        "recall": 0.8775510204081632,
        "f1_score": 0.7049180327868853,
        "balanced_accuracy": 0.6387755102040816,
        "description": "Agreement analysis between 'vanilla' and 'original correctness'."
    },
    "vanilla_no_cot": {
        "agreement_count": "58",
        "agreement_percentage": 58.58585858585859,
        "mcc": 0.17976361098142055,
        "accuracy": 0.5858585858585859,
        "precision": 0.625,
        "recall": 0.40816326530612246,
        "f1_score": 0.4938271604938272,
        "balanced_accuracy": 0.5840816326530612,
        "description": "Agreement analysis between 'vanilla_no_cot' and 'original correctness'."
    },
    "summary": {
        "agreement_count": "63",
        "agreement_percentage": 63.63636363636363,
        "mcc": 0.27317274633413907,
        "accuracy": 0.6363636363636364,
        "precision": 0.6274509803921569,
        "recall": 0.6530612244897959,
        "f1_score": 0.64,
        "balanced_accuracy": 0.6365306122448979,
        "description": "Agreement analysis between 'summary' and 'original correctness'."
    },
    "simple verify": {
        "agreement_count": "59",
        "agreement_percentage": 59.59595959595959,
        "mcc": 0.20235494030512133,
        "accuracy": 0.5959595959595959,
        "precision": 0.5714285714285714,
        "recall": 0.7346938775510204,
        "f1_score": 0.6428571428571428,
        "balanced_accuracy": 0.5973469387755103,
        "description": "Agreement analysis between 'simple verify' and 'original correctness'."
    },
    "complex verify": {
        "agreement_count": "64",
        "agreement_percentage": 64.64646464646465,
        "mcc": 0.30947883634551265,
        "accuracy": 0.6464646464646465,
        "precision": 0.609375,
        "recall": 0.7959183673469388,
        "f1_score": 0.6902654867256638,
        "balanced_accuracy": 0.6479591836734694,
        "description": "Agreement analysis between 'complex verify' and 'original correctness'."
    },
    "summary verify": {
        "agreement_count": "63",
        "agreement_percentage": 63.63636363636363,
        "mcc": 0.2774751902477184,
        "accuracy": 0.6363636363636364,
        "precision": 0.6140350877192983,
        "recall": 0.7142857142857143,
        "f1_score": 0.6603773584905661,
        "balanced_accuracy": 0.6371428571428572,
        "description": "Agreement analysis between 'summary verify' and 'original correctness'."
    },
    "simple verify fsl": {
        "agreement_count": "58",
        "agreement_percentage": 58.58585858585859,
        "mcc": 0.18966716894494928,
        "accuracy": 0.5858585858585859,
        "precision": 0.6538461538461539,
        "recall": 0.3469387755102041,
        "f1_score": 0.45333333333333325,
        "balanced_accuracy": 0.583469387755102,
        "description": "Agreement analysis between 'simple verify fsl' and 'original correctness'."
    },
    "complex verify fsl": {
        "agreement_count": "63",
        "agreement_percentage": 63.63636363636363,
        "mcc": 0.2950494656699419,
        "accuracy": 0.6363636363636364,
        "precision": 0.7241379310344828,
        "recall": 0.42857142857142855,
        "f1_score": 0.5384615384615385,
        "balanced_accuracy": 0.6342857142857142,
        "description": "Agreement analysis between 'complex verify fsl' and 'original correctness'."
    },
    "summary verify fsl": {
        "agreement_count": "58",
        "agreement_percentage": 58.58585858585859,
        "mcc": 0.18966716894494928,
        "accuracy": 0.5858585858585859,
        "precision": 0.6538461538461539,
        "recall": 0.3469387755102041,
        "f1_score": 0.45333333333333325,
        "balanced_accuracy": 0.583469387755102,
        "description": "Agreement analysis between 'summary verify fsl' and 'original correctness'."
    }
}