{
    "total_valid_rows": {
        "value": 84,
        "description": "Total number of valid rows after preprocessing and removing invalid entries."
    },
    "summary fsl": {
        "agreement_count": "40",
        "agreement_percentage": 47.61904761904761,
        "mcc": 0,
        "accuracy": 0.47619047619047616,
        "precision": 0,
        "recall": 0.0,
        "f1_score": 0,
        "balanced_accuracy": 0.5,
        "description": "Agreement analysis between 'summary fsl' and 'original correctness'."
    },
    "naive correctness fsl": {
        "agreement_count": "40",
        "agreement_percentage": 47.61904761904761,
        "mcc": 0,
        "accuracy": 0.47619047619047616,
        "precision": 0,
        "recall": 0.0,
        "f1_score": 0,
        "balanced_accuracy": 0.5,
        "description": "Agreement analysis between 'naive correctness fsl' and 'original correctness'."
    },
    "simple tree": {
        "agreement_count": "44",
        "agreement_percentage": 52.38095238095239,
        "mcc": 0.02839809171235324,
        "accuracy": 0.5238095238095238,
        "precision": 0.532258064516129,
        "recall": 0.75,
        "f1_score": 0.6226415094339622,
        "balanced_accuracy": 0.5125,
        "description": "Agreement analysis between 'simple tree' and 'original correctness'."
    },
    "complex tree": {
        "agreement_count": "48",
        "agreement_percentage": 57.14285714285714,
        "mcc": 0.1492405014489273,
        "accuracy": 0.5714285714285714,
        "precision": 0.5571428571428572,
        "recall": 0.8863636363636364,
        "f1_score": 0.6842105263157894,
        "balanced_accuracy": 0.5556818181818182,
        "description": "Agreement analysis between 'complex tree' and 'original correctness'."
    },
    "vanilla": {
        "agreement_count": "48",
        "agreement_percentage": 57.14285714285714,
        "mcc": 0.13556731355122628,
        "accuracy": 0.5714285714285714,
        "precision": 0.5769230769230769,
        "recall": 0.6818181818181818,
        "f1_score": 0.6249999999999999,
        "balanced_accuracy": 0.5659090909090909,
        "description": "Agreement analysis between 'vanilla' and 'original correctness'."
    },
    "vanilla_no_cot": {
        "agreement_count": "44",
        "agreement_percentage": 52.38095238095239,
        "mcc": 0.09828067413836206,
        "accuracy": 0.5238095238095238,
        "precision": 0.625,
        "recall": 0.22727272727272727,
        "f1_score": 0.3333333333333333,
        "balanced_accuracy": 0.5386363636363636,
        "description": "Agreement analysis between 'vanilla_no_cot' and 'original correctness'."
    },
    "summary": {
        "agreement_count": "52",
        "agreement_percentage": 61.904761904761905,
        "mcc": 0.23816323509163362,
        "accuracy": 0.6190476190476191,
        "precision": 0.603448275862069,
        "recall": 0.7954545454545454,
        "f1_score": 0.6862745098039215,
        "balanced_accuracy": 0.6102272727272727,
        "description": "Agreement analysis between 'summary' and 'original correctness'."
    },
    "simple verify": {
        "agreement_count": "43",
        "agreement_percentage": 51.19047619047619,
        "mcc": 0.027311549679956755,
        "accuracy": 0.5119047619047619,
        "precision": 0.5384615384615384,
        "recall": 0.4772727272727273,
        "f1_score": 0.5060240963855421,
        "balanced_accuracy": 0.5136363636363637,
        "description": "Agreement analysis between 'simple verify' and 'original correctness'."
    },
    "complex verify": {
        "agreement_count": "49",
        "agreement_percentage": 58.333333333333336,
        "mcc": 0.17376706217554452,
        "accuracy": 0.5833333333333334,
        "precision": 0.6216216216216216,
        "recall": 0.5227272727272727,
        "f1_score": 0.5679012345679012,
        "balanced_accuracy": 0.5863636363636364,
        "description": "Agreement analysis between 'complex verify' and 'original correctness'."
    },
    "summary verify": {
        "agreement_count": "49",
        "agreement_percentage": 58.333333333333336,
        "mcc": 0.16233501861136396,
        "accuracy": 0.5833333333333334,
        "precision": 0.5957446808510638,
        "recall": 0.6363636363636364,
        "f1_score": 0.6153846153846154,
        "balanced_accuracy": 0.5806818181818182,
        "description": "Agreement analysis between 'summary verify' and 'original correctness'."
    },
    "simple verify fsl": {
        "agreement_count": "48",
        "agreement_percentage": 57.14285714285714,
        "mcc": 0.1589409883014377,
        "accuracy": 0.5714285714285714,
        "precision": 0.625,
        "recall": 0.45454545454545453,
        "f1_score": 0.5263157894736842,
        "balanced_accuracy": 0.5772727272727273,
        "description": "Agreement analysis between 'simple verify fsl' and 'original correctness'."
    },
    "complex verify fsl": {
        "agreement_count": "49",
        "agreement_percentage": 58.333333333333336,
        "mcc": 0.18582834839652607,
        "accuracy": 0.5833333333333334,
        "precision": 0.6451612903225806,
        "recall": 0.45454545454545453,
        "f1_score": 0.5333333333333333,
        "balanced_accuracy": 0.5897727272727272,
        "description": "Agreement analysis between 'complex verify fsl' and 'original correctness'."
    },
    "summary verify fsl": {
        "agreement_count": "43",
        "agreement_percentage": 51.19047619047619,
        "mcc": 0.034862044947607744,
        "accuracy": 0.5119047619047619,
        "precision": 0.5454545454545454,
        "recall": 0.4090909090909091,
        "f1_score": 0.4675324675324675,
        "balanced_accuracy": 0.5170454545454546,
        "description": "Agreement analysis between 'summary verify fsl' and 'original correctness'."
    }
}