{
    "confidence1": {
        "average": 0.5867071023947112,
        "median": 0.76949153185546
    },
    "confidence2": {
        "average": 92.26,
        "median": 90.0
    }
}