{
    "total_valid_rows": {
        "value": 18,
        "description": "Total number of valid rows after preprocessing and removing invalid entries."
    },
    "summary fsl": {
        "agreement_count": "6",
        "agreement_percentage": 33.33333333333333,
        "mcc": 0.1504142093990467,
        "accuracy": 0.3333333333333333,
        "precision": 1.0,
        "recall": 0.07692307692307693,
        "f1_score": 0.14285714285714288,
        "balanced_accuracy": 0.5384615384615384,
        "description": "Agreement analysis between 'summary fsl' and 'original correctness'."
    },
    "naive correctness fsl": {
        "agreement_count": "6",
        "agreement_percentage": 33.33333333333333,
        "mcc": 0.1504142093990467,
        "accuracy": 0.3333333333333333,
        "precision": 1.0,
        "recall": 0.07692307692307693,
        "f1_score": 0.14285714285714288,
        "balanced_accuracy": 0.5384615384615384,
        "description": "Agreement analysis between 'naive correctness fsl' and 'original correctness'."
    },
    "simple tree": {
        "agreement_count": "12",
        "agreement_percentage": 66.66666666666666,
        "mcc": 0.16923076923076924,
        "accuracy": 0.6666666666666666,
        "precision": 0.7692307692307693,
        "recall": 0.7692307692307693,
        "f1_score": 0.7692307692307693,
        "balanced_accuracy": 0.5846153846153846,
        "description": "Agreement analysis between 'simple tree' and 'original correctness'."
    },
    "complex tree": {
        "agreement_count": "11",
        "agreement_percentage": 61.111111111111114,
        "mcc": -0.033149677206589796,
        "accuracy": 0.6111111111111112,
        "precision": 0.7142857142857143,
        "recall": 0.7692307692307693,
        "f1_score": 0.7407407407407408,
        "balanced_accuracy": 0.48461538461538467,
        "description": "Agreement analysis between 'complex tree' and 'original correctness'."
    },
    "vanilla": {
        "agreement_count": "9",
        "agreement_percentage": 50.0,
        "mcc": -0.17541160386140583,
        "accuracy": 0.5,
        "precision": 0.6666666666666666,
        "recall": 0.6153846153846154,
        "f1_score": 0.64,
        "balanced_accuracy": 0.4076923076923077,
        "description": "Agreement analysis between 'vanilla' and 'original correctness'."
    },
    "vanilla_no_cot": {
        "agreement_count": "4",
        "agreement_percentage": 22.22222222222222,
        "mcc": -0.4461538461538462,
        "accuracy": 0.2222222222222222,
        "precision": 0.4,
        "recall": 0.15384615384615385,
        "f1_score": 0.2222222222222222,
        "balanced_accuracy": 0.27692307692307694,
        "description": "Agreement analysis between 'vanilla_no_cot' and 'original correctness'."
    },
    "summary": {
        "agreement_count": "8",
        "agreement_percentage": 44.44444444444444,
        "mcc": -0.24029618753167464,
        "accuracy": 0.4444444444444444,
        "precision": 0.6363636363636364,
        "recall": 0.5384615384615384,
        "f1_score": 0.5833333333333334,
        "balanced_accuracy": 0.36923076923076925,
        "description": "Agreement analysis between 'summary' and 'original correctness'."
    },
    "simple verify": {
        "agreement_count": "9",
        "agreement_percentage": 50.0,
        "mcc": -0.17541160386140583,
        "accuracy": 0.5,
        "precision": 0.6666666666666666,
        "recall": 0.6153846153846154,
        "f1_score": 0.64,
        "balanced_accuracy": 0.4076923076923077,
        "description": "Agreement analysis between 'simple verify' and 'original correctness'."
    },
    "complex verify": {
        "agreement_count": "11",
        "agreement_percentage": 61.111111111111114,
        "mcc": 0.1941450686788302,
        "accuracy": 0.6111111111111112,
        "precision": 0.8,
        "recall": 0.6153846153846154,
        "f1_score": 0.6956521739130435,
        "balanced_accuracy": 0.6076923076923078,
        "description": "Agreement analysis between 'complex verify' and 'original correctness'."
    },
    "summary verify": {
        "agreement_count": "7",
        "agreement_percentage": 38.88888888888889,
        "mcc": -0.1941450686788302,
        "accuracy": 0.3888888888888889,
        "precision": 0.625,
        "recall": 0.38461538461538464,
        "f1_score": 0.4761904761904762,
        "balanced_accuracy": 0.39230769230769236,
        "description": "Agreement analysis between 'summary verify' and 'original correctness'."
    },
    "simple verify fsl": {
        "agreement_count": "9",
        "agreement_percentage": 50.0,
        "mcc": 0.05547001962252291,
        "accuracy": 0.5,
        "precision": 0.75,
        "recall": 0.46153846153846156,
        "f1_score": 0.5714285714285714,
        "balanced_accuracy": 0.5307692307692308,
        "description": "Agreement analysis between 'simple verify fsl' and 'original correctness'."
    },
    "complex verify fsl": {
        "agreement_count": "7",
        "agreement_percentage": 38.88888888888889,
        "mcc": -0.08770580193070292,
        "accuracy": 0.3888888888888889,
        "precision": 0.6666666666666666,
        "recall": 0.3076923076923077,
        "f1_score": 0.42105263157894735,
        "balanced_accuracy": 0.45384615384615384,
        "description": "Agreement analysis between 'complex verify fsl' and 'original correctness'."
    },
    "summary verify fsl": {
        "agreement_count": "5",
        "agreement_percentage": 27.77777777777778,
        "mcc": -0.35082320772281167,
        "accuracy": 0.2777777777777778,
        "precision": 0.5,
        "recall": 0.23076923076923078,
        "f1_score": 0.3157894736842105,
        "balanced_accuracy": 0.3153846153846154,
        "description": "Agreement analysis between 'summary verify fsl' and 'original correctness'."
    }
}