{
    "total_valid_rows": {
        "value": 262,
        "description": "Total number of valid rows after preprocessing and removing invalid entries."
    },
    "summary fsl": {
        "agreement_count": "111",
        "agreement_percentage": 42.36641221374045,
        "mcc": -0.014717995307628559,
        "accuracy": 0.42366412213740456,
        "precision": 0.5454545454545454,
        "recall": 0.039473684210526314,
        "f1_score": 0.07361963190184048,
        "balanced_accuracy": 0.49700956937799046,
        "description": "Agreement analysis between 'summary fsl' and 'original correctness'."
    },
    "naive correctness fsl": {
        "agreement_count": "112",
        "agreement_percentage": 42.74809160305343,
        "mcc": 0.0014119562368122625,
        "accuracy": 0.42748091603053434,
        "precision": 0.5833333333333334,
        "recall": 0.046052631578947366,
        "f1_score": 0.08536585365853658,
        "balanced_accuracy": 0.500299043062201,
        "description": "Agreement analysis between 'naive correctness fsl' and 'original correctness'."
    },
    "simple tree": {
        "agreement_count": "142",
        "agreement_percentage": 54.19847328244275,
        "mcc": 0.03605158630341074,
        "accuracy": 0.5419847328244275,
        "precision": 0.5930232558139535,
        "recall": 0.6710526315789473,
        "f1_score": 0.6296296296296297,
        "balanced_accuracy": 0.5173444976076556,
        "description": "Agreement analysis between 'simple tree' and 'original correctness'."
    },
    "complex tree": {
        "agreement_count": "142",
        "agreement_percentage": 54.19847328244275,
        "mcc": 0.05508864690548489,
        "accuracy": 0.5419847328244275,
        "precision": 0.6025641025641025,
        "recall": 0.618421052631579,
        "f1_score": 0.6103896103896105,
        "balanced_accuracy": 0.5273923444976076,
        "description": "Agreement analysis between 'complex tree' and 'original correctness'."
    },
    "summary": {
        "agreement_count": "133",
        "agreement_percentage": 50.76335877862596,
        "mcc": 0.0005928439114909181,
        "accuracy": 0.5076335877862596,
        "precision": 0.5804195804195804,
        "recall": 0.5460526315789473,
        "f1_score": 0.5627118644067797,
        "balanced_accuracy": 0.500299043062201,
        "description": "Agreement analysis between 'summary' and 'original correctness'."
    },
    "simple verify": {
        "agreement_count": "125",
        "agreement_percentage": 47.70992366412214,
        "mcc": -0.024316981847661248,
        "accuracy": 0.4770992366412214,
        "precision": 0.5663716814159292,
        "recall": 0.42105263157894735,
        "f1_score": 0.4830188679245283,
        "balanced_accuracy": 0.48779904306220095,
        "description": "Agreement analysis between 'simple verify' and 'original correctness'."
    },
    "complex verify": {
        "agreement_count": "128",
        "agreement_percentage": 48.854961832061065,
        "mcc": 0.0028708133971291866,
        "accuracy": 0.48854961832061067,
        "precision": 0.5818181818181818,
        "recall": 0.42105263157894735,
        "f1_score": 0.48854961832061067,
        "balanced_accuracy": 0.5014354066985646,
        "description": "Agreement analysis between 'complex verify' and 'original correctness'."
    },
    "summary verify": {
        "agreement_count": "131",
        "agreement_percentage": 50.0,
        "mcc": 0.038207514622611134,
        "accuracy": 0.5,
        "precision": 0.6039603960396039,
        "recall": 0.40131578947368424,
        "f1_score": 0.4822134387351779,
        "balanced_accuracy": 0.5188397129186603,
        "description": "Agreement analysis between 'summary verify' and 'original correctness'."
    },
    "simple verify fsl": {
        "agreement_count": "132",
        "agreement_percentage": 50.38167938931297,
        "mcc": 0.04211066240254883,
        "accuracy": 0.5038167938931297,
        "precision": 0.6057692307692307,
        "recall": 0.4144736842105263,
        "f1_score": 0.49218750000000006,
        "balanced_accuracy": 0.5208732057416268,
        "description": "Agreement analysis between 'simple verify fsl' and 'original correctness'."
    },
    "complex verify fsl": {
        "agreement_count": "120",
        "agreement_percentage": 45.80152671755725,
        "mcc": -0.028713628168481466,
        "accuracy": 0.4580152671755725,
        "precision": 0.5595238095238095,
        "recall": 0.3092105263157895,
        "f1_score": 0.39830508474576276,
        "balanced_accuracy": 0.4864234449760766,
        "description": "Agreement analysis between 'complex verify fsl' and 'original correctness'."
    },
    "summary verify fsl": {
        "agreement_count": "122",
        "agreement_percentage": 46.56488549618321,
        "mcc": -0.022262092854823372,
        "accuracy": 0.46564885496183206,
        "precision": 0.5652173913043478,
        "recall": 0.34210526315789475,
        "f1_score": 0.4262295081967213,
        "balanced_accuracy": 0.4892344497607656,
        "description": "Agreement analysis between 'summary verify fsl' and 'original correctness'."
    }
}