{
    "total_valid_rows": {
        "value": 66,
        "description": "Total number of valid rows after preprocessing and removing invalid entries."
    },
    "summary fsl": {
        "agreement_count": "32",
        "agreement_percentage": 48.484848484848484,
        "mcc": 0,
        "accuracy": 0.48484848484848486,
        "precision": 0,
        "recall": 0.0,
        "f1_score": 0,
        "balanced_accuracy": 0.5,
        "description": "Agreement analysis between 'summary fsl' and 'original correctness'."
    },
    "naive correctness fsl": {
        "agreement_count": "30",
        "agreement_percentage": 45.45454545454545,
        "mcc": -0.18221724671391562,
        "accuracy": 0.45454545454545453,
        "precision": 0.0,
        "recall": 0.0,
        "f1_score": 0,
        "balanced_accuracy": 0.46875,
        "description": "Agreement analysis between 'naive correctness fsl' and 'original correctness'."
    },
    "simple tree": {
        "agreement_count": "44",
        "agreement_percentage": 66.66666666666666,
        "mcc": 0.35892848432904445,
        "accuracy": 0.6666666666666666,
        "precision": 0.625,
        "recall": 0.8823529411764706,
        "f1_score": 0.7317073170731708,
        "balanced_accuracy": 0.6599264705882353,
        "description": "Agreement analysis between 'simple tree' and 'original correctness'."
    },
    "complex tree": {
        "agreement_count": "39",
        "agreement_percentage": 59.09090909090909,
        "mcc": 0.1812363285667723,
        "accuracy": 0.5909090909090909,
        "precision": 0.5813953488372093,
        "recall": 0.7352941176470589,
        "f1_score": 0.6493506493506493,
        "balanced_accuracy": 0.5863970588235294,
        "description": "Agreement analysis between 'complex tree' and 'original correctness'."
    },
    "vanilla": {
        "agreement_count": "34",
        "agreement_percentage": 51.515151515151516,
        "mcc": 0.01281125096391856,
        "accuracy": 0.5151515151515151,
        "precision": 0.5178571428571429,
        "recall": 0.8529411764705882,
        "f1_score": 0.6444444444444445,
        "balanced_accuracy": 0.5045955882352942,
        "description": "Agreement analysis between 'vanilla' and 'original correctness'."
    },
    "vanilla_no_cot": {
        "agreement_count": "26",
        "agreement_percentage": 39.39393939393939,
        "mcc": -0.21323529411764705,
        "accuracy": 0.3939393939393939,
        "precision": 0.4117647058823529,
        "recall": 0.4117647058823529,
        "f1_score": 0.4117647058823529,
        "balanced_accuracy": 0.39338235294117646,
        "description": "Agreement analysis between 'vanilla_no_cot' and 'original correctness'."
    },
    "summary": {
        "agreement_count": "39",
        "agreement_percentage": 59.09090909090909,
        "mcc": 0.19117647058823528,
        "accuracy": 0.5909090909090909,
        "precision": 0.5714285714285714,
        "recall": 0.8235294117647058,
        "f1_score": 0.6746987951807228,
        "balanced_accuracy": 0.5836397058823529,
        "description": "Agreement analysis between 'summary' and 'original correctness'."
    },
    "simple verify": {
        "agreement_count": "34",
        "agreement_percentage": 51.515151515151516,
        "mcc": 0.026023923263861343,
        "accuracy": 0.5151515151515151,
        "precision": 0.5263157894736842,
        "recall": 0.5882352941176471,
        "f1_score": 0.5555555555555555,
        "balanced_accuracy": 0.5128676470588236,
        "description": "Agreement analysis between 'simple verify' and 'original correctness'."
    },
    "complex verify": {
        "agreement_count": "35",
        "agreement_percentage": 53.03030303030303,
        "mcc": 0.054922666383196345,
        "accuracy": 0.5303030303030303,
        "precision": 0.5365853658536586,
        "recall": 0.6470588235294118,
        "f1_score": 0.5866666666666668,
        "balanced_accuracy": 0.5266544117647058,
        "description": "Agreement analysis between 'complex verify' and 'original correctness'."
    },
    "summary verify": {
        "agreement_count": "39",
        "agreement_percentage": 59.09090909090909,
        "mcc": 0.18039593813928767,
        "accuracy": 0.5909090909090909,
        "precision": 0.6,
        "recall": 0.6176470588235294,
        "f1_score": 0.608695652173913,
        "balanced_accuracy": 0.5900735294117647,
        "description": "Agreement analysis between 'summary verify' and 'original correctness'."
    },
    "simple verify fsl": {
        "agreement_count": "31",
        "agreement_percentage": 46.96969696969697,
        "mcc": -0.05398528936031515,
        "accuracy": 0.4696969696969697,
        "precision": 0.4782608695652174,
        "recall": 0.3235294117647059,
        "f1_score": 0.3859649122807018,
        "balanced_accuracy": 0.4742647058823529,
        "description": "Agreement analysis between 'simple verify fsl' and 'original correctness'."
    },
    "complex verify fsl": {
        "agreement_count": "32",
        "agreement_percentage": 48.484848484848484,
        "mcc": -0.018565266430812643,
        "accuracy": 0.48484848484848486,
        "precision": 0.5,
        "recall": 0.2647058823529412,
        "f1_score": 0.3461538461538462,
        "balanced_accuracy": 0.49172794117647056,
        "description": "Agreement analysis between 'complex verify fsl' and 'original correctness'."
    },
    "summary verify fsl": {
        "agreement_count": "34",
        "agreement_percentage": 51.515151515151516,
        "mcc": 0.05359330785703401,
        "accuracy": 0.5151515151515151,
        "precision": 0.5625,
        "recall": 0.2647058823529412,
        "f1_score": 0.36000000000000004,
        "balanced_accuracy": 0.5229779411764706,
        "description": "Agreement analysis between 'summary verify fsl' and 'original correctness'."
    }
}