{
    "total_valid_rows": {
        "value": 9,
        "description": "Total number of valid rows after preprocessing and removing invalid entries."
    },
    "Function summary": {
        "agreement_count": "1",
        "agreement_percentage": 11.11111111111111,
        "mcc": -0.7905694150420948,
        "accuracy": 0.1111111111111111,
        "precision": 0.25,
        "recall": 0.16666666666666666,
        "f1_score": 0.2,
        "balanced_accuracy": 0.08333333333333333,
        "description": "Agreement analysis between 'Correctness' and 'original correctness'."
    },
    "Naive": {
        "agreement_count": "4",
        "agreement_percentage": 44.44444444444444,
        "mcc": -0.15811388300841897,
        "accuracy": 0.4444444444444444,
        "precision": 0.6,
        "recall": 0.5,
        "f1_score": 0.5454545454545454,
        "balanced_accuracy": 0.41666666666666663,
        "description": "Agreement analysis between 'naive correctness' and 'original correctness'."
    },
    "Complex tree": {
        "agreement_count": "5",
        "agreement_percentage": 55.55555555555556,
        "mcc": 0.15811388300841897,
        "accuracy": 0.5555555555555556,
        "precision": 0.75,
        "recall": 0.5,
        "f1_score": 0.6,
        "balanced_accuracy": 0.5833333333333333,
        "description": "Agreement analysis between 'annotated correctness' and 'original correctness'."
    },
    "Simple tree": {
        "agreement_count": "4",
        "agreement_percentage": 44.44444444444444,
        "mcc": -0.3779644730092272,
        "accuracy": 0.4444444444444444,
        "precision": 0.5714285714285714,
        "recall": 0.6666666666666666,
        "f1_score": 0.6153846153846153,
        "balanced_accuracy": 0.3333333333333333,
        "description": "Agreement analysis between 'annotated correctness simple' and 'original correctness'."
    },
    "Naive No FSL": {
        "agreement_count": "1",
        "agreement_percentage": 11.11111111111111,
        "mcc": -0.7559289460184544,
        "accuracy": 0.1111111111111111,
        "precision": 0.0,
        "recall": 0.0,
        "f1_score": 0,
        "balanced_accuracy": 0.16666666666666666,
        "description": "Agreement analysis between 'naive no fsl correctness' and 'original correctness'."
    },
    "Function summary no FSL": {
        "agreement_count": "1",
        "agreement_percentage": 11.11111111111111,
        "mcc": -0.7905694150420948,
        "accuracy": 0.1111111111111111,
        "precision": 0.25,
        "recall": 0.16666666666666666,
        "f1_score": 0.2,
        "balanced_accuracy": 0.08333333333333333,
        "description": "Agreement analysis between 'Correctness no fsl' and 'original correctness'."
    },
    "Simple verify": {
        "agreement_count": "5",
        "agreement_percentage": 55.55555555555556,
        "mcc": 0.0,
        "accuracy": 0.5555555555555556,
        "precision": 0.6666666666666666,
        "recall": 0.6666666666666666,
        "f1_score": 0.6666666666666666,
        "balanced_accuracy": 0.5,
        "description": "Agreement analysis between 'simple verify' and 'original correctness'."
    },
    "Complex verify": {
        "agreement_count": "7",
        "agreement_percentage": 77.77777777777779,
        "mcc": 0.5,
        "accuracy": 0.7777777777777778,
        "precision": 0.8333333333333334,
        "recall": 0.8333333333333334,
        "f1_score": 0.8333333333333334,
        "balanced_accuracy": 0.75,
        "description": "Agreement analysis between 'complex verify' and 'original correctness'."
    },
    "Default verify": {
        "agreement_count": "8",
        "agreement_percentage": 88.88888888888889,
        "mcc": 0.7559289460184544,
        "accuracy": 0.8888888888888888,
        "precision": 0.8571428571428571,
        "recall": 1.0,
        "f1_score": 0.923076923076923,
        "balanced_accuracy": 0.8333333333333333,
        "description": "Agreement analysis between 'default verify' and 'original correctness'."
    },
    "Simple verify no FSL": {
        "agreement_count": "4",
        "agreement_percentage": 44.44444444444444,
        "mcc": -0.15811388300841897,
        "accuracy": 0.4444444444444444,
        "precision": 0.6,
        "recall": 0.5,
        "f1_score": 0.5454545454545454,
        "balanced_accuracy": 0.41666666666666663,
        "description": "Agreement analysis between 'simple verify no fsl' and 'original correctness'."
    },
    "Complex verify no FSL": {
        "agreement_count": "6",
        "agreement_percentage": 66.66666666666666,
        "mcc": 0.1889822365046136,
        "accuracy": 0.6666666666666666,
        "precision": 0.7142857142857143,
        "recall": 0.8333333333333334,
        "f1_score": 0.7692307692307692,
        "balanced_accuracy": 0.5833333333333334,
        "description": "Agreement analysis between 'complex verify no fsl' and 'original correctness'."
    },
    "Default verify no FSL": {
        "agreement_count": "5",
        "agreement_percentage": 55.55555555555556,
        "mcc": 0.0,
        "accuracy": 0.5555555555555556,
        "precision": 0.6666666666666666,
        "recall": 0.6666666666666666,
        "f1_score": 0.6666666666666666,
        "balanced_accuracy": 0.5,
        "description": "Agreement analysis between 'default verify no fsl' and 'original correctness'."
    },
    "naive_correctness_vs_correctness_diff": {
        "description": "Analysis of cases where 'naive correctness' and 'Correctness' differ.",
        "count": 3,
        "original_agreement_count": "3",
        "original_agreement_percentage": 100.0
    },
    "naive_correctness_vs_correctness_same": {
        "description": "Analysis of cases where 'naive correctness' and 'Correctness' are the same.",
        "count": 6,
        "original_agreement_count": "1",
        "original_disagreement_count": "5"
    }
}