{
    "total_valid_rows": {
        "value": 97,
        "description": "Total number of valid rows after preprocessing and removing invalid entries."
    },
    "summary fsl": {
        "agreement_count": "46",
        "agreement_percentage": 47.42268041237113,
        "mcc": -0.05926139615403147,
        "accuracy": 0.4742268041237113,
        "precision": 0.45161290322580644,
        "recall": 0.2916666666666667,
        "f1_score": 0.35443037974683544,
        "balanced_accuracy": 0.47236394557823125,
        "description": "Agreement analysis between 'summary fsl' and 'original correctness'."
    },
    "naive correctness fsl": {
        "agreement_count": "47",
        "agreement_percentage": 48.45360824742268,
        "mcc": -0.04571305367078167,
        "accuracy": 0.4845360824742268,
        "precision": 0.45,
        "recall": 0.1875,
        "f1_score": 0.26470588235294124,
        "balanced_accuracy": 0.4815051020408163,
        "description": "Agreement analysis between 'naive correctness fsl' and 'original correctness'."
    },
    "simple tree": {
        "agreement_count": "63",
        "agreement_percentage": 64.94845360824742,
        "mcc": 0.30210292810169653,
        "accuracy": 0.6494845360824743,
        "precision": 0.6296296296296297,
        "recall": 0.7083333333333334,
        "f1_score": 0.6666666666666667,
        "balanced_accuracy": 0.6500850340136055,
        "description": "Agreement analysis between 'simple tree' and 'original correctness'."
    },
    "complex tree": {
        "agreement_count": "64",
        "agreement_percentage": 65.97938144329896,
        "mcc": 0.3239084687310224,
        "accuracy": 0.6597938144329897,
        "precision": 0.6363636363636364,
        "recall": 0.7291666666666666,
        "f1_score": 0.6796116504854369,
        "balanced_accuracy": 0.660501700680272,
        "description": "Agreement analysis between 'complex tree' and 'original correctness'."
    },
    "vanilla": {
        "agreement_count": "52",
        "agreement_percentage": 53.608247422680414,
        "mcc": 0.0715350665001922,
        "accuracy": 0.5360824742268041,
        "precision": 0.5384615384615384,
        "recall": 0.4375,
        "f1_score": 0.4827586206896552,
        "balanced_accuracy": 0.5350765306122449,
        "description": "Agreement analysis between 'vanilla' and 'original correctness'."
    },
    "vanilla_no_cot": {
        "agreement_count": "55",
        "agreement_percentage": 56.70103092783505,
        "mcc": 0.16404114720522334,
        "accuracy": 0.5670103092783505,
        "precision": 0.6666666666666666,
        "recall": 0.25,
        "f1_score": 0.36363636363636365,
        "balanced_accuracy": 0.5637755102040816,
        "description": "Agreement analysis between 'vanilla_no_cot' and 'original correctness'."
    },
    "summary": {
        "agreement_count": "50",
        "agreement_percentage": 51.546391752577314,
        "mcc": 0.031037414965986394,
        "accuracy": 0.5154639175257731,
        "precision": 0.5102040816326531,
        "recall": 0.5208333333333334,
        "f1_score": 0.5154639175257733,
        "balanced_accuracy": 0.5155187074829932,
        "description": "Agreement analysis between 'summary' and 'original correctness'."
    },
    "simple verify": {
        "agreement_count": "52",
        "agreement_percentage": 53.608247422680414,
        "mcc": 0.07339295985230052,
        "accuracy": 0.5360824742268041,
        "precision": 0.5483870967741935,
        "recall": 0.3541666666666667,
        "f1_score": 0.430379746835443,
        "balanced_accuracy": 0.5342261904761905,
        "description": "Agreement analysis between 'simple verify' and 'original correctness'."
    },
    "complex verify": {
        "agreement_count": "53",
        "agreement_percentage": 54.63917525773196,
        "mcc": 0.09934267233435962,
        "accuracy": 0.5463917525773195,
        "precision": 0.5769230769230769,
        "recall": 0.3125,
        "f1_score": 0.4054054054054054,
        "balanced_accuracy": 0.5440051020408163,
        "description": "Agreement analysis between 'complex verify' and 'original correctness'."
    },
    "summary verify": {
        "agreement_count": "53",
        "agreement_percentage": 54.63917525773196,
        "mcc": 0.09757557410579341,
        "accuracy": 0.5463917525773195,
        "precision": 0.5714285714285714,
        "recall": 0.3333333333333333,
        "f1_score": 0.4210526315789474,
        "balanced_accuracy": 0.5442176870748299,
        "description": "Agreement analysis between 'summary verify' and 'original correctness'."
    },
    "simple verify fsl": {
        "agreement_count": "49",
        "agreement_percentage": 50.51546391752577,
        "mcc": 0.005911470632874056,
        "accuracy": 0.5051546391752577,
        "precision": 0.5,
        "recall": 0.25,
        "f1_score": 0.3333333333333333,
        "balanced_accuracy": 0.5025510204081632,
        "description": "Agreement analysis between 'simple verify fsl' and 'original correctness'."
    },
    "complex verify fsl": {
        "agreement_count": "52",
        "agreement_percentage": 53.608247422680414,
        "mcc": 0.0784695597151006,
        "accuracy": 0.5360824742268041,
        "precision": 0.5652173913043478,
        "recall": 0.2708333333333333,
        "f1_score": 0.3661971830985915,
        "balanced_accuracy": 0.533375850340136,
        "description": "Agreement analysis between 'complex verify fsl' and 'original correctness'."
    },
    "summary verify fsl": {
        "agreement_count": "50",
        "agreement_percentage": 51.546391752577314,
        "mcc": 0.02925286692144434,
        "accuracy": 0.5154639175257731,
        "precision": 0.5172413793103449,
        "recall": 0.3125,
        "f1_score": 0.38961038961038963,
        "balanced_accuracy": 0.5133928571428572,
        "description": "Agreement analysis between 'summary verify fsl' and 'original correctness'."
    }
}