{
    "total_valid_rows": {
        "value": 30,
        "description": "Total number of valid rows after preprocessing and removing invalid entries."
    },
    "summary fsl": {
        "agreement_count": "17",
        "agreement_percentage": 56.666666666666664,
        "mcc": 0.1414213562373095,
        "accuracy": 0.5666666666666667,
        "precision": 0.6,
        "recall": 0.4,
        "f1_score": 0.48,
        "balanced_accuracy": 0.5666666666666667,
        "description": "Agreement analysis between 'summary fsl' and 'original correctness'."
    },
    "naive correctness fsl": {
        "agreement_count": "20",
        "agreement_percentage": 66.66666666666666,
        "mcc": 0.3458572319330373,
        "accuracy": 0.6666666666666666,
        "precision": 0.7272727272727273,
        "recall": 0.5333333333333333,
        "f1_score": 0.6153846153846153,
        "balanced_accuracy": 0.6666666666666667,
        "description": "Agreement analysis between 'naive correctness fsl' and 'original correctness'."
    },
    "simple tree": {
        "agreement_count": "18",
        "agreement_percentage": 60.0,
        "mcc": 0.3333333333333333,
        "accuracy": 0.6,
        "precision": 0.5555555555555556,
        "recall": 1.0,
        "f1_score": 0.7142857142857143,
        "balanced_accuracy": 0.6,
        "description": "Agreement analysis between 'simple tree' and 'original correctness'."
    },
    "complex tree": {
        "agreement_count": "14",
        "agreement_percentage": 46.666666666666664,
        "mcc": -0.1111111111111111,
        "accuracy": 0.4666666666666667,
        "precision": 0.48148148148148145,
        "recall": 0.8666666666666667,
        "f1_score": 0.6190476190476191,
        "balanced_accuracy": 0.4666666666666667,
        "description": "Agreement analysis between 'complex tree' and 'original correctness'."
    },
    "vanilla": {
        "agreement_count": "17",
        "agreement_percentage": 56.666666666666664,
        "mcc": 0.19611613513818404,
        "accuracy": 0.5666666666666667,
        "precision": 0.5384615384615384,
        "recall": 0.9333333333333333,
        "f1_score": 0.6829268292682926,
        "balanced_accuracy": 0.5666666666666667,
        "description": "Agreement analysis between 'vanilla' and 'original correctness'."
    },
    "summary": {
        "agreement_count": "15",
        "agreement_percentage": 50.0,
        "mcc": 0.0,
        "accuracy": 0.5,
        "precision": 0.5,
        "recall": 0.8666666666666667,
        "f1_score": 0.6341463414634146,
        "balanced_accuracy": 0.5,
        "description": "Agreement analysis between 'summary' and 'original correctness'."
    },
    "simple verify": {
        "agreement_count": "16",
        "agreement_percentage": 53.333333333333336,
        "mcc": 0.07881104062391008,
        "accuracy": 0.5333333333333333,
        "precision": 0.5217391304347826,
        "recall": 0.8,
        "f1_score": 0.6315789473684211,
        "balanced_accuracy": 0.5333333333333333,
        "description": "Agreement analysis between 'simple verify' and 'original correctness'."
    },
    "complex verify": {
        "agreement_count": "17",
        "agreement_percentage": 56.666666666666664,
        "mcc": 0.16666666666666666,
        "accuracy": 0.5666666666666667,
        "precision": 0.5416666666666666,
        "recall": 0.8666666666666667,
        "f1_score": 0.6666666666666667,
        "balanced_accuracy": 0.5666666666666667,
        "description": "Agreement analysis between 'complex verify' and 'original correctness'."
    },
    "summary verify": {
        "agreement_count": "15",
        "agreement_percentage": 50.0,
        "mcc": 0.0,
        "accuracy": 0.5,
        "precision": 0.5,
        "recall": 0.7333333333333333,
        "f1_score": 0.5945945945945945,
        "balanced_accuracy": 0.5,
        "description": "Agreement analysis between 'summary verify' and 'original correctness'."
    },
    "simple verify fsl": {
        "agreement_count": "18",
        "agreement_percentage": 60.0,
        "mcc": 0.2,
        "accuracy": 0.6,
        "precision": 0.6,
        "recall": 0.6,
        "f1_score": 0.6,
        "balanced_accuracy": 0.6,
        "description": "Agreement analysis between 'simple verify fsl' and 'original correctness'."
    },
    "complex verify fsl": {
        "agreement_count": "19",
        "agreement_percentage": 63.33333333333333,
        "mcc": 0.2672612419124244,
        "accuracy": 0.6333333333333333,
        "precision": 0.625,
        "recall": 0.6666666666666666,
        "f1_score": 0.6451612903225806,
        "balanced_accuracy": 0.6333333333333333,
        "description": "Agreement analysis between 'complex verify fsl' and 'original correctness'."
    },
    "summary verify fsl": {
        "agreement_count": "18",
        "agreement_percentage": 60.0,
        "mcc": 0.20180183819889375,
        "accuracy": 0.6,
        "precision": 0.5882352941176471,
        "recall": 0.6666666666666666,
        "f1_score": 0.625,
        "balanced_accuracy": 0.6,
        "description": "Agreement analysis between 'summary verify fsl' and 'original correctness'."
    }
}