{
    "total_valid_rows": {
        "value": 72,
        "description": "Total number of valid rows after preprocessing and removing invalid entries."
    },
    "summary fsl": {
        "agreement_count": "41",
        "agreement_percentage": 56.94444444444444,
        "mcc": 0.23242549051998873,
        "accuracy": 0.5694444444444444,
        "precision": 0.8333333333333334,
        "recall": 0.49019607843137253,
        "f1_score": 0.6172839506172839,
        "balanced_accuracy": 0.6260504201680672,
        "description": "Agreement analysis between 'summary fsl' and 'original correctness'."
    },
    "naive correctness fsl": {
        "agreement_count": "39",
        "agreement_percentage": 54.166666666666664,
        "mcc": 0.25928148942086576,
        "accuracy": 0.5416666666666666,
        "precision": 0.875,
        "recall": 0.4117647058823529,
        "f1_score": 0.56,
        "balanced_accuracy": 0.634453781512605,
        "description": "Agreement analysis between 'naive correctness fsl' and 'original correctness'."
    },
    "simple tree": {
        "agreement_count": "56",
        "agreement_percentage": 77.77777777777779,
        "mcc": 0.40826713979741247,
        "accuracy": 0.7777777777777778,
        "precision": 0.7692307692307693,
        "recall": 0.9803921568627451,
        "f1_score": 0.8620689655172413,
        "balanced_accuracy": 0.6330532212885154,
        "description": "Agreement analysis between 'simple tree' and 'original correctness'."
    },
    "complex tree": {
        "agreement_count": "47",
        "agreement_percentage": 65.27777777777779,
        "mcc": 0.04099600308453939,
        "accuracy": 0.6527777777777778,
        "precision": 0.7166666666666667,
        "recall": 0.8431372549019608,
        "f1_score": 0.7747747747747747,
        "balanced_accuracy": 0.5168067226890756,
        "description": "Agreement analysis between 'complex tree' and 'original correctness'."
    },
    "vanilla": {
        "agreement_count": "49",
        "agreement_percentage": 68.05555555555556,
        "mcc": 0.14798112899362906,
        "accuracy": 0.6805555555555556,
        "precision": 0.7413793103448276,
        "recall": 0.8431372549019608,
        "f1_score": 0.7889908256880734,
        "balanced_accuracy": 0.5644257703081232,
        "description": "Agreement analysis between 'vanilla' and 'original correctness'."
    },
    "summary": {
        "agreement_count": "52",
        "agreement_percentage": 72.22222222222221,
        "mcc": 0.21943699408049175,
        "accuracy": 0.7222222222222222,
        "precision": 0.746031746031746,
        "recall": 0.9215686274509803,
        "f1_score": 0.8245614035087719,
        "balanced_accuracy": 0.5798319327731092,
        "description": "Agreement analysis between 'summary' and 'original correctness'."
    },
    "simple verify": {
        "agreement_count": "47",
        "agreement_percentage": 65.27777777777779,
        "mcc": 0.12349309560582473,
        "accuracy": 0.6527777777777778,
        "precision": 0.7407407407407407,
        "recall": 0.7843137254901961,
        "f1_score": 0.7619047619047618,
        "balanced_accuracy": 0.5588235294117647,
        "description": "Agreement analysis between 'simple verify' and 'original correctness'."
    },
    "complex verify": {
        "agreement_count": "50",
        "agreement_percentage": 69.44444444444444,
        "mcc": 0.19750769080138778,
        "accuracy": 0.6944444444444444,
        "precision": 0.7543859649122807,
        "recall": 0.8431372549019608,
        "f1_score": 0.7962962962962964,
        "balanced_accuracy": 0.5882352941176471,
        "description": "Agreement analysis between 'complex verify' and 'original correctness'."
    },
    "summary verify": {
        "agreement_count": "47",
        "agreement_percentage": 65.27777777777779,
        "mcc": 0.12349309560582473,
        "accuracy": 0.6527777777777778,
        "precision": 0.7407407407407407,
        "recall": 0.7843137254901961,
        "f1_score": 0.7619047619047618,
        "balanced_accuracy": 0.5588235294117647,
        "description": "Agreement analysis between 'summary verify' and 'original correctness'."
    },
    "simple verify fsl": {
        "agreement_count": "41",
        "agreement_percentage": 56.94444444444444,
        "mcc": 0.20498001542269695,
        "accuracy": 0.5694444444444444,
        "precision": 0.8125,
        "recall": 0.5098039215686274,
        "f1_score": 0.6265060240963856,
        "balanced_accuracy": 0.6120448179271709,
        "description": "Agreement analysis between 'simple verify fsl' and 'original correctness'."
    },
    "complex verify fsl": {
        "agreement_count": "43",
        "agreement_percentage": 59.72222222222222,
        "mcc": 0.2138963159732493,
        "accuracy": 0.5972222222222222,
        "precision": 0.8055555555555556,
        "recall": 0.5686274509803921,
        "f1_score": 0.6666666666666667,
        "balanced_accuracy": 0.6176470588235294,
        "description": "Agreement analysis between 'complex verify fsl' and 'original correctness'."
    },
    "summary verify fsl": {
        "agreement_count": "36",
        "agreement_percentage": 50.0,
        "mcc": 0.03832908968626753,
        "accuracy": 0.5,
        "precision": 0.7272727272727273,
        "recall": 0.47058823529411764,
        "f1_score": 0.5714285714285714,
        "balanced_accuracy": 0.5210084033613445,
        "description": "Agreement analysis between 'summary verify fsl' and 'original correctness'."
    }
}