{
    "total_valid_rows": {
        "value": 22,
        "description": "Total number of valid rows after preprocessing and removing invalid entries."
    },
    "summary fsl": {
        "agreement_count": "8",
        "agreement_percentage": 36.36363636363637,
        "mcc": 0,
        "accuracy": 0.36363636363636365,
        "precision": 0,
        "recall": 0.0,
        "f1_score": 0,
        "balanced_accuracy": 0.5,
        "description": "Agreement analysis between 'summary fsl' and 'original correctness'."
    },
    "naive correctness fsl": {
        "agreement_count": "7",
        "agreement_percentage": 31.818181818181817,
        "mcc": -0.28867513459481287,
        "accuracy": 0.3181818181818182,
        "precision": 0.0,
        "recall": 0.0,
        "f1_score": 0,
        "balanced_accuracy": 0.4375,
        "description": "Agreement analysis between 'naive correctness fsl' and 'original correctness'."
    },
    "simple tree": {
        "agreement_count": "12",
        "agreement_percentage": 54.54545454545454,
        "mcc": -0.11135885079684349,
        "accuracy": 0.5454545454545454,
        "precision": 0.6111111111111112,
        "recall": 0.7857142857142857,
        "f1_score": 0.6875000000000001,
        "balanced_accuracy": 0.45535714285714285,
        "description": "Agreement analysis between 'simple tree' and 'original correctness'."
    },
    "complex tree": {
        "agreement_count": "11",
        "agreement_percentage": 50.0,
        "mcc": -0.30037570459305535,
        "accuracy": 0.5,
        "precision": 0.5789473684210527,
        "recall": 0.7857142857142857,
        "f1_score": 0.6666666666666667,
        "balanced_accuracy": 0.39285714285714285,
        "description": "Agreement analysis between 'complex tree' and 'original correctness'."
    },
    "vanilla": {
        "agreement_count": "11",
        "agreement_percentage": 50.0,
        "mcc": -0.18448201388042726,
        "accuracy": 0.5,
        "precision": 0.5882352941176471,
        "recall": 0.7142857142857143,
        "f1_score": 0.6451612903225806,
        "balanced_accuracy": 0.41964285714285715,
        "description": "Agreement analysis between 'vanilla' and 'original correctness'."
    },
    "vanilla_no_cot": {
        "agreement_count": "7",
        "agreement_percentage": 31.818181818181817,
        "mcc": -0.295084445425327,
        "accuracy": 0.3181818181818182,
        "precision": 0.42857142857142855,
        "recall": 0.21428571428571427,
        "f1_score": 0.2857142857142857,
        "balanced_accuracy": 0.35714285714285715,
        "description": "Agreement analysis between 'vanilla_no_cot' and 'original correctness'."
    },
    "summary": {
        "agreement_count": "11",
        "agreement_percentage": 50.0,
        "mcc": -0.11065666703449763,
        "accuracy": 0.5,
        "precision": 0.6,
        "recall": 0.6428571428571429,
        "f1_score": 0.6206896551724138,
        "balanced_accuracy": 0.44642857142857145,
        "description": "Agreement analysis between 'summary' and 'original correctness'."
    },
    "simple verify": {
        "agreement_count": "10",
        "agreement_percentage": 45.45454545454545,
        "mcc": -0.12076147288491199,
        "accuracy": 0.45454545454545453,
        "precision": 0.5833333333333334,
        "recall": 0.5,
        "f1_score": 0.5384615384615384,
        "balanced_accuracy": 0.4375,
        "description": "Agreement analysis between 'simple verify' and 'original correctness'."
    },
    "complex verify": {
        "agreement_count": "10",
        "agreement_percentage": 45.45454545454545,
        "mcc": -0.17857142857142858,
        "accuracy": 0.45454545454545453,
        "precision": 0.5714285714285714,
        "recall": 0.5714285714285714,
        "f1_score": 0.5714285714285714,
        "balanced_accuracy": 0.4107142857142857,
        "description": "Agreement analysis between 'complex verify' and 'original correctness'."
    },
    "summary verify": {
        "agreement_count": "15",
        "agreement_percentage": 68.18181818181817,
        "mcc": 0.295084445425327,
        "accuracy": 0.6818181818181818,
        "precision": 0.7333333333333333,
        "recall": 0.7857142857142857,
        "f1_score": 0.7586206896551724,
        "balanced_accuracy": 0.6428571428571428,
        "description": "Agreement analysis between 'summary verify' and 'original correctness'."
    },
    "simple verify fsl": {
        "agreement_count": "8",
        "agreement_percentage": 36.36363636363637,
        "mcc": -0.21428571428571427,
        "accuracy": 0.36363636363636365,
        "precision": 0.5,
        "recall": 0.2857142857142857,
        "f1_score": 0.36363636363636365,
        "balanced_accuracy": 0.39285714285714285,
        "description": "Agreement analysis between 'simple verify fsl' and 'original correctness'."
    },
    "complex verify fsl": {
        "agreement_count": "9",
        "agreement_percentage": 40.909090909090914,
        "mcc": -0.13977131156292244,
        "accuracy": 0.4090909090909091,
        "precision": 0.5555555555555556,
        "recall": 0.35714285714285715,
        "f1_score": 0.43478260869565216,
        "balanced_accuracy": 0.4285714285714286,
        "description": "Agreement analysis between 'complex verify fsl' and 'original correctness'."
    },
    "summary verify fsl": {
        "agreement_count": "10",
        "agreement_percentage": 45.45454545454545,
        "mcc": -0.017857142857142856,
        "accuracy": 0.45454545454545453,
        "precision": 0.625,
        "recall": 0.35714285714285715,
        "f1_score": 0.45454545454545453,
        "balanced_accuracy": 0.4910714285714286,
        "description": "Agreement analysis between 'summary verify fsl' and 'original correctness'."
    }
}