{
    "total_valid_rows": {
        "value": 20,
        "description": "Total number of valid rows after preprocessing and removing invalid entries."
    },
    "summary fsl": {
        "agreement_count": "13",
        "agreement_percentage": 65.0,
        "mcc": 0.2058790548922549,
        "accuracy": 0.65,
        "precision": 0.7692307692307693,
        "recall": 0.7142857142857143,
        "f1_score": 0.7407407407407408,
        "balanced_accuracy": 0.6071428571428572,
        "description": "Agreement analysis between 'summary fsl' and 'original correctness'."
    },
    "naive correctness fsl": {
        "agreement_count": "8",
        "agreement_percentage": 40.0,
        "mcc": -0.1336306209562122,
        "accuracy": 0.4,
        "precision": 0.625,
        "recall": 0.35714285714285715,
        "f1_score": 0.45454545454545453,
        "balanced_accuracy": 0.4285714285714286,
        "description": "Agreement analysis between 'naive correctness fsl' and 'original correctness'."
    },
    "simple tree": {
        "agreement_count": "15",
        "agreement_percentage": 75.0,
        "mcc": 0.37796447300922725,
        "accuracy": 0.75,
        "precision": 0.8,
        "recall": 0.8571428571428571,
        "f1_score": 0.8275862068965518,
        "balanced_accuracy": 0.6785714285714286,
        "description": "Agreement analysis between 'simple tree' and 'original correctness'."
    },
    "complex tree": {
        "agreement_count": "14",
        "agreement_percentage": 70.0,
        "mcc": 0.2857142857142857,
        "accuracy": 0.7,
        "precision": 0.7857142857142857,
        "recall": 0.7857142857142857,
        "f1_score": 0.7857142857142857,
        "balanced_accuracy": 0.6428571428571428,
        "description": "Agreement analysis between 'complex tree' and 'original correctness'."
    },
    "vanilla": {
        "agreement_count": "8",
        "agreement_percentage": 40.0,
        "mcc": -0.1336306209562122,
        "accuracy": 0.4,
        "precision": 0.625,
        "recall": 0.35714285714285715,
        "f1_score": 0.45454545454545453,
        "balanced_accuracy": 0.4285714285714286,
        "description": "Agreement analysis between 'vanilla' and 'original correctness'."
    },
    "vanilla_no_cot": {
        "agreement_count": "7",
        "agreement_percentage": 35.0,
        "mcc": -0.28511240114923325,
        "accuracy": 0.35,
        "precision": 0.5555555555555556,
        "recall": 0.35714285714285715,
        "f1_score": 0.43478260869565216,
        "balanced_accuracy": 0.34523809523809523,
        "description": "Agreement analysis between 'vanilla_no_cot' and 'original correctness'."
    },
    "summary": {
        "agreement_count": "14",
        "agreement_percentage": 70.0,
        "mcc": 0.2182178902359924,
        "accuracy": 0.7,
        "precision": 0.75,
        "recall": 0.8571428571428571,
        "f1_score": 0.7999999999999999,
        "balanced_accuracy": 0.5952380952380952,
        "description": "Agreement analysis between 'summary' and 'original correctness'."
    },
    "simple verify": {
        "agreement_count": "8",
        "agreement_percentage": 40.0,
        "mcc": -0.1336306209562122,
        "accuracy": 0.4,
        "precision": 0.625,
        "recall": 0.35714285714285715,
        "f1_score": 0.45454545454545453,
        "balanced_accuracy": 0.4285714285714286,
        "description": "Agreement analysis between 'simple verify' and 'original correctness'."
    },
    "complex verify": {
        "agreement_count": "7",
        "agreement_percentage": 35.0,
        "mcc": -0.28511240114923325,
        "accuracy": 0.35,
        "precision": 0.5555555555555556,
        "recall": 0.35714285714285715,
        "f1_score": 0.43478260869565216,
        "balanced_accuracy": 0.34523809523809523,
        "description": "Agreement analysis between 'complex verify' and 'original correctness'."
    },
    "summary verify": {
        "agreement_count": "9",
        "agreement_percentage": 45.0,
        "mcc": -0.15352206215727945,
        "accuracy": 0.45,
        "precision": 0.6363636363636364,
        "recall": 0.5,
        "f1_score": 0.56,
        "balanced_accuracy": 0.41666666666666663,
        "description": "Agreement analysis between 'summary verify' and 'original correctness'."
    },
    "simple verify fsl": {
        "agreement_count": "8",
        "agreement_percentage": 40.0,
        "mcc": -0.1336306209562122,
        "accuracy": 0.4,
        "precision": 0.625,
        "recall": 0.35714285714285715,
        "f1_score": 0.45454545454545453,
        "balanced_accuracy": 0.4285714285714286,
        "description": "Agreement analysis between 'simple verify fsl' and 'original correctness'."
    },
    "complex verify fsl": {
        "agreement_count": "9",
        "agreement_percentage": 45.0,
        "mcc": -0.0657951694959769,
        "accuracy": 0.45,
        "precision": 0.6666666666666666,
        "recall": 0.42857142857142855,
        "f1_score": 0.5217391304347826,
        "balanced_accuracy": 0.4642857142857143,
        "description": "Agreement analysis between 'complex verify fsl' and 'original correctness'."
    },
    "summary verify fsl": {
        "agreement_count": "11",
        "agreement_percentage": 55.00000000000001,
        "mcc": 0.15352206215727945,
        "accuracy": 0.55,
        "precision": 0.7777777777777778,
        "recall": 0.5,
        "f1_score": 0.6086956521739131,
        "balanced_accuracy": 0.5833333333333333,
        "description": "Agreement analysis between 'summary verify fsl' and 'original correctness'."
    }
}