{
    "total_valid_rows": {
        "value": 50,
        "description": "Total number of valid rows after preprocessing and removing invalid entries."
    },
    "summary fsl": {
        "agreement_count": "18",
        "agreement_percentage": 36.0,
        "mcc": 0.1653953539259914,
        "accuracy": 0.36,
        "precision": 1.0,
        "recall": 0.08571428571428572,
        "f1_score": 0.15789473684210528,
        "balanced_accuracy": 0.5428571428571428,
        "description": "Agreement analysis between 'summary fsl' and 'original correctness'."
    },
    "naive correctness fsl": {
        "agreement_count": "19",
        "agreement_percentage": 38.0,
        "mcc": 0.19304683562633607,
        "accuracy": 0.38,
        "precision": 1.0,
        "recall": 0.11428571428571428,
        "f1_score": 0.20512820512820512,
        "balanced_accuracy": 0.5571428571428572,
        "description": "Agreement analysis between 'naive correctness fsl' and 'original correctness'."
    },
    "simple tree": {
        "agreement_count": "32",
        "agreement_percentage": 64.0,
        "mcc": 0.07374961314478495,
        "accuracy": 0.64,
        "precision": 0.717948717948718,
        "recall": 0.8,
        "f1_score": 0.7567567567567569,
        "balanced_accuracy": 0.5333333333333333,
        "description": "Agreement analysis between 'simple tree' and 'original correctness'."
    },
    "complex tree": {
        "agreement_count": "34",
        "agreement_percentage": 68.0,
        "mcc": 0.20894746626614946,
        "accuracy": 0.68,
        "precision": 0.7567567567567568,
        "recall": 0.8,
        "f1_score": 0.7777777777777778,
        "balanced_accuracy": 0.6000000000000001,
        "description": "Agreement analysis between 'complex tree' and 'original correctness'."
    },
    "vanilla": {
        "agreement_count": "28",
        "agreement_percentage": 56.00000000000001,
        "mcc": -0.08954891411406404,
        "accuracy": 0.56,
        "precision": 0.6756756756756757,
        "recall": 0.7142857142857143,
        "f1_score": 0.6944444444444444,
        "balanced_accuracy": 0.4571428571428572,
        "description": "Agreement analysis between 'vanilla' and 'original correctness'."
    },
    "vanilla_no_cot": {
        "agreement_count": "26",
        "agreement_percentage": 52.0,
        "mcc": 0.15285569591066622,
        "accuracy": 0.52,
        "precision": 0.7894736842105263,
        "recall": 0.42857142857142855,
        "f1_score": 0.5555555555555555,
        "balanced_accuracy": 0.5809523809523809,
        "description": "Agreement analysis between 'vanilla_no_cot' and 'original correctness'."
    },
    "summary": {
        "agreement_count": "28",
        "agreement_percentage": 56.00000000000001,
        "mcc": -0.08954891411406404,
        "accuracy": 0.56,
        "precision": 0.6756756756756757,
        "recall": 0.7142857142857143,
        "f1_score": 0.6944444444444444,
        "balanced_accuracy": 0.4571428571428572,
        "description": "Agreement analysis between 'summary' and 'original correctness'."
    },
    "simple verify": {
        "agreement_count": "32",
        "agreement_percentage": 64.0,
        "mcc": 0.03407990882954985,
        "accuracy": 0.64,
        "precision": 0.7073170731707317,
        "recall": 0.8285714285714286,
        "f1_score": 0.7631578947368421,
        "balanced_accuracy": 0.5142857142857143,
        "description": "Agreement analysis between 'simple verify' and 'original correctness'."
    },
    "complex verify": {
        "agreement_count": "32",
        "agreement_percentage": 64.0,
        "mcc": 0.03407990882954985,
        "accuracy": 0.64,
        "precision": 0.7073170731707317,
        "recall": 0.8285714285714286,
        "f1_score": 0.7631578947368421,
        "balanced_accuracy": 0.5142857142857143,
        "description": "Agreement analysis between 'complex verify' and 'original correctness'."
    },
    "summary verify": {
        "agreement_count": "25",
        "agreement_percentage": 50.0,
        "mcc": -0.05275349613399974,
        "accuracy": 0.5,
        "precision": 0.6785714285714286,
        "recall": 0.5428571428571428,
        "f1_score": 0.603174603174603,
        "balanced_accuracy": 0.4714285714285714,
        "description": "Agreement analysis between 'summary verify' and 'original correctness'."
    },
    "simple verify fsl": {
        "agreement_count": "32",
        "agreement_percentage": 64.0,
        "mcc": 0.38023331150539186,
        "accuracy": 0.64,
        "precision": 0.9047619047619048,
        "recall": 0.5428571428571428,
        "f1_score": 0.6785714285714285,
        "balanced_accuracy": 0.7047619047619047,
        "description": "Agreement analysis between 'simple verify fsl' and 'original correctness'."
    },
    "complex verify fsl": {
        "agreement_count": "27",
        "agreement_percentage": 54.0,
        "mcc": 0.14067598969066597,
        "accuracy": 0.54,
        "precision": 0.7727272727272727,
        "recall": 0.4857142857142857,
        "f1_score": 0.5964912280701754,
        "balanced_accuracy": 0.5761904761904761,
        "description": "Agreement analysis between 'complex verify fsl' and 'original correctness'."
    },
    "summary verify fsl": {
        "agreement_count": "25",
        "agreement_percentage": 50.0,
        "mcc": 0.1272937693043289,
        "accuracy": 0.5,
        "precision": 0.7777777777777778,
        "recall": 0.4,
        "f1_score": 0.5283018867924528,
        "balanced_accuracy": 0.5666666666666667,
        "description": "Agreement analysis between 'summary verify fsl' and 'original correctness'."
    }
}