{
    "total_valid_rows": {
        "value": 309,
        "description": "Total number of valid rows after preprocessing and removing invalid entries."
    },
    "tester": {
        "agreement_count": "173",
        "agreement_percentage": 55.98705501618123,
        "mcc": 0.20169124669136962,
        "accuracy": 0.5598705501618123,
        "precision": 1.0,
        "recall": 0.07482993197278912,
        "f1_score": 0.13924050632911392,
        "balanced_accuracy": 0.5374149659863946,
        "description": "Agreement analysis between 'tester' and 'original correctness'."
    }
}