{
    "total_valid_rows": {
        "value": 315,
        "description": "Total number of valid rows after preprocessing and removing invalid entries."
    },
    "tester": {
        "agreement_count": "176",
        "agreement_percentage": 55.87301587301587,
        "mcc": 0.14630041553401996,
        "accuracy": 0.5587301587301587,
        "precision": 0.8888888888888888,
        "recall": 0.0547945205479452,
        "f1_score": 0.1032258064516129,
        "balanced_accuracy": 0.5244386803923158,
        "description": "Agreement analysis between 'tester' and 'original correctness'."
    }
}