{
    "total_valid_rows": {
        "value": 52,
        "description": "Total number of valid rows after preprocessing and removing invalid entries."
    },
    "Function summary": {
        "agreement_count": "29",
        "agreement_percentage": 55.769230769230774,
        "mcc": 0.11086842182728869,
        "accuracy": 0.5576923076923077,
        "precision": 0.5454545454545454,
        "recall": 0.48,
        "f1_score": 0.5106382978723404,
        "balanced_accuracy": 0.5548148148148149,
        "description": "Agreement analysis between 'Correctness' and 'original correctness'."
    },
    "Naive": {
        "agreement_count": "33",
        "agreement_percentage": 63.46153846153846,
        "mcc": 0.28368816544899667,
        "accuracy": 0.6346153846153846,
        "precision": 0.7142857142857143,
        "recall": 0.4,
        "f1_score": 0.5128205128205129,
        "balanced_accuracy": 0.625925925925926,
        "description": "Agreement analysis between 'naive correctness' and 'original correctness'."
    },
    "Complex tree": {
        "agreement_count": "30",
        "agreement_percentage": 57.692307692307686,
        "mcc": 0.18788818120175085,
        "accuracy": 0.5769230769230769,
        "precision": 0.5405405405405406,
        "recall": 0.8,
        "f1_score": 0.6451612903225806,
        "balanced_accuracy": 0.5851851851851853,
        "description": "Agreement analysis between 'annotated correctness' and 'original correctness'."
    },
    "Simple tree": {
        "agreement_count": "23",
        "agreement_percentage": 44.230769230769226,
        "mcc": -0.12309149097933274,
        "accuracy": 0.4423076923076923,
        "precision": 0.45454545454545453,
        "recall": 0.8,
        "f1_score": 0.5797101449275363,
        "balanced_accuracy": 0.4555555555555556,
        "description": "Agreement analysis between 'annotated correctness simple' and 'original correctness'."
    },
    "Naive No FSL": {
        "agreement_count": "30",
        "agreement_percentage": 57.692307692307686,
        "mcc": 0.14934573132646875,
        "accuracy": 0.5769230769230769,
        "precision": 0.5714285714285714,
        "recall": 0.48,
        "f1_score": 0.5217391304347826,
        "balanced_accuracy": 0.5733333333333333,
        "description": "Agreement analysis between 'naive no fsl correctness' and 'original correctness'."
    },
    "naive_correctness_vs_correctness_diff": {
        "description": "Analysis of cases where 'naive correctness' and 'Correctness' differ.",
        "count": 20,
        "original_agreement_count": "12",
        "original_agreement_percentage": 60.0
    },
    "naive_correctness_vs_correctness_same": {
        "description": "Analysis of cases where 'naive correctness' and 'Correctness' are the same.",
        "count": 32,
        "original_agreement_count": "21",
        "original_disagreement_count": "11"
    }
}