{
    "total_valid_rows": {
        "value": 70,
        "description": "Total number of valid rows after preprocessing and removing invalid entries."
    },
    "vanilla": {
        "agreement_count": "45",
        "agreement_percentage": 64.28571428571429,
        "mcc": 0.28231491508713924,
        "accuracy": 0.6428571428571429,
        "precision": 0.625,
        "recall": 0.6060606060606061,
        "f1_score": 0.6153846153846154,
        "balanced_accuracy": 0.6408681408681409,
        "description": "Agreement analysis between 'vanilla' and 'original correctness'."
    }
}