{
    "hoareprompt": {
        "Agreement Count": 1064,
        "Balanced Accuracy": 0.5772944560780083,
        "True Positive Rate (TPR)": 0.7004357298474946,
        "False Negative Rate (FNR)": 0.2995642701525055,
        "False Positive Rate (FPR)": 0.5458468176914779,
        "MCC": 0.15946850198779786
    },
    "0 shot COT": {
        "Agreement Count": 1001,
        "Balanced Accuracy": 0.542647587621888,
        "True Positive Rate (TPR)": 0.5631808278867102,
        "False Negative Rate (FNR)": 0.43681917211328974,
        "False Positive Rate (FPR)": 0.4778856526429342,
        "MCC": 0.08536472028721556
    },
    "vanilla_no_cot": {
        "Agreement Count": 964,
        "Balanced Accuracy": 0.520892823148677,
        "True Positive Rate (TPR)": 0.19281045751633988,
        "False Negative Rate (FNR)": 0.8071895424836601,
        "False Positive Rate (FPR)": 0.15102481121898598,
        "MCC": 0.05538562019727005
    },
    "hoareprompt_no_unroll": {
        "Agreement Count": 1041,
        "Balanced Accuracy": 0.5582348922898582,
        "True Positive Rate (TPR)": 0.6663090128755365,
        "False Negative Rate (FNR)": 0.33369098712446355,
        "False Positive Rate (FPR)": 0.5498392282958199,
        "MCC": 0.11928802123261478
    },
    "tester": {
        "Agreement Count": 1002,
        "Balanced Accuracy": 0.5190661811493072,
        "True Positive Rate (TPR)": 0.05056759545923633,
        "False Negative Rate (FNR) / Miss Rate": 0.9494324045407637,
        "False Positive Rate (FPR)": 0.012435233160621761,
        "MCC": 0.10909012757567073
    }
}