{
    "total_valid_rows": {
        "value": 70,
        "description": "Total number of valid rows after preprocessing and removing invalid entries."
    },
    "vanilla": {
        "agreement_count": "43",
        "agreement_percentage": 61.42857142857143,
        "mcc": 0.22740303416496901,
        "accuracy": 0.6142857142857143,
        "precision": 0.6060606060606061,
        "recall": 0.5882352941176471,
        "f1_score": 0.5970149253731343,
        "balanced_accuracy": 0.613562091503268,
        "description": "Agreement analysis between 'vanilla' and 'original correctness'."
    }
}