{
    "total_valid_rows": {
        "value": 97,
        "description": "Total number of valid rows after preprocessing and removing invalid entries."
    },
    "summary fsl": {
        "agreement_count": "44",
        "agreement_percentage": 45.36082474226804,
        "mcc": -0.01932576802038727,
        "accuracy": 0.4536082474226804,
        "precision": 0.5,
        "recall": 0.03773584905660377,
        "f1_score": 0.07017543859649122,
        "balanced_accuracy": 0.4961406518010292,
        "description": "Agreement analysis between 'summary fsl' and 'original correctness'."
    },
    "naive correctness fsl": {
        "agreement_count": "43",
        "agreement_percentage": 44.329896907216494,
        "mcc": -0.06855121550773145,
        "accuracy": 0.44329896907216493,
        "precision": 0.4,
        "recall": 0.03773584905660377,
        "f1_score": 0.06896551724137931,
        "balanced_accuracy": 0.48477701543739277,
        "description": "Agreement analysis between 'naive correctness fsl' and 'original correctness'."
    },
    "simple tree": {
        "agreement_count": "48",
        "agreement_percentage": 49.48453608247423,
        "mcc": -0.0522276270628559,
        "accuracy": 0.4948453608247423,
        "precision": 0.5294117647058824,
        "recall": 0.6792452830188679,
        "f1_score": 0.5950413223140496,
        "balanced_accuracy": 0.4759862778730703,
        "description": "Agreement analysis between 'simple tree' and 'original correctness'."
    },
    "complex tree": {
        "agreement_count": "55",
        "agreement_percentage": 56.70103092783505,
        "mcc": 0.1144509292500118,
        "accuracy": 0.5670103092783505,
        "precision": 0.5901639344262295,
        "recall": 0.6792452830188679,
        "f1_score": 0.631578947368421,
        "balanced_accuracy": 0.5555317324185248,
        "description": "Agreement analysis between 'complex tree' and 'original correctness'."
    },
    "vanilla": {
        "agreement_count": "49",
        "agreement_percentage": 50.51546391752577,
        "mcc": -0.006071504750199104,
        "accuracy": 0.5051546391752577,
        "precision": 0.543859649122807,
        "recall": 0.5849056603773585,
        "f1_score": 0.5636363636363636,
        "balanced_accuracy": 0.49699828473413377,
        "description": "Agreement analysis between 'vanilla' and 'original correctness'."
    },
    "vanilla_no_cot": {
        "agreement_count": "42",
        "agreement_percentage": 43.29896907216495,
        "mcc": -0.09721201177019194,
        "accuracy": 0.4329896907216495,
        "precision": 0.4375,
        "recall": 0.1320754716981132,
        "f1_score": 0.2028985507246377,
        "balanced_accuracy": 0.4637650085763293,
        "description": "Agreement analysis between 'vanilla_no_cot' and 'original correctness'."
    },
    "summary": {
        "agreement_count": "51",
        "agreement_percentage": 52.57731958762887,
        "mcc": 0.032363064780954715,
        "accuracy": 0.5257731958762887,
        "precision": 0.559322033898305,
        "recall": 0.6226415094339622,
        "f1_score": 0.5892857142857142,
        "balanced_accuracy": 0.5158662092624356,
        "description": "Agreement analysis between 'summary' and 'original correctness'."
    },
    "simple verify": {
        "agreement_count": "46",
        "agreement_percentage": 47.42268041237113,
        "mcc": -0.050811735609998604,
        "accuracy": 0.4742268041237113,
        "precision": 0.5208333333333334,
        "recall": 0.4716981132075472,
        "f1_score": 0.49504950495049505,
        "balanced_accuracy": 0.47448542024013723,
        "description": "Agreement analysis between 'simple verify' and 'original correctness'."
    },
    "complex verify": {
        "agreement_count": "46",
        "agreement_percentage": 47.42268041237113,
        "mcc": -0.050811735609998604,
        "accuracy": 0.4742268041237113,
        "precision": 0.5208333333333334,
        "recall": 0.4716981132075472,
        "f1_score": 0.49504950495049505,
        "balanced_accuracy": 0.47448542024013723,
        "description": "Agreement analysis between 'complex verify' and 'original correctness'."
    },
    "summary verify": {
        "agreement_count": "45",
        "agreement_percentage": 46.391752577319586,
        "mcc": -0.06592475418230805,
        "accuracy": 0.4639175257731959,
        "precision": 0.5111111111111111,
        "recall": 0.4339622641509434,
        "f1_score": 0.46938775510204084,
        "balanced_accuracy": 0.4669811320754717,
        "description": "Agreement analysis between 'summary verify' and 'original correctness'."
    },
    "simple verify fsl": {
        "agreement_count": "43",
        "agreement_percentage": 44.329896907216494,
        "mcc": -0.0975298250098832,
        "accuracy": 0.44329896907216493,
        "precision": 0.48717948717948717,
        "recall": 0.3584905660377358,
        "f1_score": 0.41304347826086957,
        "balanced_accuracy": 0.4519725557461406,
        "description": "Agreement analysis between 'simple verify fsl' and 'original correctness'."
    },
    "complex verify fsl": {
        "agreement_count": "48",
        "agreement_percentage": 49.48453608247423,
        "mcc": -0.0017152658662092624,
        "accuracy": 0.4948453608247423,
        "precision": 0.5454545454545454,
        "recall": 0.4528301886792453,
        "f1_score": 0.49484536082474223,
        "balanced_accuracy": 0.49914236706689535,
        "description": "Agreement analysis between 'complex verify fsl' and 'original correctness'."
    },
    "summary verify fsl": {
        "agreement_count": "57",
        "agreement_percentage": 58.76288659793815,
        "mcc": 0.21026500641831383,
        "accuracy": 0.5876288659793815,
        "precision": 0.6857142857142857,
        "recall": 0.4528301886792453,
        "f1_score": 0.5454545454545454,
        "balanced_accuracy": 0.6014150943396226,
        "description": "Agreement analysis between 'summary verify fsl' and 'original correctness'."
    }
}