{
    "total_valid_rows": {
        "value": 88,
        "description": "Total number of valid rows after preprocessing and removing invalid entries."
    },
    "summary fsl": {
        "agreement_count": "42",
        "agreement_percentage": 47.72727272727273,
        "mcc": -0.006938925214578718,
        "accuracy": 0.4772727272727273,
        "precision": 0.5,
        "recall": 0.021739130434782608,
        "f1_score": 0.041666666666666664,
        "balanced_accuracy": 0.4989648033126294,
        "description": "Agreement analysis between 'summary fsl' and 'original correctness'."
    },
    "naive correctness fsl": {
        "agreement_count": "46",
        "agreement_percentage": 52.27272727272727,
        "mcc": 0.16821229479875446,
        "accuracy": 0.5227272727272727,
        "precision": 0.8333333333333334,
        "recall": 0.10869565217391304,
        "f1_score": 0.1923076923076923,
        "balanced_accuracy": 0.5424430641821946,
        "description": "Agreement analysis between 'naive correctness fsl' and 'original correctness'."
    },
    "simple tree": {
        "agreement_count": "57",
        "agreement_percentage": 64.77272727272727,
        "mcc": 0.2968710487371993,
        "accuracy": 0.6477272727272727,
        "precision": 0.6744186046511628,
        "recall": 0.6304347826086957,
        "f1_score": 0.651685393258427,
        "balanced_accuracy": 0.6485507246376812,
        "description": "Agreement analysis between 'simple tree' and 'original correctness'."
    },
    "complex tree": {
        "agreement_count": "56",
        "agreement_percentage": 63.63636363636363,
        "mcc": 0.2782983390059016,
        "accuracy": 0.6363636363636364,
        "precision": 0.675,
        "recall": 0.5869565217391305,
        "f1_score": 0.627906976744186,
        "balanced_accuracy": 0.6387163561076605,
        "description": "Agreement analysis between 'complex tree' and 'original correctness'."
    },
    "vanilla": {
        "agreement_count": "55",
        "agreement_percentage": 62.5,
        "mcc": 0.2461559844707036,
        "accuracy": 0.625,
        "precision": 0.6226415094339622,
        "recall": 0.717391304347826,
        "f1_score": 0.6666666666666666,
        "balanced_accuracy": 0.620600414078675,
        "description": "Agreement analysis between 'vanilla' and 'original correctness'."
    },
    "vanilla_no_cot": {
        "agreement_count": "54",
        "agreement_percentage": 61.36363636363637,
        "mcc": 0.2786391062876764,
        "accuracy": 0.6136363636363636,
        "precision": 0.75,
        "recall": 0.391304347826087,
        "f1_score": 0.5142857142857143,
        "balanced_accuracy": 0.6242236024844721,
        "description": "Agreement analysis between 'vanilla_no_cot' and 'original correctness'."
    },
    "summary": {
        "agreement_count": "49",
        "agreement_percentage": 55.68181818181818,
        "mcc": 0.12923301908921092,
        "accuracy": 0.5568181818181818,
        "precision": 0.6060606060606061,
        "recall": 0.43478260869565216,
        "f1_score": 0.5063291139240507,
        "balanced_accuracy": 0.5626293995859213,
        "description": "Agreement analysis between 'summary' and 'original correctness'."
    },
    "simple verify": {
        "agreement_count": "50",
        "agreement_percentage": 56.81818181818182,
        "mcc": 0.1440551272924644,
        "accuracy": 0.5681818181818182,
        "precision": 0.6052631578947368,
        "recall": 0.5,
        "f1_score": 0.5476190476190477,
        "balanced_accuracy": 0.5714285714285714,
        "description": "Agreement analysis between 'simple verify' and 'original correctness'."
    },
    "complex verify": {
        "agreement_count": "50",
        "agreement_percentage": 56.81818181818182,
        "mcc": 0.14122602277911425,
        "accuracy": 0.5681818181818182,
        "precision": 0.6,
        "recall": 0.5217391304347826,
        "f1_score": 0.5581395348837209,
        "balanced_accuracy": 0.5703933747412009,
        "description": "Agreement analysis between 'complex verify' and 'original correctness'."
    },
    "summary verify": {
        "agreement_count": "55",
        "agreement_percentage": 62.5,
        "mcc": 0.2608193640453327,
        "accuracy": 0.625,
        "precision": 0.6756756756756757,
        "recall": 0.5434782608695652,
        "f1_score": 0.6024096385542168,
        "balanced_accuracy": 0.6288819875776397,
        "description": "Agreement analysis between 'summary verify' and 'original correctness'."
    },
    "simple verify fsl": {
        "agreement_count": "50",
        "agreement_percentage": 56.81818181818182,
        "mcc": 0.19247821337312487,
        "accuracy": 0.5681818181818182,
        "precision": 0.7,
        "recall": 0.30434782608695654,
        "f1_score": 0.42424242424242425,
        "balanced_accuracy": 0.5807453416149069,
        "description": "Agreement analysis between 'simple verify fsl' and 'original correctness'."
    },
    "complex verify fsl": {
        "agreement_count": "50",
        "agreement_percentage": 56.81818181818182,
        "mcc": 0.2144964840292623,
        "accuracy": 0.5681818181818182,
        "precision": 0.75,
        "recall": 0.2608695652173913,
        "f1_score": 0.3870967741935483,
        "balanced_accuracy": 0.582815734989648,
        "description": "Agreement analysis between 'complex verify fsl' and 'original correctness'."
    },
    "summary verify fsl": {
        "agreement_count": "44",
        "agreement_percentage": 50.0,
        "mcc": 0.023219925523973034,
        "accuracy": 0.5,
        "precision": 0.5416666666666666,
        "recall": 0.2826086956521739,
        "f1_score": 0.3714285714285714,
        "balanced_accuracy": 0.510351966873706,
        "description": "Agreement analysis between 'summary verify fsl' and 'original correctness'."
    }
}