{
    "total_valid_rows": {
        "value": 274,
        "description": "Total number of valid rows after preprocessing and removing invalid entries."
    },
    "summary fsl": {
        "agreement_count": "151",
        "agreement_percentage": 55.1094890510949,
        "mcc": 0.09362000791686007,
        "accuracy": 0.551094890510949,
        "precision": 1.0,
        "recall": 0.016,
        "f1_score": 0.031496062992125984,
        "balanced_accuracy": 0.508,
        "description": "Agreement analysis between 'summary fsl' and 'original correctness'."
    },
    "naive correctness fsl": {
        "agreement_count": "170",
        "agreement_percentage": 62.04379562043796,
        "mcc": 0.287215037851923,
        "accuracy": 0.6204379562043796,
        "precision": 0.8888888888888888,
        "recall": 0.192,
        "f1_score": 0.31578947368421056,
        "balanced_accuracy": 0.5859328859060403,
        "description": "Agreement analysis between 'naive correctness fsl' and 'original correctness'."
    },
    "simple tree": {
        "agreement_count": "170",
        "agreement_percentage": 62.04379562043796,
        "mcc": 0.24311483608313858,
        "accuracy": 0.6204379562043796,
        "precision": 0.5755395683453237,
        "recall": 0.64,
        "f1_score": 0.6060606060606061,
        "balanced_accuracy": 0.6220134228187919,
        "description": "Agreement analysis between 'simple tree' and 'original correctness'."
    },
    "complex tree": {
        "agreement_count": "170",
        "agreement_percentage": 62.04379562043796,
        "mcc": 0.23818291083793652,
        "accuracy": 0.6204379562043796,
        "precision": 0.5801526717557252,
        "recall": 0.608,
        "f1_score": 0.59375,
        "balanced_accuracy": 0.6194362416107382,
        "description": "Agreement analysis between 'complex tree' and 'original correctness'."
    },
    "summary": {
        "agreement_count": "170",
        "agreement_percentage": 62.04379562043796,
        "mcc": 0.23707528321929838,
        "accuracy": 0.6204379562043796,
        "precision": 0.5813953488372093,
        "recall": 0.6,
        "f1_score": 0.5905511811023623,
        "balanced_accuracy": 0.6187919463087248,
        "description": "Agreement analysis between 'summary' and 'original correctness'."
    },
    "simple verify": {
        "agreement_count": "179",
        "agreement_percentage": 65.32846715328468,
        "mcc": 0.2999280710105993,
        "accuracy": 0.6532846715328468,
        "precision": 0.6229508196721312,
        "recall": 0.608,
        "f1_score": 0.6153846153846155,
        "balanced_accuracy": 0.6496375838926174,
        "description": "Agreement analysis between 'simple verify' and 'original correctness'."
    },
    "complex verify": {
        "agreement_count": "172",
        "agreement_percentage": 62.77372262773723,
        "mcc": 0.247049041375772,
        "accuracy": 0.6277372262773723,
        "precision": 0.5966386554621849,
        "recall": 0.568,
        "f1_score": 0.5819672131147541,
        "balanced_accuracy": 0.6229261744966443,
        "description": "Agreement analysis between 'complex verify' and 'original correctness'."
    },
    "summary verify": {
        "agreement_count": "180",
        "agreement_percentage": 65.69343065693431,
        "mcc": 0.30551631667241325,
        "accuracy": 0.656934306569343,
        "precision": 0.6324786324786325,
        "recall": 0.592,
        "f1_score": 0.6115702479338841,
        "balanced_accuracy": 0.6517046979865772,
        "description": "Agreement analysis between 'summary verify' and 'original correctness'."
    },
    "simple verify fsl": {
        "agreement_count": "165",
        "agreement_percentage": 60.21897810218978,
        "mcc": 0.18708714000330992,
        "accuracy": 0.6021897810218978,
        "precision": 0.625,
        "recall": 0.32,
        "f1_score": 0.42328042328042326,
        "balanced_accuracy": 0.5794630872483222,
        "description": "Agreement analysis between 'simple verify fsl' and 'original correctness'."
    },
    "complex verify fsl": {
        "agreement_count": "166",
        "agreement_percentage": 60.58394160583942,
        "mcc": 0.19450240033734947,
        "accuracy": 0.6058394160583942,
        "precision": 0.6231884057971014,
        "recall": 0.344,
        "f1_score": 0.44329896907216493,
        "balanced_accuracy": 0.5847516778523489,
        "description": "Agreement analysis between 'complex verify fsl' and 'original correctness'."
    },
    "summary verify fsl": {
        "agreement_count": "168",
        "agreement_percentage": 61.31386861313869,
        "mcc": 0.21044898199054868,
        "accuracy": 0.6131386861313869,
        "precision": 0.6301369863013698,
        "recall": 0.368,
        "f1_score": 0.46464646464646464,
        "balanced_accuracy": 0.5933959731543624,
        "description": "Agreement analysis between 'summary verify fsl' and 'original correctness'."
    }
}