{
    "total_valid_rows": {
        "value": 85,
        "description": "Total number of valid rows after preprocessing and removing invalid entries."
    },
    "vanilla": {
        "agreement_count": "62",
        "agreement_percentage": 72.94117647058823,
        "mcc": 0.46406204681462865,
        "accuracy": 0.7294117647058823,
        "precision": 0.7714285714285715,
        "recall": 0.6428571428571429,
        "f1_score": 0.7012987012987013,
        "balanced_accuracy": 0.728405315614618,
        "description": "Agreement analysis between 'vanilla' and 'original correctness'."
    }
}