{
    "confidence1": {
        "average": 0.578626293410216,
        "median": 0.7669902408422009
    },
    "confidence2": {
        "average": 0.0,
        "median": 0.0
    }
}