{
    "total_valid_rows": {
        "value": 39,
        "description": "Total number of valid rows after preprocessing and removing invalid entries."
    },
    "summary fsl": {
        "agreement_count": "13",
        "agreement_percentage": 33.33333333333333,
        "mcc": 0,
        "accuracy": 0.3333333333333333,
        "precision": 0,
        "recall": 0.0,
        "f1_score": 0,
        "balanced_accuracy": 0.5,
        "description": "Agreement analysis between 'summary fsl' and 'original correctness'."
    },
    "naive correctness fsl": {
        "agreement_count": "16",
        "agreement_percentage": 41.02564102564102,
        "mcc": 0.2041241452319315,
        "accuracy": 0.41025641025641024,
        "precision": 1.0,
        "recall": 0.11538461538461539,
        "f1_score": 0.20689655172413793,
        "balanced_accuracy": 0.5576923076923077,
        "description": "Agreement analysis between 'naive correctness fsl' and 'original correctness'."
    },
    "simple tree": {
        "agreement_count": "22",
        "agreement_percentage": 56.41025641025641,
        "mcc": -0.15075567228888181,
        "accuracy": 0.5641025641025641,
        "precision": 0.6363636363636364,
        "recall": 0.8076923076923077,
        "f1_score": 0.7118644067796609,
        "balanced_accuracy": 0.4423076923076923,
        "description": "Agreement analysis between 'simple tree' and 'original correctness'."
    },
    "complex tree": {
        "agreement_count": "22",
        "agreement_percentage": 56.41025641025641,
        "mcc": -0.15075567228888181,
        "accuracy": 0.5641025641025641,
        "precision": 0.6363636363636364,
        "recall": 0.8076923076923077,
        "f1_score": 0.7118644067796609,
        "balanced_accuracy": 0.4423076923076923,
        "description": "Agreement analysis between 'complex tree' and 'original correctness'."
    },
    "vanilla": {
        "agreement_count": "24",
        "agreement_percentage": 61.53846153846154,
        "mcc": -0.1643989873053573,
        "accuracy": 0.6153846153846154,
        "precision": 0.6486486486486487,
        "recall": 0.9230769230769231,
        "f1_score": 0.7619047619047619,
        "balanced_accuracy": 0.46153846153846156,
        "description": "Agreement analysis between 'vanilla' and 'original correctness'."
    },
    "vanilla_no_cot": {
        "agreement_count": "27",
        "agreement_percentage": 69.23076923076923,
        "mcc": 0.3076923076923077,
        "accuracy": 0.6923076923076923,
        "precision": 0.7692307692307693,
        "recall": 0.7692307692307693,
        "f1_score": 0.7692307692307693,
        "balanced_accuracy": 0.6538461538461539,
        "description": "Agreement analysis between 'vanilla_no_cot' and 'original correctness'."
    },
    "summary": {
        "agreement_count": "26",
        "agreement_percentage": 66.66666666666666,
        "mcc": 0,
        "accuracy": 0.6666666666666666,
        "precision": 0.6666666666666666,
        "recall": 1.0,
        "f1_score": 0.8,
        "balanced_accuracy": 0.5,
        "description": "Agreement analysis between 'summary' and 'original correctness'."
    },
    "simple verify": {
        "agreement_count": "24",
        "agreement_percentage": 61.53846153846154,
        "mcc": -0.05976143046671968,
        "accuracy": 0.6153846153846154,
        "precision": 0.6571428571428571,
        "recall": 0.8846153846153846,
        "f1_score": 0.7540983606557377,
        "balanced_accuracy": 0.4807692307692307,
        "description": "Agreement analysis between 'simple verify' and 'original correctness'."
    },
    "complex verify": {
        "agreement_count": "26",
        "agreement_percentage": 66.66666666666666,
        "mcc": 0.15075567228888181,
        "accuracy": 0.6666666666666666,
        "precision": 0.696969696969697,
        "recall": 0.8846153846153846,
        "f1_score": 0.7796610169491526,
        "balanced_accuracy": 0.5576923076923077,
        "description": "Agreement analysis between 'complex verify' and 'original correctness'."
    },
    "summary verify": {
        "agreement_count": "23",
        "agreement_percentage": 58.97435897435898,
        "mcc": 0.0,
        "accuracy": 0.5897435897435898,
        "precision": 0.6666666666666666,
        "recall": 0.7692307692307693,
        "f1_score": 0.7142857142857142,
        "balanced_accuracy": 0.5,
        "description": "Agreement analysis between 'summary verify' and 'original correctness'."
    },
    "simple verify fsl": {
        "agreement_count": "19",
        "agreement_percentage": 48.717948717948715,
        "mcc": 0.07559289460184546,
        "accuracy": 0.48717948717948717,
        "precision": 0.7142857142857143,
        "recall": 0.38461538461538464,
        "f1_score": 0.5,
        "balanced_accuracy": 0.5384615384615384,
        "description": "Agreement analysis between 'simple verify fsl' and 'original correctness'."
    },
    "complex verify fsl": {
        "agreement_count": "15",
        "agreement_percentage": 38.46153846153847,
        "mcc": -0.1511857892036909,
        "accuracy": 0.38461538461538464,
        "precision": 0.5714285714285714,
        "recall": 0.3076923076923077,
        "f1_score": 0.4,
        "balanced_accuracy": 0.4230769230769231,
        "description": "Agreement analysis between 'complex verify fsl' and 'original correctness'."
    },
    "summary verify fsl": {
        "agreement_count": "22",
        "agreement_percentage": 56.41025641025641,
        "mcc": 0.14509525002200233,
        "accuracy": 0.5641025641025641,
        "precision": 0.7368421052631579,
        "recall": 0.5384615384615384,
        "f1_score": 0.6222222222222222,
        "balanced_accuracy": 0.5769230769230769,
        "description": "Agreement analysis between 'summary verify fsl' and 'original correctness'."
    }
}