{
    "total_valid_rows": {
        "value": 303,
        "description": "Total number of valid rows after preprocessing and removing invalid entries."
    },
    "summary fsl": {
        "agreement_count": "161",
        "agreement_percentage": 53.135313531353134,
        "mcc": 0.060867925602537364,
        "accuracy": 0.5313531353135313,
        "precision": 1.0,
        "recall": 0.006993006993006993,
        "f1_score": 0.013888888888888888,
        "balanced_accuracy": 0.5034965034965035,
        "description": "Agreement analysis between 'summary fsl' and 'original correctness'."
    },
    "naive correctness fsl": {
        "agreement_count": "178",
        "agreement_percentage": 58.745874587458744,
        "mcc": 0.22965341645228418,
        "accuracy": 0.5874587458745875,
        "precision": 0.8461538461538461,
        "recall": 0.15384615384615385,
        "f1_score": 0.2603550295857988,
        "balanced_accuracy": 0.5644230769230769,
        "description": "Agreement analysis between 'naive correctness fsl' and 'original correctness'."
    },
    "simple tree": {
        "agreement_count": "192",
        "agreement_percentage": 63.366336633663366,
        "mcc": 0.26529187219975126,
        "accuracy": 0.6336633663366337,
        "precision": 0.6111111111111112,
        "recall": 0.6153846153846154,
        "f1_score": 0.613240418118467,
        "balanced_accuracy": 0.6326923076923077,
        "description": "Agreement analysis between 'simple tree' and 'original correctness'."
    },
    "complex tree": {
        "agreement_count": "190",
        "agreement_percentage": 62.70627062706271,
        "mcc": 0.25205349320164117,
        "accuracy": 0.6270627062706271,
        "precision": 0.6041666666666666,
        "recall": 0.6083916083916084,
        "f1_score": 0.6062717770034843,
        "balanced_accuracy": 0.6260708041958043,
        "description": "Agreement analysis between 'complex tree' and 'original correctness'."
    },
    "vanilla": {
        "agreement_count": "168",
        "agreement_percentage": 55.44554455445545,
        "mcc": 0.11874523967621074,
        "accuracy": 0.5544554455445545,
        "precision": 0.5229885057471264,
        "recall": 0.6363636363636364,
        "f1_score": 0.5741324921135647,
        "balanced_accuracy": 0.5588068181818182,
        "description": "Agreement analysis between 'vanilla' and 'original correctness'."
    },
    "vanilla_no_cot": {
        "agreement_count": "187",
        "agreement_percentage": 61.71617161716172,
        "mcc": 0.24035864447768818,
        "accuracy": 0.6171617161716172,
        "precision": 0.684931506849315,
        "recall": 0.34965034965034963,
        "f1_score": 0.4629629629629629,
        "balanced_accuracy": 0.6029501748251748,
        "description": "Agreement analysis between 'vanilla_no_cot' and 'original correctness'."
    },
    "summary": {
        "agreement_count": "185",
        "agreement_percentage": 61.05610561056105,
        "mcc": 0.2205737023380855,
        "accuracy": 0.6105610561056105,
        "precision": 0.5838926174496645,
        "recall": 0.6083916083916084,
        "f1_score": 0.5958904109589042,
        "balanced_accuracy": 0.6104458041958043,
        "description": "Agreement analysis between 'summary' and 'original correctness'."
    },
    "simple verify": {
        "agreement_count": "176",
        "agreement_percentage": 58.08580858085809,
        "mcc": 0.16003674690617087,
        "accuracy": 0.5808580858085809,
        "precision": 0.5547945205479452,
        "recall": 0.5664335664335665,
        "f1_score": 0.5605536332179931,
        "balanced_accuracy": 0.5800917832167832,
        "description": "Agreement analysis between 'simple verify' and 'original correctness'."
    },
    "complex verify": {
        "agreement_count": "175",
        "agreement_percentage": 57.755775577557756,
        "mcc": 0.15517561476402805,
        "accuracy": 0.5775577557755776,
        "precision": 0.5496688741721855,
        "recall": 0.5804195804195804,
        "f1_score": 0.5646258503401361,
        "balanced_accuracy": 0.5777097902097902,
        "description": "Agreement analysis between 'complex verify' and 'original correctness'."
    },
    "summary verify": {
        "agreement_count": "166",
        "agreement_percentage": 54.78547854785478,
        "mcc": 0.0905866827340053,
        "accuracy": 0.5478547854785478,
        "precision": 0.5220588235294118,
        "recall": 0.4965034965034965,
        "f1_score": 0.5089605734767024,
        "balanced_accuracy": 0.5451267482517482,
        "description": "Agreement analysis between 'summary verify' and 'original correctness'."
    },
    "simple verify fsl": {
        "agreement_count": "167",
        "agreement_percentage": 55.115511551155116,
        "mcc": 0.08573560177145649,
        "accuracy": 0.5511551155115512,
        "precision": 0.5538461538461539,
        "recall": 0.2517482517482518,
        "f1_score": 0.34615384615384615,
        "balanced_accuracy": 0.5352491258741259,
        "description": "Agreement analysis between 'simple verify fsl' and 'original correctness'."
    },
    "complex verify fsl": {
        "agreement_count": "172",
        "agreement_percentage": 56.76567656765676,
        "mcc": 0.12456786624665372,
        "accuracy": 0.5676567656765676,
        "precision": 0.5833333333333334,
        "recall": 0.2937062937062937,
        "f1_score": 0.39069767441860465,
        "balanced_accuracy": 0.5531031468531469,
        "description": "Agreement analysis between 'complex verify fsl' and 'original correctness'."
    },
    "summary verify fsl": {
        "agreement_count": "173",
        "agreement_percentage": 57.0957095709571,
        "mcc": 0.13179986514955655,
        "accuracy": 0.570957095709571,
        "precision": 0.5866666666666667,
        "recall": 0.3076923076923077,
        "f1_score": 0.4036697247706422,
        "balanced_accuracy": 0.5569711538461539,
        "description": "Agreement analysis between 'summary verify fsl' and 'original correctness'."
    }
}