{
    "total_valid_rows": {
        "value": 87,
        "description": "Total number of valid rows after preprocessing and removing invalid entries."
    },
    "summary fsl": {
        "agreement_count": "46",
        "agreement_percentage": 52.87356321839081,
        "mcc": 0.14533073676808345,
        "accuracy": 0.5287356321839081,
        "precision": 0.8,
        "recall": 0.09090909090909091,
        "f1_score": 0.163265306122449,
        "balanced_accuracy": 0.5338266384778012,
        "description": "Agreement analysis between 'summary fsl' and 'original correctness'."
    },
    "naive correctness fsl": {
        "agreement_count": "47",
        "agreement_percentage": 54.02298850574713,
        "mcc": 0.14001700250162122,
        "accuracy": 0.5402298850574713,
        "precision": 0.7,
        "recall": 0.1590909090909091,
        "f1_score": 0.25925925925925924,
        "balanced_accuracy": 0.544661733615222,
        "description": "Agreement analysis between 'naive correctness fsl' and 'original correctness'."
    },
    "simple tree": {
        "agreement_count": "51",
        "agreement_percentage": 58.620689655172406,
        "mcc": 0.17230443974630022,
        "accuracy": 0.5862068965517241,
        "precision": 0.5909090909090909,
        "recall": 0.5909090909090909,
        "f1_score": 0.5909090909090909,
        "balanced_accuracy": 0.5861522198731501,
        "description": "Agreement analysis between 'simple tree' and 'original correctness'."
    },
    "complex tree": {
        "agreement_count": "54",
        "agreement_percentage": 62.06896551724138,
        "mcc": 0.24154334038054967,
        "accuracy": 0.6206896551724138,
        "precision": 0.627906976744186,
        "recall": 0.6136363636363636,
        "f1_score": 0.6206896551724139,
        "balanced_accuracy": 0.6207716701902748,
        "description": "Agreement analysis between 'complex tree' and 'original correctness'."
    },
    "vanilla": {
        "agreement_count": "61",
        "agreement_percentage": 70.11494252873564,
        "mcc": 0.4117251340494921,
        "accuracy": 0.7011494252873564,
        "precision": 0.6666666666666666,
        "recall": 0.8181818181818182,
        "f1_score": 0.7346938775510203,
        "balanced_accuracy": 0.6997885835095138,
        "description": "Agreement analysis between 'vanilla' and 'original correctness'."
    },
    "vanilla_no_cot": {
        "agreement_count": "48",
        "agreement_percentage": 55.172413793103445,
        "mcc": 0.11379481553341214,
        "accuracy": 0.5517241379310345,
        "precision": 0.5862068965517241,
        "recall": 0.38636363636363635,
        "f1_score": 0.4657534246575343,
        "balanced_accuracy": 0.5536469344608879,
        "description": "Agreement analysis between 'vanilla_no_cot' and 'original correctness'."
    },
    "summary": {
        "agreement_count": "55",
        "agreement_percentage": 63.2183908045977,
        "mcc": 0.2661731391119435,
        "accuracy": 0.632183908045977,
        "precision": 0.65,
        "recall": 0.5909090909090909,
        "f1_score": 0.6190476190476191,
        "balanced_accuracy": 0.6326638477801269,
        "description": "Agreement analysis between 'summary' and 'original correctness'."
    },
    "simple verify": {
        "agreement_count": "51",
        "agreement_percentage": 58.620689655172406,
        "mcc": 0.1752852989234798,
        "accuracy": 0.5862068965517241,
        "precision": 0.6052631578947368,
        "recall": 0.5227272727272727,
        "f1_score": 0.5609756097560975,
        "balanced_accuracy": 0.5869450317124736,
        "description": "Agreement analysis between 'simple verify' and 'original correctness'."
    },
    "complex verify": {
        "agreement_count": "53",
        "agreement_percentage": 60.91954022988506,
        "mcc": 0.22004353133756288,
        "accuracy": 0.6091954022988506,
        "precision": 0.625,
        "recall": 0.5681818181818182,
        "f1_score": 0.5952380952380952,
        "balanced_accuracy": 0.6096723044397463,
        "description": "Agreement analysis between 'complex verify' and 'original correctness'."
    },
    "summary verify": {
        "agreement_count": "45",
        "agreement_percentage": 51.724137931034484,
        "mcc": 0.03890822769784007,
        "accuracy": 0.5172413793103449,
        "precision": 0.53125,
        "recall": 0.38636363636363635,
        "f1_score": 0.4473684210526316,
        "balanced_accuracy": 0.5187632135306555,
        "description": "Agreement analysis between 'summary verify' and 'original correctness'."
    },
    "simple verify fsl": {
        "agreement_count": "52",
        "agreement_percentage": 59.77011494252874,
        "mcc": 0.22770319560579091,
        "accuracy": 0.5977011494252874,
        "precision": 0.6956521739130435,
        "recall": 0.36363636363636365,
        "f1_score": 0.4776119402985074,
        "balanced_accuracy": 0.6004228329809725,
        "description": "Agreement analysis between 'simple verify fsl' and 'original correctness'."
    },
    "complex verify fsl": {
        "agreement_count": "49",
        "agreement_percentage": 56.32183908045977,
        "mcc": 0.14721866849543544,
        "accuracy": 0.5632183908045977,
        "precision": 0.625,
        "recall": 0.3409090909090909,
        "f1_score": 0.4411764705882353,
        "balanced_accuracy": 0.5658033826638478,
        "description": "Agreement analysis between 'complex verify fsl' and 'original correctness'."
    },
    "summary verify fsl": {
        "agreement_count": "52",
        "agreement_percentage": 59.77011494252874,
        "mcc": 0.2213159911060485,
        "accuracy": 0.5977011494252874,
        "precision": 0.68,
        "recall": 0.38636363636363635,
        "f1_score": 0.4927536231884058,
        "balanced_accuracy": 0.6001585623678647,
        "description": "Agreement analysis between 'summary verify fsl' and 'original correctness'."
    }
}