{
    "total_valid_rows": {
        "value": 12,
        "description": "Total number of valid rows after preprocessing and removing invalid entries."
    },
    "summary fsl": {
        "agreement_count": "4",
        "agreement_percentage": 33.33333333333333,
        "mcc": 0.17407765595569785,
        "accuracy": 0.3333333333333333,
        "precision": 1.0,
        "recall": 0.1111111111111111,
        "f1_score": 0.19999999999999998,
        "balanced_accuracy": 0.5555555555555556,
        "description": "Agreement analysis between 'summary fsl' and 'original correctness'."
    },
    "naive correctness fsl": {
        "agreement_count": "4",
        "agreement_percentage": 33.33333333333333,
        "mcc": 0.17407765595569785,
        "accuracy": 0.3333333333333333,
        "precision": 1.0,
        "recall": 0.1111111111111111,
        "f1_score": 0.19999999999999998,
        "balanced_accuracy": 0.5555555555555556,
        "description": "Agreement analysis between 'naive correctness fsl' and 'original correctness'."
    },
    "simple tree": {
        "agreement_count": "10",
        "agreement_percentage": 83.33333333333334,
        "mcc": 0.5222329678670935,
        "accuracy": 0.8333333333333334,
        "precision": 0.8181818181818182,
        "recall": 1.0,
        "f1_score": 0.9,
        "balanced_accuracy": 0.6666666666666666,
        "description": "Agreement analysis between 'simple tree' and 'original correctness'."
    },
    "complex tree": {
        "agreement_count": "9",
        "agreement_percentage": 75.0,
        "mcc": 0.25819888974716115,
        "accuracy": 0.75,
        "precision": 0.8,
        "recall": 0.8888888888888888,
        "f1_score": 0.8421052631578948,
        "balanced_accuracy": 0.611111111111111,
        "description": "Agreement analysis between 'complex tree' and 'original correctness'."
    },
    "vanilla": {
        "agreement_count": "8",
        "agreement_percentage": 66.66666666666666,
        "mcc": -0.17407765595569785,
        "accuracy": 0.6666666666666666,
        "precision": 0.7272727272727273,
        "recall": 0.8888888888888888,
        "f1_score": 0.7999999999999999,
        "balanced_accuracy": 0.4444444444444444,
        "description": "Agreement analysis between 'vanilla' and 'original correctness'."
    },
    "vanilla_no_cot": {
        "agreement_count": "9",
        "agreement_percentage": 75.0,
        "mcc": 0.408248290463863,
        "accuracy": 0.75,
        "precision": 0.875,
        "recall": 0.7777777777777778,
        "f1_score": 0.823529411764706,
        "balanced_accuracy": 0.7222222222222222,
        "description": "Agreement analysis between 'vanilla_no_cot' and 'original correctness'."
    },
    "summary": {
        "agreement_count": "8",
        "agreement_percentage": 66.66666666666666,
        "mcc": -0.17407765595569785,
        "accuracy": 0.6666666666666666,
        "precision": 0.7272727272727273,
        "recall": 0.8888888888888888,
        "f1_score": 0.7999999999999999,
        "balanced_accuracy": 0.4444444444444444,
        "description": "Agreement analysis between 'summary' and 'original correctness'."
    },
    "simple verify": {
        "agreement_count": "8",
        "agreement_percentage": 66.66666666666666,
        "mcc": -0.17407765595569785,
        "accuracy": 0.6666666666666666,
        "precision": 0.7272727272727273,
        "recall": 0.8888888888888888,
        "f1_score": 0.7999999999999999,
        "balanced_accuracy": 0.4444444444444444,
        "description": "Agreement analysis between 'simple verify' and 'original correctness'."
    },
    "complex verify": {
        "agreement_count": "8",
        "agreement_percentage": 66.66666666666666,
        "mcc": 0.1111111111111111,
        "accuracy": 0.6666666666666666,
        "precision": 0.7777777777777778,
        "recall": 0.7777777777777778,
        "f1_score": 0.7777777777777778,
        "balanced_accuracy": 0.5555555555555556,
        "description": "Agreement analysis between 'complex verify' and 'original correctness'."
    },
    "summary verify": {
        "agreement_count": "7",
        "agreement_percentage": 58.333333333333336,
        "mcc": -0.25819888974716115,
        "accuracy": 0.5833333333333334,
        "precision": 0.7,
        "recall": 0.7777777777777778,
        "f1_score": 0.7368421052631577,
        "balanced_accuracy": 0.3888888888888889,
        "description": "Agreement analysis between 'summary verify' and 'original correctness'."
    },
    "simple verify fsl": {
        "agreement_count": "6",
        "agreement_percentage": 50.0,
        "mcc": 0.09759000729485331,
        "accuracy": 0.5,
        "precision": 0.8,
        "recall": 0.4444444444444444,
        "f1_score": 0.5714285714285714,
        "balanced_accuracy": 0.5555555555555556,
        "description": "Agreement analysis between 'simple verify fsl' and 'original correctness'."
    },
    "complex verify fsl": {
        "agreement_count": "5",
        "agreement_percentage": 41.66666666666667,
        "mcc": 0.0,
        "accuracy": 0.4166666666666667,
        "precision": 0.75,
        "recall": 0.3333333333333333,
        "f1_score": 0.46153846153846156,
        "balanced_accuracy": 0.5,
        "description": "Agreement analysis between 'complex verify fsl' and 'original correctness'."
    },
    "summary verify fsl": {
        "agreement_count": "4",
        "agreement_percentage": 33.33333333333333,
        "mcc": -0.29277002188455997,
        "accuracy": 0.3333333333333333,
        "precision": 0.6,
        "recall": 0.3333333333333333,
        "f1_score": 0.42857142857142855,
        "balanced_accuracy": 0.3333333333333333,
        "description": "Agreement analysis between 'summary verify fsl' and 'original correctness'."
    }
}