{
    "total_valid_rows": {
        "value": 98,
        "description": "Total number of valid rows after preprocessing and removing invalid entries."
    },
    "summary fsl": {
        "agreement_count": "57",
        "agreement_percentage": 58.16326530612245,
        "mcc": 0.17399004766833942,
        "accuracy": 0.5816326530612245,
        "precision": 0.75,
        "recall": 0.13333333333333333,
        "f1_score": 0.22641509433962267,
        "balanced_accuracy": 0.5477987421383648,
        "description": "Agreement analysis between 'summary fsl' and 'original correctness'."
    },
    "naive correctness fsl": {
        "agreement_count": "59",
        "agreement_percentage": 60.204081632653065,
        "mcc": 0.23054777702658538,
        "accuracy": 0.6020408163265306,
        "precision": 0.8,
        "recall": 0.17777777777777778,
        "f1_score": 0.2909090909090909,
        "balanced_accuracy": 0.570020964360587,
        "description": "Agreement analysis between 'naive correctness fsl' and 'original correctness'."
    },
    "simple tree": {
        "agreement_count": "63",
        "agreement_percentage": 64.28571428571429,
        "mcc": 0.27781970333499756,
        "accuracy": 0.6428571428571429,
        "precision": 0.6190476190476191,
        "recall": 0.5777777777777777,
        "f1_score": 0.5977011494252873,
        "balanced_accuracy": 0.6379454926624737,
        "description": "Agreement analysis between 'simple tree' and 'original correctness'."
    },
    "complex tree": {
        "agreement_count": "60",
        "agreement_percentage": 61.224489795918366,
        "mcc": 0.21475061263501502,
        "accuracy": 0.6122448979591837,
        "precision": 0.5853658536585366,
        "recall": 0.5333333333333333,
        "f1_score": 0.5581395348837209,
        "balanced_accuracy": 0.6062893081761006,
        "description": "Agreement analysis between 'complex tree' and 'original correctness'."
    },
    "vanilla": {
        "agreement_count": "59",
        "agreement_percentage": 60.204081632653065,
        "mcc": 0.20647959342692204,
        "accuracy": 0.6020408163265306,
        "precision": 0.56,
        "recall": 0.6222222222222222,
        "f1_score": 0.5894736842105264,
        "balanced_accuracy": 0.6035639412997904,
        "description": "Agreement analysis between 'vanilla' and 'original correctness'."
    },
    "vanilla_no_cot": {
        "agreement_count": "62",
        "agreement_percentage": 63.26530612244898,
        "mcc": 0.26277767612594993,
        "accuracy": 0.6326530612244898,
        "precision": 0.6956521739130435,
        "recall": 0.35555555555555557,
        "f1_score": 0.47058823529411764,
        "balanced_accuracy": 0.6117400419287212,
        "description": "Agreement analysis between 'vanilla_no_cot' and 'original correctness'."
    },
    "summary": {
        "agreement_count": "61",
        "agreement_percentage": 62.244897959183675,
        "mcc": 0.2364423007106362,
        "accuracy": 0.6224489795918368,
        "precision": 0.5952380952380952,
        "recall": 0.5555555555555556,
        "f1_score": 0.574712643678161,
        "balanced_accuracy": 0.6174004192872118,
        "description": "Agreement analysis between 'summary' and 'original correctness'."
    },
    "simple verify": {
        "agreement_count": "60",
        "agreement_percentage": 61.224489795918366,
        "mcc": 0.21928721174004193,
        "accuracy": 0.6122448979591837,
        "precision": 0.5777777777777777,
        "recall": 0.5777777777777777,
        "f1_score": 0.5777777777777777,
        "balanced_accuracy": 0.609643605870021,
        "description": "Agreement analysis between 'simple verify' and 'original correctness'."
    },
    "complex verify": {
        "agreement_count": "60",
        "agreement_percentage": 61.224489795918366,
        "mcc": 0.22524154283911546,
        "accuracy": 0.6122448979591837,
        "precision": 0.5714285714285714,
        "recall": 0.6222222222222222,
        "f1_score": 0.5957446808510639,
        "balanced_accuracy": 0.6129979035639412,
        "description": "Agreement analysis between 'complex verify' and 'original correctness'."
    },
    "summary verify": {
        "agreement_count": "62",
        "agreement_percentage": 63.26530612244898,
        "mcc": 0.26037735849056604,
        "accuracy": 0.6326530612244898,
        "precision": 0.6,
        "recall": 0.6,
        "f1_score": 0.6,
        "balanced_accuracy": 0.630188679245283,
        "description": "Agreement analysis between 'summary verify' and 'original correctness'."
    },
    "simple verify fsl": {
        "agreement_count": "63",
        "agreement_percentage": 64.28571428571429,
        "mcc": 0.28944463904371837,
        "accuracy": 0.6428571428571429,
        "precision": 0.7272727272727273,
        "recall": 0.35555555555555557,
        "f1_score": 0.4776119402985074,
        "balanced_accuracy": 0.6211740041928722,
        "description": "Agreement analysis between 'simple verify fsl' and 'original correctness'."
    },
    "complex verify fsl": {
        "agreement_count": "64",
        "agreement_percentage": 65.3061224489796,
        "mcc": 0.30258614091806074,
        "accuracy": 0.6530612244897959,
        "precision": 0.7037037037037037,
        "recall": 0.4222222222222222,
        "f1_score": 0.5277777777777777,
        "balanced_accuracy": 0.6356394129979036,
        "description": "Agreement analysis between 'complex verify fsl' and 'original correctness'."
    },
    "summary verify fsl": {
        "agreement_count": "59",
        "agreement_percentage": 60.204081632653065,
        "mcc": 0.1877819333890711,
        "accuracy": 0.6020408163265306,
        "precision": 0.6071428571428571,
        "recall": 0.37777777777777777,
        "f1_score": 0.4657534246575342,
        "balanced_accuracy": 0.5851153039832285,
        "description": "Agreement analysis between 'summary verify fsl' and 'original correctness'."
    }
}