{
    "total_valid_rows": {
        "value": 91,
        "description": "Total number of valid rows after preprocessing and removing invalid entries."
    },
    "summary fsl": {
        "agreement_count": "51",
        "agreement_percentage": 56.043956043956044,
        "mcc": 0.1164050492949297,
        "accuracy": 0.5604395604395604,
        "precision": 1.0,
        "recall": 0.024390243902439025,
        "f1_score": 0.047619047619047616,
        "balanced_accuracy": 0.5121951219512195,
        "description": "Agreement analysis between 'summary fsl' and 'original correctness'."
    },
    "naive correctness fsl": {
        "agreement_count": "56",
        "agreement_percentage": 61.53846153846154,
        "mcc": 0.26484849488421325,
        "accuracy": 0.6153846153846154,
        "precision": 0.875,
        "recall": 0.17073170731707318,
        "f1_score": 0.28571428571428575,
        "balanced_accuracy": 0.5753658536585365,
        "description": "Agreement analysis between 'naive correctness fsl' and 'original correctness'."
    },
    "simple tree": {
        "agreement_count": "51",
        "agreement_percentage": 56.043956043956044,
        "mcc": 0.12038976800920517,
        "accuracy": 0.5604395604395604,
        "precision": 0.5111111111111111,
        "recall": 0.5609756097560976,
        "f1_score": 0.5348837209302325,
        "balanced_accuracy": 0.5604878048780488,
        "description": "Agreement analysis between 'simple tree' and 'original correctness'."
    },
    "complex tree": {
        "agreement_count": "57",
        "agreement_percentage": 62.637362637362635,
        "mcc": 0.24890761528197225,
        "accuracy": 0.6263736263736264,
        "precision": 0.5813953488372093,
        "recall": 0.6097560975609756,
        "f1_score": 0.5952380952380952,
        "balanced_accuracy": 0.6248780487804878,
        "description": "Agreement analysis between 'complex tree' and 'original correctness'."
    },
    "summary": {
        "agreement_count": "56",
        "agreement_percentage": 61.53846153846154,
        "mcc": 0.22151655453065677,
        "accuracy": 0.6153846153846154,
        "precision": 0.575,
        "recall": 0.5609756097560976,
        "f1_score": 0.5679012345679012,
        "balanced_accuracy": 0.6104878048780489,
        "description": "Agreement analysis between 'summary' and 'original correctness'."
    },
    "simple verify": {
        "agreement_count": "58",
        "agreement_percentage": 63.73626373626373,
        "mcc": 0.2660154650434377,
        "accuracy": 0.6373626373626373,
        "precision": 0.6,
        "recall": 0.5853658536585366,
        "f1_score": 0.5925925925925926,
        "balanced_accuracy": 0.6326829268292683,
        "description": "Agreement analysis between 'simple verify' and 'original correctness'."
    },
    "complex verify": {
        "agreement_count": "55",
        "agreement_percentage": 60.43956043956044,
        "mcc": 0.19468009493462346,
        "accuracy": 0.6043956043956044,
        "precision": 0.5675675675675675,
        "recall": 0.5121951219512195,
        "f1_score": 0.5384615384615384,
        "balanced_accuracy": 0.5960975609756098,
        "description": "Agreement analysis between 'complex verify' and 'original correctness'."
    },
    "summary verify": {
        "agreement_count": "59",
        "agreement_percentage": 64.83516483516483,
        "mcc": 0.28286426978667917,
        "accuracy": 0.6483516483516484,
        "precision": 0.6285714285714286,
        "recall": 0.5365853658536586,
        "f1_score": 0.5789473684210527,
        "balanced_accuracy": 0.6382926829268293,
        "description": "Agreement analysis between 'summary verify' and 'original correctness'."
    },
    "simple verify fsl": {
        "agreement_count": "55",
        "agreement_percentage": 60.43956043956044,
        "mcc": 0.1854899028654677,
        "accuracy": 0.6043956043956044,
        "precision": 0.6190476190476191,
        "recall": 0.3170731707317073,
        "f1_score": 0.4193548387096774,
        "balanced_accuracy": 0.5785365853658536,
        "description": "Agreement analysis between 'simple verify fsl' and 'original correctness'."
    },
    "complex verify fsl": {
        "agreement_count": "55",
        "agreement_percentage": 60.43956043956044,
        "mcc": 0.1854899028654677,
        "accuracy": 0.6043956043956044,
        "precision": 0.6190476190476191,
        "recall": 0.3170731707317073,
        "f1_score": 0.4193548387096774,
        "balanced_accuracy": 0.5785365853658536,
        "description": "Agreement analysis between 'complex verify fsl' and 'original correctness'."
    },
    "summary verify fsl": {
        "agreement_count": "58",
        "agreement_percentage": 63.73626373626373,
        "mcc": 0.2599692886942441,
        "accuracy": 0.6373626373626373,
        "precision": 0.6666666666666666,
        "recall": 0.3902439024390244,
        "f1_score": 0.4923076923076923,
        "balanced_accuracy": 0.6151219512195122,
        "description": "Agreement analysis between 'summary verify fsl' and 'original correctness'."
    }
}