{
    "total_valid_rows": {
        "value": 29,
        "description": "Total number of valid rows after preprocessing and removing invalid entries."
    },
    "Function summary": {
        "agreement_count": "19",
        "agreement_percentage": 65.51724137931035,
        "mcc": 0.166742926870459,
        "accuracy": 0.6551724137931034,
        "precision": 0.3,
        "recall": 0.5,
        "f1_score": 0.37499999999999994,
        "balanced_accuracy": 0.5978260869565217,
        "description": "Agreement analysis between 'Correctness' and 'original correctness'."
    },
    "Naive": {
        "agreement_count": "16",
        "agreement_percentage": 55.172413793103445,
        "mcc": 0.05312161852311213,
        "accuracy": 0.5517241379310345,
        "precision": 0.23076923076923078,
        "recall": 0.5,
        "f1_score": 0.3157894736842105,
        "balanced_accuracy": 0.5326086956521738,
        "description": "Agreement analysis between 'naive correctness' and 'original correctness'."
    },
    "Complex tree": {
        "agreement_count": "18",
        "agreement_percentage": 62.06896551724138,
        "mcc": 0.12704195151210984,
        "accuracy": 0.6206896551724138,
        "precision": 0.2727272727272727,
        "recall": 0.5,
        "f1_score": 0.3529411764705882,
        "balanced_accuracy": 0.5760869565217391,
        "description": "Agreement analysis between 'annotated correctness' and 'original correctness'."
    },
    "Simple tree": {
        "agreement_count": "15",
        "agreement_percentage": 51.724137931034484,
        "mcc": 0.017622684421256033,
        "accuracy": 0.5172413793103449,
        "precision": 0.21428571428571427,
        "recall": 0.5,
        "f1_score": 0.3,
        "balanced_accuracy": 0.5108695652173914,
        "description": "Agreement analysis between 'annotated correctness simple' and 'original correctness'."
    },
    "Naive No FSL": {
        "agreement_count": "12",
        "agreement_percentage": 41.37931034482759,
        "mcc": -0.3992747047523452,
        "accuracy": 0.41379310344827586,
        "precision": 0.0,
        "recall": 0.0,
        "f1_score": 0,
        "balanced_accuracy": 0.2608695652173913,
        "description": "Agreement analysis between 'naive no fsl correctness' and 'original correctness'."
    },
    "Function summary no FSL": {
        "agreement_count": "20",
        "agreement_percentage": 68.96551724137932,
        "mcc": 0.10975392972191635,
        "accuracy": 0.6896551724137931,
        "precision": 0.2857142857142857,
        "recall": 0.3333333333333333,
        "f1_score": 0.30769230769230765,
        "balanced_accuracy": 0.5579710144927537,
        "description": "Agreement analysis between 'Correctness no fsl' and 'original correctness'."
    },
    "Simple verify": {
        "agreement_count": "15",
        "agreement_percentage": 51.724137931034484,
        "mcc": 0.34262414443209643,
        "accuracy": 0.5172413793103449,
        "precision": 0.3,
        "recall": 1.0,
        "f1_score": 0.4615384615384615,
        "balanced_accuracy": 0.6956521739130435,
        "description": "Agreement analysis between 'simple verify' and 'original correctness'."
    },
    "Complex verify": {
        "agreement_count": "15",
        "agreement_percentage": 51.724137931034484,
        "mcc": 0.22383581933086022,
        "accuracy": 0.5172413793103449,
        "precision": 0.2777777777777778,
        "recall": 0.8333333333333334,
        "f1_score": 0.4166666666666667,
        "balanced_accuracy": 0.6340579710144928,
        "description": "Agreement analysis between 'complex verify' and 'original correctness'."
    },
    "Default verify": {
        "agreement_count": "16",
        "agreement_percentage": 55.172413793103445,
        "mcc": 0.3705398374899089,
        "accuracy": 0.5517241379310345,
        "precision": 0.3157894736842105,
        "recall": 1.0,
        "f1_score": 0.4799999999999999,
        "balanced_accuracy": 0.717391304347826,
        "description": "Agreement analysis between 'default verify' and 'original correctness'."
    },
    "Simple verify no FSL": {
        "agreement_count": "12",
        "agreement_percentage": 41.37931034482759,
        "mcc": -0.08939981748151894,
        "accuracy": 0.41379310344827586,
        "precision": 0.17647058823529413,
        "recall": 0.5,
        "f1_score": 0.2608695652173913,
        "balanced_accuracy": 0.44565217391304346,
        "description": "Agreement analysis between 'simple verify no fsl' and 'original correctness'."
    },
    "Complex verify no FSL": {
        "agreement_count": "15",
        "agreement_percentage": 51.724137931034484,
        "mcc": 0.017622684421256033,
        "accuracy": 0.5172413793103449,
        "precision": 0.21428571428571427,
        "recall": 0.5,
        "f1_score": 0.3,
        "balanced_accuracy": 0.5108695652173914,
        "description": "Agreement analysis between 'complex verify no fsl' and 'original correctness'."
    },
    "Default verify no FSL": {
        "agreement_count": "11",
        "agreement_percentage": 37.93103448275862,
        "mcc": -0.12704195151210984,
        "accuracy": 0.3793103448275862,
        "precision": 0.16666666666666666,
        "recall": 0.5,
        "f1_score": 0.25,
        "balanced_accuracy": 0.42391304347826086,
        "description": "Agreement analysis between 'default verify no fsl' and 'original correctness'."
    },
    "naive_correctness_vs_correctness_diff": {
        "description": "Analysis of cases where 'naive correctness' and 'Correctness' differ.",
        "count": 9,
        "original_agreement_count": "3",
        "original_agreement_percentage": 33.33333333333333
    },
    "naive_correctness_vs_correctness_same": {
        "description": "Analysis of cases where 'naive correctness' and 'Correctness' are the same.",
        "count": 20,
        "original_agreement_count": "13",
        "original_disagreement_count": "7"
    }
}