{
    "total_valid_rows": {
        "value": 308,
        "description": "Total number of valid rows after preprocessing and removing invalid entries."
    },
    "tester": {
        "agreement_count": "158",
        "agreement_percentage": 51.298701298701296,
        "mcc": 0.00424297218227056,
        "accuracy": 0.512987012987013,
        "precision": 0.5,
        "recall": 0.02666666666666667,
        "f1_score": 0.05063291139240507,
        "balanced_accuracy": 0.5006751054852321,
        "description": "Agreement analysis between 'tester' and 'original correctness'."
    }
}