{
    "total_valid_rows": {
        "value": 24,
        "description": "Total number of valid rows after preprocessing and removing invalid entries."
    },
    "summary fsl": {
        "agreement_count": "15",
        "agreement_percentage": 62.5,
        "mcc": 0.26856632724128343,
        "accuracy": 0.625,
        "precision": 0.7,
        "recall": 0.5384615384615384,
        "f1_score": 0.608695652173913,
        "balanced_accuracy": 0.6328671328671329,
        "description": "Agreement analysis between 'summary fsl' and 'original correctness'."
    },
    "naive correctness fsl": {
        "agreement_count": "11",
        "agreement_percentage": 45.83333333333333,
        "mcc": -0.05913123959890826,
        "accuracy": 0.4583333333333333,
        "precision": 0.5,
        "recall": 0.3076923076923077,
        "f1_score": 0.380952380952381,
        "balanced_accuracy": 0.47202797202797203,
        "description": "Agreement analysis between 'naive correctness fsl' and 'original correctness'."
    },
    "simple tree": {
        "agreement_count": "9",
        "agreement_percentage": 37.5,
        "mcc": -0.26856632724128343,
        "accuracy": 0.375,
        "precision": 0.42857142857142855,
        "recall": 0.46153846153846156,
        "f1_score": 0.4444444444444445,
        "balanced_accuracy": 0.36713286713286714,
        "description": "Agreement analysis between 'simple tree' and 'original correctness'."
    },
    "complex tree": {
        "agreement_count": "14",
        "agreement_percentage": 58.333333333333336,
        "mcc": 0.15114173098063566,
        "accuracy": 0.5833333333333334,
        "precision": 0.6,
        "recall": 0.6923076923076923,
        "f1_score": 0.6428571428571429,
        "balanced_accuracy": 0.5734265734265734,
        "description": "Agreement analysis between 'complex tree' and 'original correctness'."
    },
    "vanilla": {
        "agreement_count": "11",
        "agreement_percentage": 45.83333333333333,
        "mcc": -0.08362420100070908,
        "accuracy": 0.4583333333333333,
        "precision": 0.5,
        "recall": 0.46153846153846156,
        "f1_score": 0.48000000000000004,
        "balanced_accuracy": 0.458041958041958,
        "description": "Agreement analysis between 'vanilla' and 'original correctness'."
    },
    "vanilla_no_cot": {
        "agreement_count": "10",
        "agreement_percentage": 41.66666666666667,
        "mcc": -0.14585425389314682,
        "accuracy": 0.4166666666666667,
        "precision": 0.4,
        "recall": 0.15384615384615385,
        "f1_score": 0.2222222222222222,
        "balanced_accuracy": 0.4405594405594406,
        "description": "Agreement analysis between 'vanilla_no_cot' and 'original correctness'."
    },
    "summary": {
        "agreement_count": "14",
        "agreement_percentage": 58.333333333333336,
        "mcc": 0.16083916083916083,
        "accuracy": 0.5833333333333334,
        "precision": 0.6153846153846154,
        "recall": 0.6153846153846154,
        "f1_score": 0.6153846153846154,
        "balanced_accuracy": 0.5804195804195804,
        "description": "Agreement analysis between 'summary' and 'original correctness'."
    },
    "simple verify": {
        "agreement_count": "12",
        "agreement_percentage": 50.0,
        "mcc": 0.021591675854376522,
        "accuracy": 0.5,
        "precision": 0.5555555555555556,
        "recall": 0.38461538461538464,
        "f1_score": 0.4545454545454546,
        "balanced_accuracy": 0.5104895104895105,
        "description": "Agreement analysis between 'simple verify' and 'original correctness'."
    },
    "complex verify": {
        "agreement_count": "12",
        "agreement_percentage": 50.0,
        "mcc": 0.006993006993006993,
        "accuracy": 0.5,
        "precision": 0.5454545454545454,
        "recall": 0.46153846153846156,
        "f1_score": 0.4999999999999999,
        "balanced_accuracy": 0.5034965034965035,
        "description": "Agreement analysis between 'complex verify' and 'original correctness'."
    },
    "summary verify": {
        "agreement_count": "12",
        "agreement_percentage": 50.0,
        "mcc": 0.006993006993006993,
        "accuracy": 0.5,
        "precision": 0.5454545454545454,
        "recall": 0.46153846153846156,
        "f1_score": 0.4999999999999999,
        "balanced_accuracy": 0.5034965034965035,
        "description": "Agreement analysis between 'summary verify' and 'original correctness'."
    },
    "simple verify fsl": {
        "agreement_count": "13",
        "agreement_percentage": 54.166666666666664,
        "mcc": 0.11826247919781652,
        "accuracy": 0.5416666666666666,
        "precision": 0.625,
        "recall": 0.38461538461538464,
        "f1_score": 0.4761904761904762,
        "balanced_accuracy": 0.5559440559440559,
        "description": "Agreement analysis between 'simple verify fsl' and 'original correctness'."
    },
    "complex verify fsl": {
        "agreement_count": "11",
        "agreement_percentage": 45.83333333333333,
        "mcc": -0.04828045495852676,
        "accuracy": 0.4583333333333333,
        "precision": 0.5,
        "recall": 0.23076923076923078,
        "f1_score": 0.3157894736842105,
        "balanced_accuracy": 0.47902097902097907,
        "description": "Agreement analysis between 'complex verify fsl' and 'original correctness'."
    },
    "summary verify fsl": {
        "agreement_count": "12",
        "agreement_percentage": 50.0,
        "mcc": 0.021591675854376522,
        "accuracy": 0.5,
        "precision": 0.5555555555555556,
        "recall": 0.38461538461538464,
        "f1_score": 0.4545454545454546,
        "balanced_accuracy": 0.5104895104895105,
        "description": "Agreement analysis between 'summary verify fsl' and 'original correctness'."
    }
}