{
    "total_valid_rows": {
        "value": 26,
        "description": "Total number of valid rows after preprocessing and removing invalid entries."
    },
    "summary fsl": {
        "agreement_count": "15",
        "agreement_percentage": 57.692307692307686,
        "mcc": 0.15811388300841897,
        "accuracy": 0.5769230769230769,
        "precision": 0.6923076923076923,
        "recall": 0.5625,
        "f1_score": 0.6206896551724138,
        "balanced_accuracy": 0.58125,
        "description": "Agreement analysis between 'summary fsl' and 'original correctness'."
    },
    "naive correctness fsl": {
        "agreement_count": "12",
        "agreement_percentage": 46.15384615384615,
        "mcc": 0.05773502691896257,
        "accuracy": 0.46153846153846156,
        "precision": 0.6666666666666666,
        "recall": 0.25,
        "f1_score": 0.36363636363636365,
        "balanced_accuracy": 0.525,
        "description": "Agreement analysis between 'naive correctness fsl' and 'original correctness'."
    },
    "simple tree": {
        "agreement_count": "13",
        "agreement_percentage": 50.0,
        "mcc": -0.18516401995451032,
        "accuracy": 0.5,
        "precision": 0.5714285714285714,
        "recall": 0.75,
        "f1_score": 0.6486486486486486,
        "balanced_accuracy": 0.425,
        "description": "Agreement analysis between 'simple tree' and 'original correctness'."
    },
    "complex tree": {
        "agreement_count": "13",
        "agreement_percentage": 50.0,
        "mcc": -0.07669649888473705,
        "accuracy": 0.5,
        "precision": 0.5882352941176471,
        "recall": 0.625,
        "f1_score": 0.6060606060606061,
        "balanced_accuracy": 0.4625,
        "description": "Agreement analysis between 'complex tree' and 'original correctness'."
    },
    "vanilla": {
        "agreement_count": "17",
        "agreement_percentage": 65.38461538461539,
        "mcc": 0.2556549962824568,
        "accuracy": 0.6538461538461539,
        "precision": 0.7058823529411765,
        "recall": 0.75,
        "f1_score": 0.7272727272727272,
        "balanced_accuracy": 0.625,
        "description": "Agreement analysis between 'vanilla' and 'original correctness'."
    },
    "vanilla_no_cot": {
        "agreement_count": "8",
        "agreement_percentage": 30.76923076923077,
        "mcc": -0.3294039229342062,
        "accuracy": 0.3076923076923077,
        "precision": 0.375,
        "recall": 0.1875,
        "f1_score": 0.25,
        "balanced_accuracy": 0.34375,
        "description": "Agreement analysis between 'vanilla_no_cot' and 'original correctness'."
    },
    "summary": {
        "agreement_count": "14",
        "agreement_percentage": 53.84615384615385,
        "mcc": 0.060993754559283325,
        "accuracy": 0.5384615384615384,
        "precision": 0.6428571428571429,
        "recall": 0.5625,
        "f1_score": 0.6000000000000001,
        "balanced_accuracy": 0.53125,
        "description": "Agreement analysis between 'summary' and 'original correctness'."
    },
    "simple verify": {
        "agreement_count": "16",
        "agreement_percentage": 61.53846153846154,
        "mcc": 0.1875,
        "accuracy": 0.6153846153846154,
        "precision": 0.6875,
        "recall": 0.6875,
        "f1_score": 0.6875,
        "balanced_accuracy": 0.59375,
        "description": "Agreement analysis between 'simple verify' and 'original correctness'."
    },
    "complex verify": {
        "agreement_count": "14",
        "agreement_percentage": 53.84615384615385,
        "mcc": 0.060993754559283325,
        "accuracy": 0.5384615384615384,
        "precision": 0.6428571428571429,
        "recall": 0.5625,
        "f1_score": 0.6000000000000001,
        "balanced_accuracy": 0.53125,
        "description": "Agreement analysis between 'complex verify' and 'original correctness'."
    },
    "summary verify": {
        "agreement_count": "13",
        "agreement_percentage": 50.0,
        "mcc": -0.03692744729379982,
        "accuracy": 0.5,
        "precision": 0.6,
        "recall": 0.5625,
        "f1_score": 0.5806451612903225,
        "balanced_accuracy": 0.48125,
        "description": "Agreement analysis between 'summary verify' and 'original correctness'."
    },
    "simple verify fsl": {
        "agreement_count": "16",
        "agreement_percentage": 61.53846153846154,
        "mcc": 0.3557562367689427,
        "accuracy": 0.6153846153846154,
        "precision": 0.875,
        "recall": 0.4375,
        "f1_score": 0.5833333333333334,
        "balanced_accuracy": 0.66875,
        "description": "Agreement analysis between 'simple verify fsl' and 'original correctness'."
    },
    "complex verify fsl": {
        "agreement_count": "14",
        "agreement_percentage": 53.84615384615385,
        "mcc": 0.24537386440559092,
        "accuracy": 0.5384615384615384,
        "precision": 0.8333333333333334,
        "recall": 0.3125,
        "f1_score": 0.45454545454545453,
        "balanced_accuracy": 0.60625,
        "description": "Agreement analysis between 'complex verify fsl' and 'original correctness'."
    },
    "summary verify fsl": {
        "agreement_count": "15",
        "agreement_percentage": 57.692307692307686,
        "mcc": 0.19694638556693236,
        "accuracy": 0.5769230769230769,
        "precision": 0.7272727272727273,
        "recall": 0.5,
        "f1_score": 0.5925925925925926,
        "balanced_accuracy": 0.6,
        "description": "Agreement analysis between 'summary verify fsl' and 'original correctness'."
    }
}