{
    "total_valid_rows": {
        "value": 312,
        "description": "Total number of valid rows after preprocessing and removing invalid entries."
    },
    "summary fsl": {
        "agreement_count": "165",
        "agreement_percentage": 52.88461538461539,
        "mcc": -0.02949531971820852,
        "accuracy": 0.5288461538461539,
        "precision": 0.4074074074074074,
        "recall": 0.07746478873239436,
        "f1_score": 0.13017751479289938,
        "balanced_accuracy": 0.4916735708367854,
        "description": "Agreement analysis between 'summary fsl' and 'original correctness'."
    },
    "naive correctness fsl": {
        "agreement_count": "171",
        "agreement_percentage": 54.807692307692314,
        "mcc": 0.04536179221950838,
        "accuracy": 0.5480769230769231,
        "precision": 0.5116279069767442,
        "recall": 0.15492957746478872,
        "f1_score": 0.2378378378378378,
        "balanced_accuracy": 0.5157000828500414,
        "description": "Agreement analysis between 'naive correctness fsl' and 'original correctness'."
    },
    "simple tree": {
        "agreement_count": "151",
        "agreement_percentage": 48.3974358974359,
        "mcc": -0.04979988403660108,
        "accuracy": 0.483974358974359,
        "precision": 0.4251968503937008,
        "recall": 0.38028169014084506,
        "f1_score": 0.4014869888475836,
        "balanced_accuracy": 0.4754349627174813,
        "description": "Agreement analysis between 'simple tree' and 'original correctness'."
    },
    "complex tree": {
        "agreement_count": "152",
        "agreement_percentage": 48.717948717948715,
        "mcc": 0.055951228442139685,
        "accuracy": 0.48717948717948717,
        "precision": 0.4664179104477612,
        "recall": 0.8802816901408451,
        "f1_score": 0.6097560975609757,
        "balanced_accuracy": 0.5195526097763049,
        "description": "Agreement analysis between 'complex tree' and 'original correctness'."
    },
    "vanilla": {
        "agreement_count": "156",
        "agreement_percentage": 50.0,
        "mcc": 0.06364472157283435,
        "accuracy": 0.5,
        "precision": 0.4715447154471545,
        "recall": 0.8169014084507042,
        "f1_score": 0.597938144329897,
        "balanced_accuracy": 0.5260977630488816,
        "description": "Agreement analysis between 'vanilla' and 'original correctness'."
    },
    "summary": {
        "agreement_count": "157",
        "agreement_percentage": 50.32051282051282,
        "mcc": 0.07492365283020172,
        "accuracy": 0.5032051282051282,
        "precision": 0.4738955823293173,
        "recall": 0.8309859154929577,
        "f1_score": 0.6035805626598466,
        "balanced_accuracy": 0.5301988400994201,
        "description": "Agreement analysis between 'summary' and 'original correctness'."
    },
    "simple verify": {
        "agreement_count": "152",
        "agreement_percentage": 48.717948717948715,
        "mcc": -0.022295745077259118,
        "accuracy": 0.48717948717948717,
        "precision": 0.4444444444444444,
        "recall": 0.5070422535211268,
        "f1_score": 0.47368421052631576,
        "balanced_accuracy": 0.4888152444076222,
        "description": "Agreement analysis between 'simple verify' and 'original correctness'."
    },
    "complex verify": {
        "agreement_count": "159",
        "agreement_percentage": 50.96153846153846,
        "mcc": 0.0245480598027447,
        "accuracy": 0.5096153846153846,
        "precision": 0.4666666666666667,
        "recall": 0.5422535211267606,
        "f1_score": 0.501628664495114,
        "balanced_accuracy": 0.5123032311516156,
        "description": "Agreement analysis between 'complex verify' and 'original correctness'."
    },
    "summary verify": {
        "agreement_count": "162",
        "agreement_percentage": 51.92307692307693,
        "mcc": 0.02841013526678003,
        "accuracy": 0.5192307692307693,
        "precision": 0.47101449275362317,
        "recall": 0.45774647887323944,
        "f1_score": 0.4642857142857143,
        "balanced_accuracy": 0.5141673570836786,
        "description": "Agreement analysis between 'summary verify' and 'original correctness'."
    },
    "simple verify fsl": {
        "agreement_count": "163",
        "agreement_percentage": 52.243589743589745,
        "mcc": 0.042187214513410884,
        "accuracy": 0.5224358974358975,
        "precision": 0.4768211920529801,
        "recall": 0.5070422535211268,
        "f1_score": 0.49146757679180886,
        "balanced_accuracy": 0.5211681855840928,
        "description": "Agreement analysis between 'simple verify fsl' and 'original correctness'."
    },
    "complex verify fsl": {
        "agreement_count": "153",
        "agreement_percentage": 49.03846153846153,
        "mcc": -0.02691121789923509,
        "accuracy": 0.49038461538461536,
        "precision": 0.4405594405594406,
        "recall": 0.44366197183098594,
        "f1_score": 0.4421052631578948,
        "balanced_accuracy": 0.4865368682684341,
        "description": "Agreement analysis between 'complex verify fsl' and 'original correctness'."
    },
    "summary verify fsl": {
        "agreement_count": "155",
        "agreement_percentage": 49.67948717948718,
        "mcc": -8.272163812200728e-05,
        "accuracy": 0.4967948717948718,
        "precision": 0.4550898203592814,
        "recall": 0.5352112676056338,
        "f1_score": 0.49190938511326854,
        "balanced_accuracy": 0.4999585749792875,
        "description": "Agreement analysis between 'summary verify fsl' and 'original correctness'."
    }
}