{
    "total_valid_rows": {
        "value": 137,
        "description": "Total number of valid rows after preprocessing and removing invalid entries."
    },
    "summary fsl": {
        "agreement_count": "73",
        "agreement_percentage": 53.284671532846716,
        "mcc": 0.08183019347857481,
        "accuracy": 0.5328467153284672,
        "precision": 0.6153846153846154,
        "recall": 0.11940298507462686,
        "f1_score": 0.19999999999999998,
        "balanced_accuracy": 0.5239872068230277,
        "description": "Agreement analysis between 'summary fsl' and 'original correctness'."
    },
    "naive correctness fsl": {
        "agreement_count": "76",
        "agreement_percentage": 55.47445255474452,
        "mcc": 0.1223144956918772,
        "accuracy": 0.5547445255474452,
        "precision": 0.6153846153846154,
        "recall": 0.23880597014925373,
        "f1_score": 0.3440860215053763,
        "balanced_accuracy": 0.5479744136460554,
        "description": "Agreement analysis between 'naive correctness fsl' and 'original correctness'."
    },
    "simple tree": {
        "agreement_count": "85",
        "agreement_percentage": 62.04379562043796,
        "mcc": 0.2563760839457942,
        "accuracy": 0.6204379562043796,
        "precision": 0.5862068965517241,
        "recall": 0.7611940298507462,
        "f1_score": 0.6623376623376623,
        "balanced_accuracy": 0.623454157782516,
        "description": "Agreement analysis between 'simple tree' and 'original correctness'."
    },
    "complex tree": {
        "agreement_count": "80",
        "agreement_percentage": 58.3941605839416,
        "mcc": 0.17407124586900335,
        "accuracy": 0.583941605839416,
        "precision": 0.5625,
        "recall": 0.6716417910447762,
        "f1_score": 0.6122448979591838,
        "balanced_accuracy": 0.585820895522388,
        "description": "Agreement analysis between 'complex tree' and 'original correctness'."
    },
    "vanilla": {
        "agreement_count": "83",
        "agreement_percentage": 60.58394160583942,
        "mcc": 0.22604488921300164,
        "accuracy": 0.6058394160583942,
        "precision": 0.5747126436781609,
        "recall": 0.746268656716418,
        "f1_score": 0.6493506493506493,
        "balanced_accuracy": 0.6088486140724947,
        "description": "Agreement analysis between 'vanilla' and 'original correctness'."
    },
    "vanilla_no_cot": {
        "agreement_count": "80",
        "agreement_percentage": 58.3941605839416,
        "mcc": 0.17142955710618896,
        "accuracy": 0.583941605839416,
        "precision": 0.6136363636363636,
        "recall": 0.40298507462686567,
        "f1_score": 0.4864864864864865,
        "balanced_accuracy": 0.5800639658848614,
        "description": "Agreement analysis between 'vanilla_no_cot' and 'original correctness'."
    },
    "summary": {
        "agreement_count": "84",
        "agreement_percentage": 61.31386861313869,
        "mcc": 0.22686567164179106,
        "accuracy": 0.6131386861313869,
        "precision": 0.6,
        "recall": 0.6268656716417911,
        "f1_score": 0.6131386861313868,
        "balanced_accuracy": 0.6134328358208956,
        "description": "Agreement analysis between 'summary' and 'original correctness'."
    },
    "simple verify": {
        "agreement_count": "81",
        "agreement_percentage": 59.12408759124088,
        "mcc": 0.18970776552366425,
        "accuracy": 0.5912408759124088,
        "precision": 0.5679012345679012,
        "recall": 0.6865671641791045,
        "f1_score": 0.6216216216216215,
        "balanced_accuracy": 0.5932835820895522,
        "description": "Agreement analysis between 'simple verify' and 'original correctness'."
    },
    "complex verify": {
        "agreement_count": "83",
        "agreement_percentage": 60.58394160583942,
        "mcc": 0.217659287130048,
        "accuracy": 0.6058394160583942,
        "precision": 0.5822784810126582,
        "recall": 0.6865671641791045,
        "f1_score": 0.6301369863013699,
        "balanced_accuracy": 0.6075692963752666,
        "description": "Agreement analysis between 'complex verify' and 'original correctness'."
    },
    "summary verify": {
        "agreement_count": "78",
        "agreement_percentage": 56.934306569343065,
        "mcc": 0.14314029791898358,
        "accuracy": 0.5693430656934306,
        "precision": 0.5512820512820513,
        "recall": 0.6417910447761194,
        "f1_score": 0.593103448275862,
        "balanced_accuracy": 0.5708955223880596,
        "description": "Agreement analysis between 'summary verify' and 'original correctness'."
    },
    "simple verify fsl": {
        "agreement_count": "75",
        "agreement_percentage": 54.74452554744526,
        "mcc": 0.09403020845045479,
        "accuracy": 0.5474452554744526,
        "precision": 0.5609756097560976,
        "recall": 0.34328358208955223,
        "f1_score": 0.42592592592592593,
        "balanced_accuracy": 0.5430703624733475,
        "description": "Agreement analysis between 'simple verify fsl' and 'original correctness'."
    },
    "complex verify fsl": {
        "agreement_count": "75",
        "agreement_percentage": 54.74452554744526,
        "mcc": 0.09272427506276013,
        "accuracy": 0.5474452554744526,
        "precision": 0.5531914893617021,
        "recall": 0.3880597014925373,
        "f1_score": 0.456140350877193,
        "balanced_accuracy": 0.5440298507462686,
        "description": "Agreement analysis between 'complex verify fsl' and 'original correctness'."
    },
    "summary verify fsl": {
        "agreement_count": "82",
        "agreement_percentage": 59.854014598540154,
        "mcc": 0.20270232584593317,
        "accuracy": 0.5985401459854015,
        "precision": 0.6363636363636364,
        "recall": 0.417910447761194,
        "f1_score": 0.5045045045045046,
        "balanced_accuracy": 0.5946695095948827,
        "description": "Agreement analysis between 'summary verify fsl' and 'original correctness'."
    }
}