{
    "total_valid_rows": {
        "value": 316,
        "description": "Total number of valid rows after preprocessing and removing invalid entries."
    },
    "tester": {
        "agreement_count": "147",
        "agreement_percentage": 46.51898734177215,
        "mcc": 0.11454453029975485,
        "accuracy": 0.4651898734177215,
        "precision": 1.0,
        "recall": 0.028735632183908046,
        "f1_score": 0.055865921787709494,
        "balanced_accuracy": 0.514367816091954,
        "description": "Agreement analysis between 'tester' and 'original correctness'."
    }
}