{
    "total_valid_rows": {
        "value": 319,
        "description": "Total number of valid rows after preprocessing and removing invalid entries."
    },
    "tester": {
        "agreement_count": "149",
        "agreement_percentage": 46.70846394984326,
        "mcc": 0.15068773678352193,
        "accuracy": 0.4670846394984326,
        "precision": 1.0,
        "recall": 0.05027932960893855,
        "f1_score": 0.09574468085106383,
        "balanced_accuracy": 0.5251396648044693,
        "description": "Agreement analysis between 'tester' and 'original correctness'."
    }
}