{
    "total_valid_rows": {
        "value": 150,
        "description": "Total number of valid rows after preprocessing and removing invalid entries."
    },
    "Function summary": {
        "agreement_count": "105",
        "agreement_percentage": 70.0,
        "mcc": 0.09978375676845821,
        "accuracy": 0.7,
        "precision": 0.8347826086956521,
        "recall": 0.7868852459016393,
        "f1_score": 0.810126582278481,
        "balanced_accuracy": 0.5541569086651054,
        "description": "Agreement analysis between 'Correctness' and 'original correctness'."
    },
    "Naive": {
        "agreement_count": "113",
        "agreement_percentage": 75.33333333333333,
        "mcc": 0.0747627235972176,
        "accuracy": 0.7533333333333333,
        "precision": 0.8244274809160306,
        "recall": 0.8852459016393442,
        "f1_score": 0.8537549407114624,
        "balanced_accuracy": 0.5319086651053864,
        "description": "Agreement analysis between 'naive correctness' and 'original correctness'."
    },
    "Complex tree": {
        "agreement_count": "107",
        "agreement_percentage": 71.33333333333334,
        "mcc": 0.09352437725761635,
        "accuracy": 0.7133333333333334,
        "precision": 0.8319327731092437,
        "recall": 0.8114754098360656,
        "f1_score": 0.8215767634854773,
        "balanced_accuracy": 0.5485948477751756,
        "description": "Agreement analysis between 'annotated correctness' and 'original correctness'."
    },
    "Simple tree": {
        "agreement_count": "112",
        "agreement_percentage": 74.66666666666667,
        "mcc": 0.06375408189304886,
        "accuracy": 0.7466666666666667,
        "precision": 0.823076923076923,
        "recall": 0.8770491803278688,
        "f1_score": 0.8492063492063492,
        "balanced_accuracy": 0.5278103044496487,
        "description": "Agreement analysis between 'annotated correctness simple' and 'original correctness'."
    },
    "Naive No FSL": {
        "agreement_count": "112",
        "agreement_percentage": 74.66666666666667,
        "mcc": 0.06375408189304886,
        "accuracy": 0.7466666666666667,
        "precision": 0.823076923076923,
        "recall": 0.8770491803278688,
        "f1_score": 0.8492063492063492,
        "balanced_accuracy": 0.5278103044496487,
        "description": "Agreement analysis between 'naive no fsl correctness' and 'original correctness'."
    },
    "Function summary no FSL": {
        "agreement_count": "91",
        "agreement_percentage": 60.66666666666667,
        "mcc": 0.08318890904284366,
        "accuracy": 0.6066666666666667,
        "precision": 0.8387096774193549,
        "recall": 0.639344262295082,
        "f1_score": 0.7255813953488371,
        "balanced_accuracy": 0.5518149882903982,
        "description": "Agreement analysis between 'Correctness no fsl' and 'original correctness'."
    },
    "Simple verify": {
        "agreement_count": "118",
        "agreement_percentage": 78.66666666666666,
        "mcc": 0.16701947464604833,
        "accuracy": 0.7866666666666666,
        "precision": 0.835820895522388,
        "recall": 0.9180327868852459,
        "f1_score": 0.875,
        "balanced_accuracy": 0.5661592505854801,
        "description": "Agreement analysis between 'simple verify' and 'original correctness'."
    },
    "Complex verify": {
        "agreement_count": "116",
        "agreement_percentage": 77.33333333333333,
        "mcc": 0.13899943557919542,
        "accuracy": 0.7733333333333333,
        "precision": 0.8333333333333334,
        "recall": 0.9016393442622951,
        "f1_score": 0.8661417322834646,
        "balanced_accuracy": 0.5579625292740047,
        "description": "Agreement analysis between 'complex verify' and 'original correctness'."
    },
    "Default verify": {
        "agreement_count": "117",
        "agreement_percentage": 78.0,
        "mcc": 0.17764720561173722,
        "accuracy": 0.78,
        "precision": 0.8396946564885496,
        "recall": 0.9016393442622951,
        "f1_score": 0.8695652173913043,
        "balanced_accuracy": 0.5758196721311475,
        "description": "Agreement analysis between 'default verify' and 'original correctness'."
    },
    "Simple verify no FSL": {
        "agreement_count": "112",
        "agreement_percentage": 74.66666666666667,
        "mcc": 0.03369683286768373,
        "accuracy": 0.7466666666666667,
        "precision": 0.8181818181818182,
        "recall": 0.8852459016393442,
        "f1_score": 0.8503937007874016,
        "balanced_accuracy": 0.5140515222482436,
        "description": "Agreement analysis between 'simple verify no fsl' and 'original correctness'."
    },
    "Complex verify no FSL": {
        "agreement_count": "114",
        "agreement_percentage": 76.0,
        "mcc": 0.056165841031414476,
        "accuracy": 0.76,
        "precision": 0.8208955223880597,
        "recall": 0.9016393442622951,
        "f1_score": 0.8593750000000001,
        "balanced_accuracy": 0.522248243559719,
        "description": "Agreement analysis between 'complex verify no fsl' and 'original correctness'."
    },
    "Default verify no FSL": {
        "agreement_count": "116",
        "agreement_percentage": 77.33333333333333,
        "mcc": 0.13899943557919542,
        "accuracy": 0.7733333333333333,
        "precision": 0.8333333333333334,
        "recall": 0.9016393442622951,
        "f1_score": 0.8661417322834646,
        "balanced_accuracy": 0.5579625292740047,
        "description": "Agreement analysis between 'default verify no fsl' and 'original correctness'."
    },
    "naive_correctness_vs_correctness_diff": {
        "description": "Analysis of cases where 'naive correctness' and 'Correctness' differ.",
        "count": 30,
        "original_agreement_count": "19",
        "original_agreement_percentage": 63.33333333333333
    },
    "naive_correctness_vs_correctness_same": {
        "description": "Analysis of cases where 'naive correctness' and 'Correctness' are the same.",
        "count": 120,
        "original_agreement_count": "94",
        "original_disagreement_count": "26"
    }
}