{
    "total_valid_rows": {
        "value": 13,
        "description": "Total number of valid rows after preprocessing and removing invalid entries."
    },
    "Function summary": {
        "agreement_count": "6",
        "agreement_percentage": 46.15384615384615,
        "mcc": -0.05143444998736397,
        "accuracy": 0.46153846153846156,
        "precision": 0.6666666666666666,
        "recall": 0.4444444444444444,
        "f1_score": 0.5333333333333333,
        "balanced_accuracy": 0.4722222222222222,
        "description": "Agreement analysis between 'Correctness' and 'original correctness'."
    },
    "Naive": {
        "agreement_count": "5",
        "agreement_percentage": 38.46153846153847,
        "mcc": -0.2828894749305018,
        "accuracy": 0.38461538461538464,
        "precision": 0.5714285714285714,
        "recall": 0.4444444444444444,
        "f1_score": 0.5,
        "balanced_accuracy": 0.3472222222222222,
        "description": "Agreement analysis between 'naive correctness' and 'original correctness'."
    },
    "Complex tree": {
        "agreement_count": "3",
        "agreement_percentage": 23.076923076923077,
        "mcc": -0.42600643361512924,
        "accuracy": 0.23076923076923078,
        "precision": 0.3333333333333333,
        "recall": 0.1111111111111111,
        "f1_score": 0.16666666666666666,
        "balanced_accuracy": 0.3055555555555556,
        "description": "Agreement analysis between 'annotated correctness' and 'original correctness'."
    },
    "Simple tree": {
        "agreement_count": "5",
        "agreement_percentage": 38.46153846153847,
        "mcc": -0.4444444444444444,
        "accuracy": 0.38461538461538464,
        "precision": 0.5555555555555556,
        "recall": 0.5555555555555556,
        "f1_score": 0.5555555555555556,
        "balanced_accuracy": 0.2777777777777778,
        "description": "Agreement analysis between 'annotated correctness simple' and 'original correctness'."
    },
    "Naive No FSL": {
        "agreement_count": "3",
        "agreement_percentage": 23.076923076923077,
        "mcc": -0.5006939628599933,
        "accuracy": 0.23076923076923078,
        "precision": 0.4,
        "recall": 0.2222222222222222,
        "f1_score": 0.2857142857142857,
        "balanced_accuracy": 0.2361111111111111,
        "description": "Agreement analysis between 'naive no fsl correctness' and 'original correctness'."
    },
    "Function summary no FSL": {
        "agreement_count": "6",
        "agreement_percentage": 46.15384615384615,
        "mcc": -0.05143444998736397,
        "accuracy": 0.46153846153846156,
        "precision": 0.6666666666666666,
        "recall": 0.4444444444444444,
        "f1_score": 0.5333333333333333,
        "balanced_accuracy": 0.4722222222222222,
        "description": "Agreement analysis between 'Correctness no fsl' and 'original correctness'."
    },
    "Simple verify": {
        "agreement_count": "7",
        "agreement_percentage": 53.84615384615385,
        "mcc": -0.08333333333333333,
        "accuracy": 0.5384615384615384,
        "precision": 0.6666666666666666,
        "recall": 0.6666666666666666,
        "f1_score": 0.6666666666666666,
        "balanced_accuracy": 0.4583333333333333,
        "description": "Agreement analysis between 'simple verify' and 'original correctness'."
    },
    "Complex verify": {
        "agreement_count": "9",
        "agreement_percentage": 69.23076923076923,
        "mcc": 0.2777777777777778,
        "accuracy": 0.6923076923076923,
        "precision": 0.7777777777777778,
        "recall": 0.7777777777777778,
        "f1_score": 0.7777777777777778,
        "balanced_accuracy": 0.6388888888888888,
        "description": "Agreement analysis between 'complex verify' and 'original correctness'."
    },
    "Default verify": {
        "agreement_count": "8",
        "agreement_percentage": 61.53846153846154,
        "mcc": 0.15811388300841897,
        "accuracy": 0.6153846153846154,
        "precision": 0.75,
        "recall": 0.6666666666666666,
        "f1_score": 0.7058823529411765,
        "balanced_accuracy": 0.5833333333333333,
        "description": "Agreement analysis between 'default verify' and 'original correctness'."
    },
    "Simple verify no FSL": {
        "agreement_count": "5",
        "agreement_percentage": 38.46153846153847,
        "mcc": -0.4444444444444444,
        "accuracy": 0.38461538461538464,
        "precision": 0.5555555555555556,
        "recall": 0.5555555555555556,
        "f1_score": 0.5555555555555556,
        "balanced_accuracy": 0.2777777777777778,
        "description": "Agreement analysis between 'simple verify no fsl' and 'original correctness'."
    },
    "Complex verify no FSL": {
        "agreement_count": "5",
        "agreement_percentage": 38.46153846153847,
        "mcc": -0.4444444444444444,
        "accuracy": 0.38461538461538464,
        "precision": 0.5555555555555556,
        "recall": 0.5555555555555556,
        "f1_score": 0.5555555555555556,
        "balanced_accuracy": 0.2777777777777778,
        "description": "Agreement analysis between 'complex verify no fsl' and 'original correctness'."
    },
    "Default verify no FSL": {
        "agreement_count": "8",
        "agreement_percentage": 61.53846153846154,
        "mcc": 0.03042903097250923,
        "accuracy": 0.6153846153846154,
        "precision": 0.7,
        "recall": 0.7777777777777778,
        "f1_score": 0.7368421052631577,
        "balanced_accuracy": 0.5138888888888888,
        "description": "Agreement analysis between 'default verify no fsl' and 'original correctness'."
    },
    "naive_correctness_vs_correctness_diff": {
        "description": "Analysis of cases where 'naive correctness' and 'Correctness' differ.",
        "count": 5,
        "original_agreement_count": "2",
        "original_agreement_percentage": 40.0
    },
    "naive_correctness_vs_correctness_same": {
        "description": "Analysis of cases where 'naive correctness' and 'Correctness' are the same.",
        "count": 8,
        "original_agreement_count": "3",
        "original_disagreement_count": "5"
    }
}