{
    "total_valid_rows": {
        "value": 29,
        "description": "Total number of valid rows after preprocessing and removing invalid entries."
    },
    "summary fsl": {
        "agreement_count": "14",
        "agreement_percentage": 48.275862068965516,
        "mcc": 0,
        "accuracy": 0.4827586206896552,
        "precision": 0,
        "recall": 0.0,
        "f1_score": 0,
        "balanced_accuracy": 0.5,
        "description": "Agreement analysis between 'summary fsl' and 'original correctness'."
    },
    "naive correctness fsl": {
        "agreement_count": "14",
        "agreement_percentage": 48.275862068965516,
        "mcc": 0,
        "accuracy": 0.4827586206896552,
        "precision": 0,
        "recall": 0.0,
        "f1_score": 0,
        "balanced_accuracy": 0.5,
        "description": "Agreement analysis between 'naive correctness fsl' and 'original correctness'."
    },
    "simple tree": {
        "agreement_count": "16",
        "agreement_percentage": 55.172413793103445,
        "mcc": 0.10009272139219581,
        "accuracy": 0.5517241379310345,
        "precision": 0.5454545454545454,
        "recall": 0.8,
        "f1_score": 0.6486486486486486,
        "balanced_accuracy": 0.5428571428571429,
        "description": "Agreement analysis between 'simple tree' and 'original correctness'."
    },
    "complex tree": {
        "agreement_count": "19",
        "agreement_percentage": 65.51724137931035,
        "mcc": 0.35832791656553936,
        "accuracy": 0.6551724137931034,
        "precision": 0.6086956521739131,
        "recall": 0.9333333333333333,
        "f1_score": 0.7368421052631579,
        "balanced_accuracy": 0.6452380952380953,
        "description": "Agreement analysis between 'complex tree' and 'original correctness'."
    },
    "vanilla": {
        "agreement_count": "15",
        "agreement_percentage": 51.724137931034484,
        "mcc": 0.028988551782622423,
        "accuracy": 0.5172413793103449,
        "precision": 0.5294117647058824,
        "recall": 0.6,
        "f1_score": 0.5625,
        "balanced_accuracy": 0.5142857142857142,
        "description": "Agreement analysis between 'vanilla' and 'original correctness'."
    },
    "vanilla_no_cot": {
        "agreement_count": "16",
        "agreement_percentage": 55.172413793103445,
        "mcc": 0.15272993165088564,
        "accuracy": 0.5517241379310345,
        "precision": 0.6666666666666666,
        "recall": 0.26666666666666666,
        "f1_score": 0.3809523809523809,
        "balanced_accuracy": 0.5619047619047619,
        "description": "Agreement analysis between 'vanilla_no_cot' and 'original correctness'."
    },
    "summary": {
        "agreement_count": "18",
        "agreement_percentage": 62.06896551724138,
        "mcc": 0.24030003692073737,
        "accuracy": 0.6206896551724138,
        "precision": 0.6111111111111112,
        "recall": 0.7333333333333333,
        "f1_score": 0.6666666666666666,
        "balanced_accuracy": 0.6166666666666667,
        "description": "Agreement analysis between 'summary' and 'original correctness'."
    },
    "simple verify": {
        "agreement_count": "10",
        "agreement_percentage": 34.48275862068966,
        "mcc": -0.30952380952380953,
        "accuracy": 0.3448275862068966,
        "precision": 0.35714285714285715,
        "recall": 0.3333333333333333,
        "f1_score": 0.3448275862068965,
        "balanced_accuracy": 0.34523809523809523,
        "description": "Agreement analysis between 'simple verify' and 'original correctness'."
    },
    "complex verify": {
        "agreement_count": "16",
        "agreement_percentage": 55.172413793103445,
        "mcc": 0.11112278183338595,
        "accuracy": 0.5517241379310345,
        "precision": 0.5833333333333334,
        "recall": 0.4666666666666667,
        "f1_score": 0.5185185185185186,
        "balanced_accuracy": 0.5547619047619048,
        "description": "Agreement analysis between 'complex verify' and 'original correctness'."
    },
    "summary verify": {
        "agreement_count": "17",
        "agreement_percentage": 58.620689655172406,
        "mcc": 0.1690998853986308,
        "accuracy": 0.5862068965517241,
        "precision": 0.5882352941176471,
        "recall": 0.6666666666666666,
        "f1_score": 0.625,
        "balanced_accuracy": 0.5833333333333333,
        "description": "Agreement analysis between 'summary verify' and 'original correctness'."
    },
    "simple verify fsl": {
        "agreement_count": "16",
        "agreement_percentage": 55.172413793103445,
        "mcc": 0.12015028183722214,
        "accuracy": 0.5517241379310345,
        "precision": 0.6,
        "recall": 0.4,
        "f1_score": 0.48,
        "balanced_accuracy": 0.5571428571428572,
        "description": "Agreement analysis between 'simple verify fsl' and 'original correctness'."
    },
    "complex verify fsl": {
        "agreement_count": "17",
        "agreement_percentage": 58.620689655172406,
        "mcc": 0.20059435495071948,
        "accuracy": 0.5862068965517241,
        "precision": 0.6666666666666666,
        "recall": 0.4,
        "f1_score": 0.5,
        "balanced_accuracy": 0.5928571428571429,
        "description": "Agreement analysis between 'complex verify fsl' and 'original correctness'."
    },
    "summary verify fsl": {
        "agreement_count": "20",
        "agreement_percentage": 68.96551724137932,
        "mcc": 0.4105134629438423,
        "accuracy": 0.6896551724137931,
        "precision": 0.8,
        "recall": 0.5333333333333333,
        "f1_score": 0.64,
        "balanced_accuracy": 0.6952380952380952,
        "description": "Agreement analysis between 'summary verify fsl' and 'original correctness'."
    }
}