{
    "total_valid_rows": {
        "value": 22,
        "description": "Total number of valid rows after preprocessing and removing invalid entries."
    },
    "summary fsl": {
        "agreement_count": "8",
        "agreement_percentage": 36.36363636363637,
        "mcc": 0,
        "accuracy": 0.36363636363636365,
        "precision": 0,
        "recall": 0.0,
        "f1_score": 0,
        "balanced_accuracy": 0.5,
        "description": "Agreement analysis between 'summary fsl' and 'original correctness'."
    },
    "naive correctness fsl": {
        "agreement_count": "7",
        "agreement_percentage": 31.818181818181817,
        "mcc": -0.28867513459481287,
        "accuracy": 0.3181818181818182,
        "precision": 0.0,
        "recall": 0.0,
        "f1_score": 0,
        "balanced_accuracy": 0.4375,
        "description": "Agreement analysis between 'naive correctness fsl' and 'original correctness'."
    },
    "simple tree": {
        "agreement_count": "10",
        "agreement_percentage": 45.45454545454545,
        "mcc": -0.3563483225498992,
        "accuracy": 0.45454545454545453,
        "precision": 0.5555555555555556,
        "recall": 0.7142857142857143,
        "f1_score": 0.6250000000000001,
        "balanced_accuracy": 0.35714285714285715,
        "description": "Agreement analysis between 'simple tree' and 'original correctness'."
    },
    "complex tree": {
        "agreement_count": "10",
        "agreement_percentage": 45.45454545454545,
        "mcc": -0.25074294368839933,
        "accuracy": 0.45454545454545453,
        "precision": 0.5625,
        "recall": 0.6428571428571429,
        "f1_score": 0.6000000000000001,
        "balanced_accuracy": 0.38392857142857145,
        "description": "Agreement analysis between 'complex tree' and 'original correctness'."
    },
    "vanilla": {
        "agreement_count": "9",
        "agreement_percentage": 40.909090909090914,
        "mcc": -0.24459979523511427,
        "accuracy": 0.4090909090909091,
        "precision": 0.5384615384615384,
        "recall": 0.5,
        "f1_score": 0.5185185185185186,
        "balanced_accuracy": 0.375,
        "description": "Agreement analysis between 'vanilla' and 'original correctness'."
    },
    "vanilla_no_cot": {
        "agreement_count": "6",
        "agreement_percentage": 27.27272727272727,
        "mcc": -0.38575837490522974,
        "accuracy": 0.2727272727272727,
        "precision": 0.3333333333333333,
        "recall": 0.14285714285714285,
        "f1_score": 0.2,
        "balanced_accuracy": 0.3214285714285714,
        "description": "Agreement analysis between 'vanilla_no_cot' and 'original correctness'."
    },
    "summary": {
        "agreement_count": "11",
        "agreement_percentage": 50.0,
        "mcc": -0.11065666703449763,
        "accuracy": 0.5,
        "precision": 0.6,
        "recall": 0.6428571428571429,
        "f1_score": 0.6206896551724138,
        "balanced_accuracy": 0.44642857142857145,
        "description": "Agreement analysis between 'summary' and 'original correctness'."
    },
    "simple verify": {
        "agreement_count": "10",
        "agreement_percentage": 45.45454545454545,
        "mcc": -0.06900655593423542,
        "accuracy": 0.45454545454545453,
        "precision": 0.6,
        "recall": 0.42857142857142855,
        "f1_score": 0.5,
        "balanced_accuracy": 0.4642857142857143,
        "description": "Agreement analysis between 'simple verify' and 'original correctness'."
    },
    "complex verify": {
        "agreement_count": "10",
        "agreement_percentage": 45.45454545454545,
        "mcc": -0.17857142857142858,
        "accuracy": 0.45454545454545453,
        "precision": 0.5714285714285714,
        "recall": 0.5714285714285714,
        "f1_score": 0.5714285714285714,
        "balanced_accuracy": 0.4107142857142857,
        "description": "Agreement analysis between 'complex verify' and 'original correctness'."
    },
    "summary verify": {
        "agreement_count": "10",
        "agreement_percentage": 45.45454545454545,
        "mcc": -0.12076147288491199,
        "accuracy": 0.45454545454545453,
        "precision": 0.5833333333333334,
        "recall": 0.5,
        "f1_score": 0.5384615384615384,
        "balanced_accuracy": 0.4375,
        "description": "Agreement analysis between 'summary verify' and 'original correctness'."
    },
    "simple verify fsl": {
        "agreement_count": "6",
        "agreement_percentage": 27.27272727272727,
        "mcc": -0.4485426135725303,
        "accuracy": 0.2727272727272727,
        "precision": 0.4,
        "recall": 0.2857142857142857,
        "f1_score": 0.3333333333333333,
        "balanced_accuracy": 0.26785714285714285,
        "description": "Agreement analysis between 'simple verify fsl' and 'original correctness'."
    },
    "complex verify fsl": {
        "agreement_count": "10",
        "agreement_percentage": 45.45454545454545,
        "mcc": -0.06900655593423542,
        "accuracy": 0.45454545454545453,
        "precision": 0.6,
        "recall": 0.42857142857142855,
        "f1_score": 0.5,
        "balanced_accuracy": 0.4642857142857143,
        "description": "Agreement analysis between 'complex verify fsl' and 'original correctness'."
    },
    "summary verify fsl": {
        "agreement_count": "7",
        "agreement_percentage": 31.818181818181817,
        "mcc": -0.37796447300922725,
        "accuracy": 0.3181818181818182,
        "precision": 0.45454545454545453,
        "recall": 0.35714285714285715,
        "f1_score": 0.4,
        "balanced_accuracy": 0.3035714285714286,
        "description": "Agreement analysis between 'summary verify fsl' and 'original correctness'."
    }
}