{
    "total_valid_rows": {
        "value": 24,
        "description": "Total number of valid rows after preprocessing and removing invalid entries."
    },
    "summary fsl": {
        "agreement_count": "12",
        "agreement_percentage": 50.0,
        "mcc": 0,
        "accuracy": 0.5,
        "precision": 0,
        "recall": 0.0,
        "f1_score": 0,
        "balanced_accuracy": 0.5,
        "description": "Agreement analysis between 'summary fsl' and 'original correctness'."
    },
    "naive correctness fsl": {
        "agreement_count": "14",
        "agreement_percentage": 58.333333333333336,
        "mcc": 0.30151134457776363,
        "accuracy": 0.5833333333333334,
        "precision": 1.0,
        "recall": 0.16666666666666666,
        "f1_score": 0.2857142857142857,
        "balanced_accuracy": 0.5833333333333334,
        "description": "Agreement analysis between 'naive correctness fsl' and 'original correctness'."
    },
    "simple tree": {
        "agreement_count": "13",
        "agreement_percentage": 54.166666666666664,
        "mcc": 0.09166984970282113,
        "accuracy": 0.5416666666666666,
        "precision": 0.5294117647058824,
        "recall": 0.75,
        "f1_score": 0.6206896551724139,
        "balanced_accuracy": 0.5416666666666666,
        "description": "Agreement analysis between 'simple tree' and 'original correctness'."
    },
    "complex tree": {
        "agreement_count": "14",
        "agreement_percentage": 58.333333333333336,
        "mcc": 0.19245008972987526,
        "accuracy": 0.5833333333333334,
        "precision": 0.5555555555555556,
        "recall": 0.8333333333333334,
        "f1_score": 0.6666666666666667,
        "balanced_accuracy": 0.5833333333333334,
        "description": "Agreement analysis between 'complex tree' and 'original correctness'."
    },
    "vanilla": {
        "agreement_count": "14",
        "agreement_percentage": 58.333333333333336,
        "mcc": 0.19245008972987526,
        "accuracy": 0.5833333333333334,
        "precision": 0.5555555555555556,
        "recall": 0.8333333333333334,
        "f1_score": 0.6666666666666667,
        "balanced_accuracy": 0.5833333333333334,
        "description": "Agreement analysis between 'vanilla' and 'original correctness'."
    },
    "vanilla_no_cot": {
        "agreement_count": "20",
        "agreement_percentage": 83.33333333333334,
        "mcc": 0.7071067811865476,
        "accuracy": 0.8333333333333334,
        "precision": 1.0,
        "recall": 0.6666666666666666,
        "f1_score": 0.8,
        "balanced_accuracy": 0.8333333333333333,
        "description": "Agreement analysis between 'vanilla_no_cot' and 'original correctness'."
    },
    "summary": {
        "agreement_count": "17",
        "agreement_percentage": 70.83333333333334,
        "mcc": 0.43033148291193524,
        "accuracy": 0.7083333333333334,
        "precision": 0.6666666666666666,
        "recall": 0.8333333333333334,
        "f1_score": 0.7407407407407408,
        "balanced_accuracy": 0.7083333333333334,
        "description": "Agreement analysis between 'summary' and 'original correctness'."
    },
    "simple verify": {
        "agreement_count": "18",
        "agreement_percentage": 75.0,
        "mcc": 0.5773502691896257,
        "accuracy": 0.75,
        "precision": 1.0,
        "recall": 0.5,
        "f1_score": 0.6666666666666666,
        "balanced_accuracy": 0.75,
        "description": "Agreement analysis between 'simple verify' and 'original correctness'."
    },
    "complex verify": {
        "agreement_count": "12",
        "agreement_percentage": 50.0,
        "mcc": 0.0,
        "accuracy": 0.5,
        "precision": 0.5,
        "recall": 0.25,
        "f1_score": 0.3333333333333333,
        "balanced_accuracy": 0.5,
        "description": "Agreement analysis between 'complex verify' and 'original correctness'."
    },
    "summary verify": {
        "agreement_count": "12",
        "agreement_percentage": 50.0,
        "mcc": 0.0,
        "accuracy": 0.5,
        "precision": 0.5,
        "recall": 0.16666666666666666,
        "f1_score": 0.25,
        "balanced_accuracy": 0.5,
        "description": "Agreement analysis between 'summary verify' and 'original correctness'."
    },
    "simple verify fsl": {
        "agreement_count": "16",
        "agreement_percentage": 66.66666666666666,
        "mcc": 0.3535533905932738,
        "accuracy": 0.6666666666666666,
        "precision": 0.75,
        "recall": 0.5,
        "f1_score": 0.6,
        "balanced_accuracy": 0.6666666666666667,
        "description": "Agreement analysis between 'simple verify fsl' and 'original correctness'."
    },
    "complex verify fsl": {
        "agreement_count": "16",
        "agreement_percentage": 66.66666666666666,
        "mcc": 0.3380617018914066,
        "accuracy": 0.6666666666666666,
        "precision": 0.7,
        "recall": 0.5833333333333334,
        "f1_score": 0.6363636363636365,
        "balanced_accuracy": 0.6666666666666667,
        "description": "Agreement analysis between 'complex verify fsl' and 'original correctness'."
    },
    "summary verify fsl": {
        "agreement_count": "14",
        "agreement_percentage": 58.333333333333336,
        "mcc": 0.1690308509457033,
        "accuracy": 0.5833333333333334,
        "precision": 0.6,
        "recall": 0.5,
        "f1_score": 0.5454545454545454,
        "balanced_accuracy": 0.5833333333333333,
        "description": "Agreement analysis between 'summary verify fsl' and 'original correctness'."
    }
}