{
    "total_valid_rows": {
        "value": 10,
        "description": "Total number of valid rows after preprocessing and removing invalid entries."
    },
    "summary fsl": {
        "agreement_count": "6",
        "agreement_percentage": 60.0,
        "mcc": 0.42857142857142855,
        "accuracy": 0.6,
        "precision": 1.0,
        "recall": 0.42857142857142855,
        "f1_score": 0.6,
        "balanced_accuracy": 0.7142857142857143,
        "description": "Agreement analysis between 'summary fsl' and 'original correctness'."
    },
    "naive correctness fsl": {
        "agreement_count": "6",
        "agreement_percentage": 60.0,
        "mcc": 0.42857142857142855,
        "accuracy": 0.6,
        "precision": 1.0,
        "recall": 0.42857142857142855,
        "f1_score": 0.6,
        "balanced_accuracy": 0.7142857142857143,
        "description": "Agreement analysis between 'naive correctness fsl' and 'original correctness'."
    },
    "simple tree": {
        "agreement_count": "6",
        "agreement_percentage": 60.0,
        "mcc": 0.047619047619047616,
        "accuracy": 0.6,
        "precision": 0.7142857142857143,
        "recall": 0.7142857142857143,
        "f1_score": 0.7142857142857143,
        "balanced_accuracy": 0.5238095238095238,
        "description": "Agreement analysis between 'simple tree' and 'original correctness'."
    },
    "complex tree": {
        "agreement_count": "5",
        "agreement_percentage": 50.0,
        "mcc": -0.0890870806374748,
        "accuracy": 0.5,
        "precision": 0.6666666666666666,
        "recall": 0.5714285714285714,
        "f1_score": 0.6153846153846153,
        "balanced_accuracy": 0.45238095238095233,
        "description": "Agreement analysis between 'complex tree' and 'original correctness'."
    },
    "vanilla": {
        "agreement_count": "6",
        "agreement_percentage": 60.0,
        "mcc": 0.2182178902359924,
        "accuracy": 0.6,
        "precision": 0.8,
        "recall": 0.5714285714285714,
        "f1_score": 0.6666666666666666,
        "balanced_accuracy": 0.6190476190476191,
        "description": "Agreement analysis between 'vanilla' and 'original correctness'."
    },
    "vanilla_no_cot": {
        "agreement_count": "5",
        "agreement_percentage": 50.0,
        "mcc": 0.0890870806374748,
        "accuracy": 0.5,
        "precision": 0.75,
        "recall": 0.42857142857142855,
        "f1_score": 0.5454545454545454,
        "balanced_accuracy": 0.5476190476190476,
        "description": "Agreement analysis between 'vanilla_no_cot' and 'original correctness'."
    },
    "summary": {
        "agreement_count": "5",
        "agreement_percentage": 50.0,
        "mcc": 0.0890870806374748,
        "accuracy": 0.5,
        "precision": 0.75,
        "recall": 0.42857142857142855,
        "f1_score": 0.5454545454545454,
        "balanced_accuracy": 0.5476190476190476,
        "description": "Agreement analysis between 'summary' and 'original correctness'."
    },
    "simple verify": {
        "agreement_count": "6",
        "agreement_percentage": 60.0,
        "mcc": 0.2182178902359924,
        "accuracy": 0.6,
        "precision": 0.8,
        "recall": 0.5714285714285714,
        "f1_score": 0.6666666666666666,
        "balanced_accuracy": 0.6190476190476191,
        "description": "Agreement analysis between 'simple verify' and 'original correctness'."
    },
    "complex verify": {
        "agreement_count": "3",
        "agreement_percentage": 30.0,
        "mcc": -0.3563483225498992,
        "accuracy": 0.3,
        "precision": 0.5,
        "recall": 0.2857142857142857,
        "f1_score": 0.36363636363636365,
        "balanced_accuracy": 0.30952380952380953,
        "description": "Agreement analysis between 'complex verify' and 'original correctness'."
    },
    "summary verify": {
        "agreement_count": "3",
        "agreement_percentage": 30.0,
        "mcc": -0.3563483225498992,
        "accuracy": 0.3,
        "precision": 0.5,
        "recall": 0.2857142857142857,
        "f1_score": 0.36363636363636365,
        "balanced_accuracy": 0.30952380952380953,
        "description": "Agreement analysis between 'summary verify' and 'original correctness'."
    },
    "simple verify fsl": {
        "agreement_count": "6",
        "agreement_percentage": 60.0,
        "mcc": 0.42857142857142855,
        "accuracy": 0.6,
        "precision": 1.0,
        "recall": 0.42857142857142855,
        "f1_score": 0.6,
        "balanced_accuracy": 0.7142857142857143,
        "description": "Agreement analysis between 'simple verify fsl' and 'original correctness'."
    },
    "complex verify fsl": {
        "agreement_count": "6",
        "agreement_percentage": 60.0,
        "mcc": 0.42857142857142855,
        "accuracy": 0.6,
        "precision": 1.0,
        "recall": 0.42857142857142855,
        "f1_score": 0.6,
        "balanced_accuracy": 0.7142857142857143,
        "description": "Agreement analysis between 'complex verify fsl' and 'original correctness'."
    },
    "summary verify fsl": {
        "agreement_count": "5",
        "agreement_percentage": 50.0,
        "mcc": 0.0890870806374748,
        "accuracy": 0.5,
        "precision": 0.75,
        "recall": 0.42857142857142855,
        "f1_score": 0.5454545454545454,
        "balanced_accuracy": 0.5476190476190476,
        "description": "Agreement analysis between 'summary verify fsl' and 'original correctness'."
    }
}