{
    "tester": {
        "Agreement Count": 1008,
        "Balanced Accuracy": 0.522226211079617,
        "True Positive Rate (TPR)": 0.05170630816959669,
        "False Negative Rate (FNR) / Miss Rate": 0.9482936918304034,
        "False Positive Rate (FPR)": 0.007253886010362694,
        "MCC": 0.13135126508938486
    }
}