{
    "total_valid_rows": {
        "value": 1932,
        "description": "Total number of valid rows after preprocessing and removing invalid entries."
    },
    "tester": {
        "agreement_count": "1008",
        "agreement_percentage": 52.17391304347826,
        "mcc": 0.13135126508938486,
        "accuracy": 0.5217391304347826,
        "precision": 0.8771929824561403,
        "recall": 0.05170630816959669,
        "f1_score": 0.09765625,
        "balanced_accuracy": 0.522226211079617,
        "description": "Agreement analysis between 'tester' and 'original correctness'."
    }
}