{
    "total_valid_rows": {
        "value": 95,
        "description": "Total number of valid rows after preprocessing and removing invalid entries."
    },
    "vanilla": {
        "agreement_count": "48",
        "agreement_percentage": 50.526315789473685,
        "mcc": 0.015125495013558083,
        "accuracy": 0.5052631578947369,
        "precision": 0.5,
        "recall": 0.6808510638297872,
        "f1_score": 0.5765765765765766,
        "balanced_accuracy": 0.5070921985815603,
        "description": "Agreement analysis between 'vanilla' and 'original correctness'."
    }
}