{
    "total_valid_rows": {
        "value": 16,
        "description": "Total number of valid rows after preprocessing and removing invalid entries."
    },
    "summary fsl": {
        "agreement_count": "6",
        "agreement_percentage": 37.5,
        "mcc": 0.17407765595569785,
        "accuracy": 0.375,
        "precision": 1.0,
        "recall": 0.09090909090909091,
        "f1_score": 0.16666666666666669,
        "balanced_accuracy": 0.5454545454545454,
        "description": "Agreement analysis between 'summary fsl' and 'original correctness'."
    },
    "naive correctness fsl": {
        "agreement_count": "6",
        "agreement_percentage": 37.5,
        "mcc": 0.17407765595569785,
        "accuracy": 0.375,
        "precision": 1.0,
        "recall": 0.09090909090909091,
        "f1_score": 0.16666666666666669,
        "balanced_accuracy": 0.5454545454545454,
        "description": "Agreement analysis between 'naive correctness fsl' and 'original correctness'."
    },
    "simple tree": {
        "agreement_count": "9",
        "agreement_percentage": 56.25,
        "mcc": 0.034815531191139566,
        "accuracy": 0.5625,
        "precision": 0.7,
        "recall": 0.6363636363636364,
        "f1_score": 0.6666666666666666,
        "balanced_accuracy": 0.5181818181818182,
        "description": "Agreement analysis between 'simple tree' and 'original correctness'."
    },
    "complex tree": {
        "agreement_count": "7",
        "agreement_percentage": 43.75,
        "mcc": -0.24370871833797697,
        "accuracy": 0.4375,
        "precision": 0.6,
        "recall": 0.5454545454545454,
        "f1_score": 0.5714285714285713,
        "balanced_accuracy": 0.3727272727272727,
        "description": "Agreement analysis between 'complex tree' and 'original correctness'."
    },
    "vanilla": {
        "agreement_count": "9",
        "agreement_percentage": 56.25,
        "mcc": -0.0778498944161523,
        "accuracy": 0.5625,
        "precision": 0.6666666666666666,
        "recall": 0.7272727272727273,
        "f1_score": 0.6956521739130435,
        "balanced_accuracy": 0.4636363636363636,
        "description": "Agreement analysis between 'vanilla' and 'original correctness'."
    },
    "vanilla_no_cot": {
        "agreement_count": "10",
        "agreement_percentage": 62.5,
        "mcc": 0.32277655457716287,
        "accuracy": 0.625,
        "precision": 0.8571428571428571,
        "recall": 0.5454545454545454,
        "f1_score": 0.6666666666666665,
        "balanced_accuracy": 0.6727272727272727,
        "description": "Agreement analysis between 'vanilla_no_cot' and 'original correctness'."
    },
    "summary": {
        "agreement_count": "9",
        "agreement_percentage": 56.25,
        "mcc": -0.0778498944161523,
        "accuracy": 0.5625,
        "precision": 0.6666666666666666,
        "recall": 0.7272727272727273,
        "f1_score": 0.6956521739130435,
        "balanced_accuracy": 0.4636363636363636,
        "description": "Agreement analysis between 'summary' and 'original correctness'."
    },
    "simple verify": {
        "agreement_count": "7",
        "agreement_percentage": 43.75,
        "mcc": -0.3892494720807615,
        "accuracy": 0.4375,
        "precision": 0.5833333333333334,
        "recall": 0.6363636363636364,
        "f1_score": 0.6086956521739131,
        "balanced_accuracy": 0.3181818181818182,
        "description": "Agreement analysis between 'simple verify' and 'original correctness'."
    },
    "complex verify": {
        "agreement_count": "9",
        "agreement_percentage": 56.25,
        "mcc": -0.0778498944161523,
        "accuracy": 0.5625,
        "precision": 0.6666666666666666,
        "recall": 0.7272727272727273,
        "f1_score": 0.6956521739130435,
        "balanced_accuracy": 0.4636363636363636,
        "description": "Agreement analysis between 'complex verify' and 'original correctness'."
    },
    "summary verify": {
        "agreement_count": "8",
        "agreement_percentage": 50.0,
        "mcc": -0.16363636363636364,
        "accuracy": 0.5,
        "precision": 0.6363636363636364,
        "recall": 0.6363636363636364,
        "f1_score": 0.6363636363636364,
        "balanced_accuracy": 0.4181818181818182,
        "description": "Agreement analysis between 'summary verify' and 'original correctness'."
    },
    "simple verify fsl": {
        "agreement_count": "10",
        "agreement_percentage": 62.5,
        "mcc": 0.32277655457716287,
        "accuracy": 0.625,
        "precision": 0.8571428571428571,
        "recall": 0.5454545454545454,
        "f1_score": 0.6666666666666665,
        "balanced_accuracy": 0.6727272727272727,
        "description": "Agreement analysis between 'simple verify fsl' and 'original correctness'."
    },
    "complex verify fsl": {
        "agreement_count": "5",
        "agreement_percentage": 31.25,
        "mcc": -0.3133397807202561,
        "accuracy": 0.3125,
        "precision": 0.5,
        "recall": 0.2727272727272727,
        "f1_score": 0.3529411764705882,
        "balanced_accuracy": 0.33636363636363636,
        "description": "Agreement analysis between 'complex verify fsl' and 'original correctness'."
    },
    "summary verify fsl": {
        "agreement_count": "8",
        "agreement_percentage": 50.0,
        "mcc": 0.050964719143762556,
        "accuracy": 0.5,
        "precision": 0.7142857142857143,
        "recall": 0.45454545454545453,
        "f1_score": 0.5555555555555556,
        "balanced_accuracy": 0.5272727272727272,
        "description": "Agreement analysis between 'summary verify fsl' and 'original correctness'."
    }
}