{
    "total_valid_rows": {
        "value": 28,
        "description": "Total number of valid rows after preprocessing and removing invalid entries."
    },
    "summary fsl": {
        "agreement_count": "13",
        "agreement_percentage": 46.42857142857143,
        "mcc": -0.11547005383792516,
        "accuracy": 0.4642857142857143,
        "precision": 0.3333333333333333,
        "recall": 0.07142857142857142,
        "f1_score": 0.11764705882352941,
        "balanced_accuracy": 0.46428571428571425,
        "description": "Agreement analysis between 'summary fsl' and 'original correctness'."
    },
    "naive correctness fsl": {
        "agreement_count": "12",
        "agreement_percentage": 42.857142857142854,
        "mcc": -0.17407765595569785,
        "accuracy": 0.42857142857142855,
        "precision": 0.3333333333333333,
        "recall": 0.14285714285714285,
        "f1_score": 0.2,
        "balanced_accuracy": 0.4285714285714286,
        "description": "Agreement analysis between 'naive correctness fsl' and 'original correctness'."
    },
    "simple tree": {
        "agreement_count": "17",
        "agreement_percentage": 60.71428571428571,
        "mcc": 0.34641016151377546,
        "accuracy": 0.6071428571428571,
        "precision": 0.56,
        "recall": 1.0,
        "f1_score": 0.717948717948718,
        "balanced_accuracy": 0.6071428571428571,
        "description": "Agreement analysis between 'simple tree' and 'original correctness'."
    },
    "complex tree": {
        "agreement_count": "18",
        "agreement_percentage": 64.28571428571429,
        "mcc": 0.40824829046386296,
        "accuracy": 0.6428571428571429,
        "precision": 0.5833333333333334,
        "recall": 1.0,
        "f1_score": 0.7368421052631579,
        "balanced_accuracy": 0.6428571428571428,
        "description": "Agreement analysis between 'complex tree' and 'original correctness'."
    },
    "vanilla": {
        "agreement_count": "15",
        "agreement_percentage": 53.57142857142857,
        "mcc": 0.19245008972987526,
        "accuracy": 0.5357142857142857,
        "precision": 0.5185185185185185,
        "recall": 1.0,
        "f1_score": 0.6829268292682926,
        "balanced_accuracy": 0.5357142857142857,
        "description": "Agreement analysis between 'vanilla' and 'original correctness'."
    },
    "vanilla_no_cot": {
        "agreement_count": "15",
        "agreement_percentage": 53.57142857142857,
        "mcc": 0.08247860988423225,
        "accuracy": 0.5357142857142857,
        "precision": 0.5238095238095238,
        "recall": 0.7857142857142857,
        "f1_score": 0.6285714285714286,
        "balanced_accuracy": 0.5357142857142857,
        "description": "Agreement analysis between 'vanilla_no_cot' and 'original correctness'."
    },
    "summary": {
        "agreement_count": "15",
        "agreement_percentage": 53.57142857142857,
        "mcc": 0.11547005383792516,
        "accuracy": 0.5357142857142857,
        "precision": 0.52,
        "recall": 0.9285714285714286,
        "f1_score": 0.6666666666666666,
        "balanced_accuracy": 0.5357142857142857,
        "description": "Agreement analysis between 'summary' and 'original correctness'."
    },
    "simple verify": {
        "agreement_count": "14",
        "agreement_percentage": 50.0,
        "mcc": 0.0,
        "accuracy": 0.5,
        "precision": 0.5,
        "recall": 0.8571428571428571,
        "f1_score": 0.631578947368421,
        "balanced_accuracy": 0.5,
        "description": "Agreement analysis between 'simple verify' and 'original correctness'."
    },
    "complex verify": {
        "agreement_count": "13",
        "agreement_percentage": 46.42857142857143,
        "mcc": -0.11547005383792516,
        "accuracy": 0.4642857142857143,
        "precision": 0.48,
        "recall": 0.8571428571428571,
        "f1_score": 0.6153846153846153,
        "balanced_accuracy": 0.46428571428571425,
        "description": "Agreement analysis between 'complex verify' and 'original correctness'."
    },
    "summary verify": {
        "agreement_count": "16",
        "agreement_percentage": 57.14285714285714,
        "mcc": 0.20412414523193148,
        "accuracy": 0.5714285714285714,
        "precision": 0.5416666666666666,
        "recall": 0.9285714285714286,
        "f1_score": 0.6842105263157894,
        "balanced_accuracy": 0.5714285714285714,
        "description": "Agreement analysis between 'summary verify' and 'original correctness'."
    },
    "simple verify fsl": {
        "agreement_count": "13",
        "agreement_percentage": 46.42857142857143,
        "mcc": -0.07647191129018725,
        "accuracy": 0.4642857142857143,
        "precision": 0.4444444444444444,
        "recall": 0.2857142857142857,
        "f1_score": 0.34782608695652173,
        "balanced_accuracy": 0.4642857142857143,
        "description": "Agreement analysis between 'simple verify fsl' and 'original correctness'."
    },
    "complex verify fsl": {
        "agreement_count": "13",
        "agreement_percentage": 46.42857142857143,
        "mcc": -0.07312724241271307,
        "accuracy": 0.4642857142857143,
        "precision": 0.45454545454545453,
        "recall": 0.35714285714285715,
        "f1_score": 0.4,
        "balanced_accuracy": 0.4642857142857143,
        "description": "Agreement analysis between 'complex verify fsl' and 'original correctness'."
    },
    "summary verify fsl": {
        "agreement_count": "8",
        "agreement_percentage": 28.57142857142857,
        "mcc": -0.4472135954999579,
        "accuracy": 0.2857142857142857,
        "precision": 0.2,
        "recall": 0.14285714285714285,
        "f1_score": 0.16666666666666666,
        "balanced_accuracy": 0.2857142857142857,
        "description": "Agreement analysis between 'summary verify fsl' and 'original correctness'."
    }
}