{
    "total_valid_rows": {
        "value": 96,
        "description": "Total number of valid rows after preprocessing and removing invalid entries."
    },
    "vanilla": {
        "agreement_count": "47",
        "agreement_percentage": 48.95833333333333,
        "mcc": -0.0027278758574127543,
        "accuracy": 0.4895833333333333,
        "precision": 0.46774193548387094,
        "recall": 0.6444444444444445,
        "f1_score": 0.5420560747663551,
        "balanced_accuracy": 0.49869281045751634,
        "description": "Agreement analysis between 'vanilla' and 'original correctness'."
    }
}