{
    "total_valid_rows": {
        "value": 39,
        "description": "Total number of valid rows after preprocessing and removing invalid entries."
    },
    "summary fsl": {
        "agreement_count": "22",
        "agreement_percentage": 56.41025641025641,
        "mcc": 0.12824729401064425,
        "accuracy": 0.5641025641025641,
        "precision": 0.75,
        "recall": 0.5555555555555556,
        "f1_score": 0.6382978723404256,
        "balanced_accuracy": 0.5694444444444444,
        "description": "Agreement analysis between 'summary fsl' and 'original correctness'."
    },
    "naive correctness fsl": {
        "agreement_count": "12",
        "agreement_percentage": 30.76923076923077,
        "mcc": -0.14085904245475275,
        "accuracy": 0.3076923076923077,
        "precision": 0.5,
        "recall": 0.07407407407407407,
        "f1_score": 0.12903225806451613,
        "balanced_accuracy": 0.4537037037037037,
        "description": "Agreement analysis between 'naive correctness fsl' and 'original correctness'."
    },
    "simple tree": {
        "agreement_count": "26",
        "agreement_percentage": 66.66666666666666,
        "mcc": 0.12249473587652784,
        "accuracy": 0.6666666666666666,
        "precision": 0.71875,
        "recall": 0.8518518518518519,
        "f1_score": 0.7796610169491525,
        "balanced_accuracy": 0.5509259259259259,
        "description": "Agreement analysis between 'simple tree' and 'original correctness'."
    },
    "complex tree": {
        "agreement_count": "27",
        "agreement_percentage": 69.23076923076923,
        "mcc": 0.2777777777777778,
        "accuracy": 0.6923076923076923,
        "precision": 0.7777777777777778,
        "recall": 0.7777777777777778,
        "f1_score": 0.7777777777777778,
        "balanced_accuracy": 0.6388888888888888,
        "description": "Agreement analysis between 'complex tree' and 'original correctness'."
    },
    "vanilla": {
        "agreement_count": "27",
        "agreement_percentage": 69.23076923076923,
        "mcc": 0.3118047822311618,
        "accuracy": 0.6923076923076923,
        "precision": 0.8,
        "recall": 0.7407407407407407,
        "f1_score": 0.7692307692307692,
        "balanced_accuracy": 0.662037037037037,
        "description": "Agreement analysis between 'vanilla' and 'original correctness'."
    },
    "vanilla_no_cot": {
        "agreement_count": "20",
        "agreement_percentage": 51.28205128205128,
        "mcc": 0.33866700533384136,
        "accuracy": 0.5128205128205128,
        "precision": 1.0,
        "recall": 0.2962962962962963,
        "f1_score": 0.45714285714285713,
        "balanced_accuracy": 0.6481481481481481,
        "description": "Agreement analysis between 'vanilla_no_cot' and 'original correctness'."
    },
    "summary": {
        "agreement_count": "30",
        "agreement_percentage": 76.92307692307693,
        "mcc": 0.4260064336151292,
        "accuracy": 0.7692307692307693,
        "precision": 0.8,
        "recall": 0.8888888888888888,
        "f1_score": 0.8421052631578948,
        "balanced_accuracy": 0.6944444444444444,
        "description": "Agreement analysis between 'summary' and 'original correctness'."
    },
    "simple verify": {
        "agreement_count": "27",
        "agreement_percentage": 69.23076923076923,
        "mcc": 0.3118047822311618,
        "accuracy": 0.6923076923076923,
        "precision": 0.8,
        "recall": 0.7407407407407407,
        "f1_score": 0.7692307692307692,
        "balanced_accuracy": 0.662037037037037,
        "description": "Agreement analysis between 'simple verify' and 'original correctness'."
    },
    "complex verify": {
        "agreement_count": "22",
        "agreement_percentage": 56.41025641025641,
        "mcc": 0.12824729401064425,
        "accuracy": 0.5641025641025641,
        "precision": 0.75,
        "recall": 0.5555555555555556,
        "f1_score": 0.6382978723404256,
        "balanced_accuracy": 0.5694444444444444,
        "description": "Agreement analysis between 'complex verify' and 'original correctness'."
    },
    "summary verify": {
        "agreement_count": "23",
        "agreement_percentage": 58.97435897435898,
        "mcc": 0.12163340819996028,
        "accuracy": 0.5897435897435898,
        "precision": 0.7391304347826086,
        "recall": 0.6296296296296297,
        "f1_score": 0.68,
        "balanced_accuracy": 0.5648148148148149,
        "description": "Agreement analysis between 'summary verify' and 'original correctness'."
    },
    "simple verify fsl": {
        "agreement_count": "21",
        "agreement_percentage": 53.84615384615385,
        "mcc": 0.18446619684315546,
        "accuracy": 0.5384615384615384,
        "precision": 0.8,
        "recall": 0.4444444444444444,
        "f1_score": 0.5714285714285714,
        "balanced_accuracy": 0.5972222222222222,
        "description": "Agreement analysis between 'simple verify fsl' and 'original correctness'."
    },
    "complex verify fsl": {
        "agreement_count": "18",
        "agreement_percentage": 46.15384615384615,
        "mcc": 0.03563483225498992,
        "accuracy": 0.46153846153846156,
        "precision": 0.7142857142857143,
        "recall": 0.37037037037037035,
        "f1_score": 0.4878048780487805,
        "balanced_accuracy": 0.5185185185185185,
        "description": "Agreement analysis between 'complex verify fsl' and 'original correctness'."
    },
    "summary verify fsl": {
        "agreement_count": "18",
        "agreement_percentage": 46.15384615384615,
        "mcc": 0.08333333333333333,
        "accuracy": 0.46153846153846156,
        "precision": 0.75,
        "recall": 0.3333333333333333,
        "f1_score": 0.46153846153846156,
        "balanced_accuracy": 0.5416666666666666,
        "description": "Agreement analysis between 'summary verify fsl' and 'original correctness'."
    }
}