{
    "total_valid_rows": {
        "value": 11,
        "description": "Total number of valid rows after preprocessing and removing invalid entries."
    },
    "summary fsl": {
        "agreement_count": "7",
        "agreement_percentage": 63.63636363636363,
        "mcc": 0.43033148291193524,
        "accuracy": 0.6363636363636364,
        "precision": 1.0,
        "recall": 0.3333333333333333,
        "f1_score": 0.5,
        "balanced_accuracy": 0.6666666666666666,
        "description": "Agreement analysis between 'summary fsl' and 'original correctness'."
    },
    "naive correctness fsl": {
        "agreement_count": "5",
        "agreement_percentage": 45.45454545454545,
        "mcc": 0,
        "accuracy": 0.45454545454545453,
        "precision": 0,
        "recall": 0.0,
        "f1_score": 0,
        "balanced_accuracy": 0.5,
        "description": "Agreement analysis between 'naive correctness fsl' and 'original correctness'."
    },
    "simple tree": {
        "agreement_count": "8",
        "agreement_percentage": 72.72727272727273,
        "mcc": 0.4485426135725303,
        "accuracy": 0.7272727272727273,
        "precision": 0.7142857142857143,
        "recall": 0.8333333333333334,
        "f1_score": 0.7692307692307692,
        "balanced_accuracy": 0.7166666666666667,
        "description": "Agreement analysis between 'simple tree' and 'original correctness'."
    },
    "complex tree": {
        "agreement_count": "7",
        "agreement_percentage": 63.63636363636363,
        "mcc": 0.3105295017040594,
        "accuracy": 0.6363636363636364,
        "precision": 0.75,
        "recall": 0.5,
        "f1_score": 0.6,
        "balanced_accuracy": 0.65,
        "description": "Agreement analysis between 'complex tree' and 'original correctness'."
    },
    "vanilla": {
        "agreement_count": "9",
        "agreement_percentage": 81.81818181818183,
        "mcc": 0.6900655593423543,
        "accuracy": 0.8181818181818182,
        "precision": 1.0,
        "recall": 0.6666666666666666,
        "f1_score": 0.8,
        "balanced_accuracy": 0.8333333333333333,
        "description": "Agreement analysis between 'vanilla' and 'original correctness'."
    },
    "vanilla_no_cot": {
        "agreement_count": "6",
        "agreement_percentage": 54.54545454545454,
        "mcc": 0.28867513459481287,
        "accuracy": 0.5454545454545454,
        "precision": 1.0,
        "recall": 0.16666666666666666,
        "f1_score": 0.2857142857142857,
        "balanced_accuracy": 0.5833333333333334,
        "description": "Agreement analysis between 'vanilla_no_cot' and 'original correctness'."
    },
    "summary": {
        "agreement_count": "10",
        "agreement_percentage": 90.9090909090909,
        "mcc": 0.8333333333333334,
        "accuracy": 0.9090909090909091,
        "precision": 1.0,
        "recall": 0.8333333333333334,
        "f1_score": 0.9090909090909091,
        "balanced_accuracy": 0.9166666666666667,
        "description": "Agreement analysis between 'summary' and 'original correctness'."
    },
    "simple verify": {
        "agreement_count": "9",
        "agreement_percentage": 81.81818181818183,
        "mcc": 0.6900655593423543,
        "accuracy": 0.8181818181818182,
        "precision": 1.0,
        "recall": 0.6666666666666666,
        "f1_score": 0.8,
        "balanced_accuracy": 0.8333333333333333,
        "description": "Agreement analysis between 'simple verify' and 'original correctness'."
    },
    "complex verify": {
        "agreement_count": "7",
        "agreement_percentage": 63.63636363636363,
        "mcc": 0.43033148291193524,
        "accuracy": 0.6363636363636364,
        "precision": 1.0,
        "recall": 0.3333333333333333,
        "f1_score": 0.5,
        "balanced_accuracy": 0.6666666666666666,
        "description": "Agreement analysis between 'complex verify' and 'original correctness'."
    },
    "summary verify": {
        "agreement_count": "8",
        "agreement_percentage": 72.72727272727273,
        "mcc": 0.5590169943749475,
        "accuracy": 0.7272727272727273,
        "precision": 1.0,
        "recall": 0.5,
        "f1_score": 0.6666666666666666,
        "balanced_accuracy": 0.75,
        "description": "Agreement analysis between 'summary verify' and 'original correctness'."
    },
    "simple verify fsl": {
        "agreement_count": "7",
        "agreement_percentage": 63.63636363636363,
        "mcc": 0.43033148291193524,
        "accuracy": 0.6363636363636364,
        "precision": 1.0,
        "recall": 0.3333333333333333,
        "f1_score": 0.5,
        "balanced_accuracy": 0.6666666666666666,
        "description": "Agreement analysis between 'simple verify fsl' and 'original correctness'."
    },
    "complex verify fsl": {
        "agreement_count": "6",
        "agreement_percentage": 54.54545454545454,
        "mcc": 0.28867513459481287,
        "accuracy": 0.5454545454545454,
        "precision": 1.0,
        "recall": 0.16666666666666666,
        "f1_score": 0.2857142857142857,
        "balanced_accuracy": 0.5833333333333334,
        "description": "Agreement analysis between 'complex verify fsl' and 'original correctness'."
    },
    "summary verify fsl": {
        "agreement_count": "6",
        "agreement_percentage": 54.54545454545454,
        "mcc": 0.28867513459481287,
        "accuracy": 0.5454545454545454,
        "precision": 1.0,
        "recall": 0.16666666666666666,
        "f1_score": 0.2857142857142857,
        "balanced_accuracy": 0.5833333333333334,
        "description": "Agreement analysis between 'summary verify fsl' and 'original correctness'."
    }
}