{
    "HoarePrompt": {
        "Agreement Count": 1127.3333333333333,
        "Balanced Accuracy": 0.6117209464942908,
        "True Positive Rate (TPR)": 0.6779230210602759,
        "False Negative Rate (FNR)": 0.32207697893972403,
        "False Positive Rate (FPR)": 0.45448112807169433,
        "MCC": 0.22551399460000043
    },
    "0 shot COT": {
        "Agreement Count": 1061.6666666666667,
        "Balanced Accuracy": 0.5765464475869361,
        "True Positive Rate (TPR)": 0.6636041356113594,
        "False Negative Rate (FNR)": 0.33639586438864044,
        "False Positive Rate (FPR)": 0.5105112404374874,
        "MCC": 0.15681646077827957
    },
    "vanilla": {
        "Agreement Count": 1034.0,
        "Balanced Accuracy": 0.5586923069105635,
        "True Positive Rate (TPR)": 0.31865611741772737,
        "False Negative Rate (FNR)": 0.6813438825822727,
        "False Positive Rate (FPR)": 0.20127150359660048,
        "MCC": 0.1310010837645901
    },
    "HoarePrompt no unroll": {
        "Agreement Count": 1108.3333333333333,
        "Balanced Accuracy": 0.5962776007913365,
        "True Positive Rate (TPR)": 0.6340154549556417,
        "False Negative Rate (FNR)": 0.36598454504435834,
        "False Positive Rate (FPR)": 0.4414602533729684,
        "MCC": 0.19349675599521732
    },
    "tester": {
        "Agreement Count": 1006.0,
        "Balanced Accuracy": 0.5211728677695138,
        "True Positive Rate (TPR)": 0.05132673726614323,
        "False Negative Rate (FNR)": 0.9486732627338568,
        "False Positive Rate (FPR)": 0.008981001727115715,
        "MCC": 0.12393088591814683
    }
}
