{
    "hoareprompt": {
        "Agreement Count": 1114.3333333333333,
        "Balanced Accuracy": 0.6072805068625743,
        "True Positive Rate (TPR)": 0.6534908540866725,
        "False Negative Rate (FNR)": 0.34650914591332754,
        "False Positive Rate (FPR)": 0.4389298403615238,
        "MCC": 0.21648974779816713
    },
    "0 shot COT": {
        "Agreement Count": 1037.3333333333333,
        "Balanced Accuracy": 0.5652458745289471,
        "True Positive Rate (TPR)": 0.5715218927112917,
        "False Negative Rate (FNR)": 0.4284781072887083,
        "False Positive Rate (FPR)": 0.4410301436533976,
        "MCC": 0.1336096719099427
    },
    "vanilla_no_cot": {
        "Agreement Count": 1013.6666666666666,
        "Balanced Accuracy": 0.5503516937359759,
        "True Positive Rate (TPR)": 0.2691795253851597,
        "False Negative Rate (FNR)": 0.7308204746148403,
        "False Positive Rate (FPR)": 0.1684761379132078,
        "MCC": 0.12031103461861858
    },
    "hoareprompt_no_unroll": {
        "Agreement Count": 1041.0,
        "Balanced Accuracy": 0.5582348922898582,
        "True Positive Rate (TPR)": 0.6663090128755365,
        "False Negative Rate (FNR)": 0.33369098712446355,
        "False Positive Rate (FPR)": 0.5498392282958199,
        "MCC": 0.11928802123261478
    },
    "tester": {
        "Agreement Count": 1003.6666666666666,
        "Balanced Accuracy": 0.51978388503348,
        "True Positive Rate (TPR)": 0.052341989914845156,
        "False Negative Rate (FNR)": 0.9476580100851549,
        "False Positive Rate (FPR)": 0.012774219847885087,
        "MCC": 0.11215814262707191
    },
    "hoareprompt_no_ unroll": {
        "Agreement Count": 1142.0,
        "Balanced Accuracy": 0.6152989550420758,
        "True Positive Rate (TPR)": 0.6178686759956943,
        "False Negative Rate (FNR)": 0.3821313240043057,
        "False Positive Rate (FPR)": 0.38727076591154264,
        "MCC": 0.23060112337651859
    },
    "Hoareprompt_no_unroll": {
        "Agreement Count": 1072.0,
        "Balanced Accuracy": 0.5794683178592466,
        "True Positive Rate (TPR)": 0.5712742980561555,
        "False Negative Rate (FNR)": 0.4287257019438445,
        "False Positive Rate (FPR)": 0.41233766233766234,
        "MCC": 0.15895744439044912
    }
}
