{
    "individual_correlations": {
        "tester": {
            "depth": {
                "pearson_correlation": -0.0536681298490507,
                "p_value": 4.326599108576441e-05,
                "count": 5800
            },
            "hard": {
                "pearson_correlation": -0.06349837389806304,
                "p_value": 1.3001297194751401e-06,
                "count": 5800
            },
            "LOC": {
                "pearson_correlation": -0.04212763449728708,
                "p_value": 0.0013316131026523035,
                "count": 5800
            }
        }
    }
}