{
    "total_valid_rows": {
        "value": 18,
        "description": "Total number of valid rows after preprocessing and removing invalid entries."
    },
    "summary fsl": {
        "agreement_count": "6",
        "agreement_percentage": 33.33333333333333,
        "mcc": 0.1504142093990467,
        "accuracy": 0.3333333333333333,
        "precision": 1.0,
        "recall": 0.07692307692307693,
        "f1_score": 0.14285714285714288,
        "balanced_accuracy": 0.5384615384615384,
        "description": "Agreement analysis between 'summary fsl' and 'original correctness'."
    },
    "naive correctness fsl": {
        "agreement_count": "6",
        "agreement_percentage": 33.33333333333333,
        "mcc": 0.1504142093990467,
        "accuracy": 0.3333333333333333,
        "precision": 1.0,
        "recall": 0.07692307692307693,
        "f1_score": 0.14285714285714288,
        "balanced_accuracy": 0.5384615384615384,
        "description": "Agreement analysis between 'naive correctness fsl' and 'original correctness'."
    },
    "simple tree": {
        "agreement_count": "11",
        "agreement_percentage": 61.111111111111114,
        "mcc": -0.033149677206589796,
        "accuracy": 0.6111111111111112,
        "precision": 0.7142857142857143,
        "recall": 0.7692307692307693,
        "f1_score": 0.7407407407407408,
        "balanced_accuracy": 0.48461538461538467,
        "description": "Agreement analysis between 'simple tree' and 'original correctness'."
    },
    "complex tree": {
        "agreement_count": "10",
        "agreement_percentage": 55.55555555555556,
        "mcc": -0.1076923076923077,
        "accuracy": 0.5555555555555556,
        "precision": 0.6923076923076923,
        "recall": 0.6923076923076923,
        "f1_score": 0.6923076923076923,
        "balanced_accuracy": 0.4461538461538461,
        "description": "Agreement analysis between 'complex tree' and 'original correctness'."
    },
    "vanilla": {
        "agreement_count": "8",
        "agreement_percentage": 44.44444444444444,
        "mcc": -0.24029618753167464,
        "accuracy": 0.4444444444444444,
        "precision": 0.6363636363636364,
        "recall": 0.5384615384615384,
        "f1_score": 0.5833333333333334,
        "balanced_accuracy": 0.36923076923076925,
        "description": "Agreement analysis between 'vanilla' and 'original correctness'."
    },
    "vanilla_no_cot": {
        "agreement_count": "5",
        "agreement_percentage": 27.77777777777778,
        "mcc": -0.26519741765271837,
        "accuracy": 0.2777777777777778,
        "precision": 0.5,
        "recall": 0.15384615384615385,
        "f1_score": 0.23529411764705882,
        "balanced_accuracy": 0.3769230769230769,
        "description": "Agreement analysis between 'vanilla_no_cot' and 'original correctness'."
    },
    "summary": {
        "agreement_count": "9",
        "agreement_percentage": 50.0,
        "mcc": -0.05547001962252291,
        "accuracy": 0.5,
        "precision": 0.7,
        "recall": 0.5384615384615384,
        "f1_score": 0.608695652173913,
        "balanced_accuracy": 0.46923076923076923,
        "description": "Agreement analysis between 'summary' and 'original correctness'."
    },
    "simple verify": {
        "agreement_count": "9",
        "agreement_percentage": 50.0,
        "mcc": -0.05547001962252291,
        "accuracy": 0.5,
        "precision": 0.7,
        "recall": 0.5384615384615384,
        "f1_score": 0.608695652173913,
        "balanced_accuracy": 0.46923076923076923,
        "description": "Agreement analysis between 'simple verify' and 'original correctness'."
    },
    "complex verify": {
        "agreement_count": "9",
        "agreement_percentage": 50.0,
        "mcc": -0.05547001962252291,
        "accuracy": 0.5,
        "precision": 0.7,
        "recall": 0.5384615384615384,
        "f1_score": 0.608695652173913,
        "balanced_accuracy": 0.46923076923076923,
        "description": "Agreement analysis between 'complex verify' and 'original correctness'."
    },
    "summary verify": {
        "agreement_count": "10",
        "agreement_percentage": 55.55555555555556,
        "mcc": 0.12403473458920847,
        "accuracy": 0.5555555555555556,
        "precision": 0.7777777777777778,
        "recall": 0.5384615384615384,
        "f1_score": 0.6363636363636364,
        "balanced_accuracy": 0.5692307692307692,
        "description": "Agreement analysis between 'summary verify' and 'original correctness'."
    },
    "simple verify fsl": {
        "agreement_count": "9",
        "agreement_percentage": 50.0,
        "mcc": 0.05547001962252291,
        "accuracy": 0.5,
        "precision": 0.75,
        "recall": 0.46153846153846156,
        "f1_score": 0.5714285714285714,
        "balanced_accuracy": 0.5307692307692308,
        "description": "Agreement analysis between 'simple verify fsl' and 'original correctness'."
    },
    "complex verify fsl": {
        "agreement_count": "9",
        "agreement_percentage": 50.0,
        "mcc": 0.05547001962252291,
        "accuracy": 0.5,
        "precision": 0.75,
        "recall": 0.46153846153846156,
        "f1_score": 0.5714285714285714,
        "balanced_accuracy": 0.5307692307692308,
        "description": "Agreement analysis between 'complex verify fsl' and 'original correctness'."
    },
    "summary verify fsl": {
        "agreement_count": "8",
        "agreement_percentage": 44.44444444444444,
        "mcc": -0.01413506985480439,
        "accuracy": 0.4444444444444444,
        "precision": 0.7142857142857143,
        "recall": 0.38461538461538464,
        "f1_score": 0.5,
        "balanced_accuracy": 0.49230769230769234,
        "description": "Agreement analysis between 'summary verify fsl' and 'original correctness'."
    }
}