{
    "total_valid_rows": {
        "value": 18,
        "description": "Total number of valid rows after preprocessing and removing invalid entries."
    },
    "summary fsl": {
        "agreement_count": "7",
        "agreement_percentage": 38.88888888888889,
        "mcc": 0.17149858514250885,
        "accuracy": 0.3888888888888889,
        "precision": 1.0,
        "recall": 0.08333333333333333,
        "f1_score": 0.15384615384615385,
        "balanced_accuracy": 0.5416666666666666,
        "description": "Agreement analysis between 'summary fsl' and 'original correctness'."
    },
    "naive correctness fsl": {
        "agreement_count": "7",
        "agreement_percentage": 38.88888888888889,
        "mcc": 0.17149858514250885,
        "accuracy": 0.3888888888888889,
        "precision": 1.0,
        "recall": 0.08333333333333333,
        "f1_score": 0.15384615384615385,
        "balanced_accuracy": 0.5416666666666666,
        "description": "Agreement analysis between 'naive correctness fsl' and 'original correctness'."
    },
    "simple tree": {
        "agreement_count": "11",
        "agreement_percentage": 61.111111111111114,
        "mcc": 0.08770580193070292,
        "accuracy": 0.6111111111111112,
        "precision": 0.6923076923076923,
        "recall": 0.75,
        "f1_score": 0.7199999999999999,
        "balanced_accuracy": 0.5416666666666666,
        "description": "Agreement analysis between 'simple tree' and 'original correctness'."
    },
    "complex tree": {
        "agreement_count": "14",
        "agreement_percentage": 77.77777777777779,
        "mcc": 0.472455591261534,
        "accuracy": 0.7777777777777778,
        "precision": 0.7857142857142857,
        "recall": 0.9166666666666666,
        "f1_score": 0.8461538461538461,
        "balanced_accuracy": 0.7083333333333333,
        "description": "Agreement analysis between 'complex tree' and 'original correctness'."
    },
    "vanilla": {
        "agreement_count": "11",
        "agreement_percentage": 61.111111111111114,
        "mcc": 0.16116459280507606,
        "accuracy": 0.6111111111111112,
        "precision": 0.7272727272727273,
        "recall": 0.6666666666666666,
        "f1_score": 0.6956521739130435,
        "balanced_accuracy": 0.5833333333333333,
        "description": "Agreement analysis between 'vanilla' and 'original correctness'."
    },
    "vanilla_no_cot": {
        "agreement_count": "9",
        "agreement_percentage": 50.0,
        "mcc": 0.17541160386140583,
        "accuracy": 0.5,
        "precision": 0.8,
        "recall": 0.3333333333333333,
        "f1_score": 0.47058823529411764,
        "balanced_accuracy": 0.5833333333333334,
        "description": "Agreement analysis between 'vanilla_no_cot' and 'original correctness'."
    },
    "summary": {
        "agreement_count": "13",
        "agreement_percentage": 72.22222222222221,
        "mcc": 0.35082320772281167,
        "accuracy": 0.7222222222222222,
        "precision": 0.7692307692307693,
        "recall": 0.8333333333333334,
        "f1_score": 0.8,
        "balanced_accuracy": 0.6666666666666667,
        "description": "Agreement analysis between 'summary' and 'original correctness'."
    },
    "simple verify": {
        "agreement_count": "12",
        "agreement_percentage": 66.66666666666666,
        "mcc": 0.31622776601683794,
        "accuracy": 0.6666666666666666,
        "precision": 0.8,
        "recall": 0.6666666666666666,
        "f1_score": 0.7272727272727272,
        "balanced_accuracy": 0.6666666666666666,
        "description": "Agreement analysis between 'simple verify' and 'original correctness'."
    },
    "complex verify": {
        "agreement_count": "12",
        "agreement_percentage": 66.66666666666666,
        "mcc": 0.25,
        "accuracy": 0.6666666666666666,
        "precision": 0.75,
        "recall": 0.75,
        "f1_score": 0.75,
        "balanced_accuracy": 0.625,
        "description": "Agreement analysis between 'complex verify' and 'original correctness'."
    },
    "summary verify": {
        "agreement_count": "10",
        "agreement_percentage": 55.55555555555556,
        "mcc": 0.07905694150420949,
        "accuracy": 0.5555555555555556,
        "precision": 0.7,
        "recall": 0.5833333333333334,
        "f1_score": 0.6363636363636365,
        "balanced_accuracy": 0.5416666666666667,
        "description": "Agreement analysis between 'summary verify' and 'original correctness'."
    },
    "simple verify fsl": {
        "agreement_count": "10",
        "agreement_percentage": 55.55555555555556,
        "mcc": 0.07905694150420949,
        "accuracy": 0.5555555555555556,
        "precision": 0.7,
        "recall": 0.5833333333333334,
        "f1_score": 0.6363636363636365,
        "balanced_accuracy": 0.5416666666666667,
        "description": "Agreement analysis between 'simple verify fsl' and 'original correctness'."
    },
    "complex verify fsl": {
        "agreement_count": "11",
        "agreement_percentage": 61.111111111111114,
        "mcc": 0.3223291856101521,
        "accuracy": 0.6111111111111112,
        "precision": 0.8571428571428571,
        "recall": 0.5,
        "f1_score": 0.631578947368421,
        "balanced_accuracy": 0.6666666666666667,
        "description": "Agreement analysis between 'complex verify fsl' and 'original correctness'."
    },
    "summary verify fsl": {
        "agreement_count": "9",
        "agreement_percentage": 50.0,
        "mcc": 0.08058229640253803,
        "accuracy": 0.5,
        "precision": 0.7142857142857143,
        "recall": 0.4166666666666667,
        "f1_score": 0.5263157894736842,
        "balanced_accuracy": 0.5416666666666666,
        "description": "Agreement analysis between 'summary verify fsl' and 'original correctness'."
    }
}