{
    "total_valid_rows": {
        "value": 106,
        "description": "Total number of valid rows after preprocessing and removing invalid entries."
    },
    "summary fsl": {
        "agreement_count": "65",
        "agreement_percentage": 61.32075471698113,
        "mcc": 0.292297298033544,
        "accuracy": 0.6132075471698113,
        "precision": 1.0,
        "recall": 0.14583333333333334,
        "f1_score": 0.2545454545454546,
        "balanced_accuracy": 0.5729166666666666,
        "description": "Agreement analysis between 'summary fsl' and 'original correctness'."
    },
    "naive correctness fsl": {
        "agreement_count": "65",
        "agreement_percentage": 61.32075471698113,
        "mcc": 0.2668404063322881,
        "accuracy": 0.6132075471698113,
        "precision": 0.8888888888888888,
        "recall": 0.16666666666666666,
        "f1_score": 0.2807017543859649,
        "balanced_accuracy": 0.5747126436781609,
        "description": "Agreement analysis between 'naive correctness fsl' and 'original correctness'."
    },
    "simple tree": {
        "agreement_count": "69",
        "agreement_percentage": 65.09433962264151,
        "mcc": 0.30323921743156135,
        "accuracy": 0.6509433962264151,
        "precision": 0.6037735849056604,
        "recall": 0.6666666666666666,
        "f1_score": 0.6336633663366337,
        "balanced_accuracy": 0.6522988505747127,
        "description": "Agreement analysis between 'simple tree' and 'original correctness'."
    },
    "complex tree": {
        "agreement_count": "69",
        "agreement_percentage": 65.09433962264151,
        "mcc": 0.29228435584658746,
        "accuracy": 0.6509433962264151,
        "precision": 0.6222222222222222,
        "recall": 0.5833333333333334,
        "f1_score": 0.6021505376344085,
        "balanced_accuracy": 0.6451149425287357,
        "description": "Agreement analysis between 'complex tree' and 'original correctness'."
    },
    "vanilla": {
        "agreement_count": "69",
        "agreement_percentage": 65.09433962264151,
        "mcc": 0.29693422204204056,
        "accuracy": 0.6509433962264151,
        "precision": 0.6122448979591837,
        "recall": 0.625,
        "f1_score": 0.6185567010309279,
        "balanced_accuracy": 0.6487068965517242,
        "description": "Agreement analysis between 'vanilla' and 'original correctness'."
    },
    "vanilla_no_cot": {
        "agreement_count": "66",
        "agreement_percentage": 62.264150943396224,
        "mcc": 0.23240835523860093,
        "accuracy": 0.6226415094339622,
        "precision": 0.6666666666666666,
        "recall": 0.3333333333333333,
        "f1_score": 0.4444444444444444,
        "balanced_accuracy": 0.5977011494252873,
        "description": "Agreement analysis between 'vanilla_no_cot' and 'original correctness'."
    },
    "summary": {
        "agreement_count": "67",
        "agreement_percentage": 63.20754716981132,
        "mcc": 0.25625387617096923,
        "accuracy": 0.6320754716981132,
        "precision": 0.5957446808510638,
        "recall": 0.5833333333333334,
        "f1_score": 0.5894736842105263,
        "balanced_accuracy": 0.6278735632183908,
        "description": "Agreement analysis between 'summary' and 'original correctness'."
    },
    "simple verify": {
        "agreement_count": "71",
        "agreement_percentage": 66.98113207547169,
        "mcc": 0.3291768708260696,
        "accuracy": 0.6698113207547169,
        "precision": 0.6511627906976745,
        "recall": 0.5833333333333334,
        "f1_score": 0.6153846153846155,
        "balanced_accuracy": 0.6623563218390804,
        "description": "Agreement analysis between 'simple verify' and 'original correctness'."
    },
    "complex verify": {
        "agreement_count": "71",
        "agreement_percentage": 66.98113207547169,
        "mcc": 0.3291768708260696,
        "accuracy": 0.6698113207547169,
        "precision": 0.6511627906976745,
        "recall": 0.5833333333333334,
        "f1_score": 0.6153846153846155,
        "balanced_accuracy": 0.6623563218390804,
        "description": "Agreement analysis between 'complex verify' and 'original correctness'."
    },
    "summary verify": {
        "agreement_count": "66",
        "agreement_percentage": 62.264150943396224,
        "mcc": 0.2301696253338661,
        "accuracy": 0.6226415094339622,
        "precision": 0.6,
        "recall": 0.5,
        "f1_score": 0.5454545454545454,
        "balanced_accuracy": 0.6120689655172413,
        "description": "Agreement analysis between 'summary verify' and 'original correctness'."
    },
    "simple verify fsl": {
        "agreement_count": "68",
        "agreement_percentage": 64.15094339622641,
        "mcc": 0.2687346248229862,
        "accuracy": 0.6415094339622641,
        "precision": 0.65625,
        "recall": 0.4375,
        "f1_score": 0.525,
        "balanced_accuracy": 0.6239224137931034,
        "description": "Agreement analysis between 'simple verify fsl' and 'original correctness'."
    },
    "complex verify fsl": {
        "agreement_count": "68",
        "agreement_percentage": 64.15094339622641,
        "mcc": 0.2717151601350791,
        "accuracy": 0.6415094339622641,
        "precision": 0.6785714285714286,
        "recall": 0.3958333333333333,
        "f1_score": 0.5,
        "balanced_accuracy": 0.6203304597701149,
        "description": "Agreement analysis between 'complex verify fsl' and 'original correctness'."
    },
    "summary verify fsl": {
        "agreement_count": "64",
        "agreement_percentage": 60.37735849056604,
        "mcc": 0.18573961692815855,
        "accuracy": 0.6037735849056604,
        "precision": 0.6071428571428571,
        "recall": 0.3541666666666667,
        "f1_score": 0.4473684210526316,
        "balanced_accuracy": 0.5822557471264368,
        "description": "Agreement analysis between 'summary verify fsl' and 'original correctness'."
    }
}