{
    "total_valid_rows": {
        "value": 59,
        "description": "Total number of valid rows after preprocessing and removing invalid entries."
    },
    "summary fsl": {
        "agreement_count": "20",
        "agreement_percentage": 33.89830508474576,
        "mcc": -0.32327766959152104,
        "accuracy": 0.3389830508474576,
        "precision": 0.32,
        "recall": 0.26666666666666666,
        "f1_score": 0.2909090909090909,
        "balanced_accuracy": 0.34022988505747126,
        "description": "Agreement analysis between 'summary fsl' and 'original correctness'."
    },
    "naive correctness fsl": {
        "agreement_count": "28",
        "agreement_percentage": 47.45762711864407,
        "mcc": -0.048214188825709686,
        "accuracy": 0.4745762711864407,
        "precision": 0.47058823529411764,
        "recall": 0.26666666666666666,
        "f1_score": 0.3404255319148936,
        "balanced_accuracy": 0.4781609195402299,
        "description": "Agreement analysis between 'naive correctness fsl' and 'original correctness'."
    },
    "simple tree": {
        "agreement_count": "26",
        "agreement_percentage": 44.06779661016949,
        "mcc": -0.13603125058958104,
        "accuracy": 0.4406779661016949,
        "precision": 0.4634146341463415,
        "recall": 0.6333333333333333,
        "f1_score": 0.5352112676056339,
        "balanced_accuracy": 0.43735632183908046,
        "description": "Agreement analysis between 'simple tree' and 'original correctness'."
    },
    "complex tree": {
        "agreement_count": "27",
        "agreement_percentage": 45.76271186440678,
        "mcc": -0.09715399616879816,
        "accuracy": 0.4576271186440678,
        "precision": 0.475,
        "recall": 0.6333333333333333,
        "f1_score": 0.5428571428571427,
        "balanced_accuracy": 0.45459770114942527,
        "description": "Agreement analysis between 'complex tree' and 'original correctness'."
    },
    "vanilla": {
        "agreement_count": "27",
        "agreement_percentage": 45.76271186440678,
        "mcc": -0.08837806794588346,
        "accuracy": 0.4576271186440678,
        "precision": 0.47058823529411764,
        "recall": 0.5333333333333333,
        "f1_score": 0.5,
        "balanced_accuracy": 0.45632183908045976,
        "description": "Agreement analysis between 'vanilla' and 'original correctness'."
    },
    "vanilla_no_cot": {
        "agreement_count": "24",
        "agreement_percentage": 40.67796610169492,
        "mcc": -0.1979319330739661,
        "accuracy": 0.4067796610169492,
        "precision": 0.35294117647058826,
        "recall": 0.2,
        "f1_score": 0.25531914893617025,
        "balanced_accuracy": 0.41034482758620694,
        "description": "Agreement analysis between 'vanilla_no_cot' and 'original correctness'."
    },
    "summary": {
        "agreement_count": "27",
        "agreement_percentage": 45.76271186440678,
        "mcc": -0.09361243255662009,
        "accuracy": 0.4576271186440678,
        "precision": 0.47368421052631576,
        "recall": 0.6,
        "f1_score": 0.5294117647058824,
        "balanced_accuracy": 0.45517241379310347,
        "description": "Agreement analysis between 'summary' and 'original correctness'."
    },
    "simple verify": {
        "agreement_count": "31",
        "agreement_percentage": 52.54237288135594,
        "mcc": 0.05057471264367816,
        "accuracy": 0.5254237288135594,
        "precision": 0.5333333333333333,
        "recall": 0.5333333333333333,
        "f1_score": 0.5333333333333333,
        "balanced_accuracy": 0.5252873563218391,
        "description": "Agreement analysis between 'simple verify' and 'original correctness'."
    },
    "complex verify": {
        "agreement_count": "22",
        "agreement_percentage": 37.28813559322034,
        "mcc": -0.25466838000195363,
        "accuracy": 0.3728813559322034,
        "precision": 0.36,
        "recall": 0.3,
        "f1_score": 0.3272727272727273,
        "balanced_accuracy": 0.3741379310344828,
        "description": "Agreement analysis between 'complex verify' and 'original correctness'."
    },
    "summary verify": {
        "agreement_count": "22",
        "agreement_percentage": 37.28813559322034,
        "mcc": -0.2537500773308721,
        "accuracy": 0.3728813559322034,
        "precision": 0.37037037037037035,
        "recall": 0.3333333333333333,
        "f1_score": 0.3508771929824561,
        "balanced_accuracy": 0.3735632183908046,
        "description": "Agreement analysis between 'summary verify' and 'original correctness'."
    },
    "simple verify fsl": {
        "agreement_count": "25",
        "agreement_percentage": 42.3728813559322,
        "mcc": -0.15538283535556902,
        "accuracy": 0.423728813559322,
        "precision": 0.4,
        "recall": 0.26666666666666666,
        "f1_score": 0.32,
        "balanced_accuracy": 0.4264367816091954,
        "description": "Agreement analysis between 'simple verify fsl' and 'original correctness'."
    },
    "complex verify fsl": {
        "agreement_count": "28",
        "agreement_percentage": 47.45762711864407,
        "mcc": -0.048214188825709686,
        "accuracy": 0.4745762711864407,
        "precision": 0.47058823529411764,
        "recall": 0.26666666666666666,
        "f1_score": 0.3404255319148936,
        "balanced_accuracy": 0.4781609195402299,
        "description": "Agreement analysis between 'complex verify fsl' and 'original correctness'."
    },
    "summary verify fsl": {
        "agreement_count": "26",
        "agreement_percentage": 44.06779661016949,
        "mcc": -0.11782167845915038,
        "accuracy": 0.4406779661016949,
        "precision": 0.43478260869565216,
        "recall": 0.3333333333333333,
        "f1_score": 0.3773584905660377,
        "balanced_accuracy": 0.44252873563218387,
        "description": "Agreement analysis between 'summary verify fsl' and 'original correctness'."
    }
}