{
    "total_valid_rows": {
        "value": 262,
        "description": "Total number of valid rows after preprocessing and removing invalid entries."
    },
    "summary fsl": {
        "agreement_count": "140",
        "agreement_percentage": 53.43511450381679,
        "mcc": 0.06699398103717473,
        "accuracy": 0.5343511450381679,
        "precision": 0.5346534653465347,
        "recall": 0.4186046511627907,
        "f1_score": 0.46956521739130436,
        "balanced_accuracy": 0.532610596258087,
        "description": "Agreement analysis between 'summary fsl' and 'original correctness'."
    },
    "naive correctness fsl": {
        "agreement_count": "144",
        "agreement_percentage": 54.961832061068705,
        "mcc": 0.11221697573219816,
        "accuracy": 0.549618320610687,
        "precision": 0.6037735849056604,
        "recall": 0.24806201550387597,
        "f1_score": 0.3516483516483516,
        "balanced_accuracy": 0.5450836393308853,
        "description": "Agreement analysis between 'naive correctness fsl' and 'original correctness'."
    },
    "simple tree": {
        "agreement_count": "164",
        "agreement_percentage": 62.59541984732825,
        "mcc": 0.252902507936744,
        "accuracy": 0.6259541984732825,
        "precision": 0.6131386861313869,
        "recall": 0.6511627906976745,
        "f1_score": 0.6315789473684211,
        "balanced_accuracy": 0.6263332750480853,
        "description": "Agreement analysis between 'simple tree' and 'original correctness'."
    },
    "complex tree": {
        "agreement_count": "160",
        "agreement_percentage": 61.06870229007634,
        "mcc": 0.2219695780396134,
        "accuracy": 0.6106870229007634,
        "precision": 0.6,
        "recall": 0.627906976744186,
        "f1_score": 0.6136363636363636,
        "balanced_accuracy": 0.6109459695751005,
        "description": "Agreement analysis between 'complex tree' and 'original correctness'."
    },
    "vanilla": {
        "agreement_count": "142",
        "agreement_percentage": 54.19847328244275,
        "mcc": 0.082579586301803,
        "accuracy": 0.5419847328244275,
        "precision": 0.5420560747663551,
        "recall": 0.4496124031007752,
        "f1_score": 0.4915254237288136,
        "balanced_accuracy": 0.5405956752345982,
        "description": "Agreement analysis between 'vanilla' and 'original correctness'."
    },
    "vanilla_no_cot": {
        "agreement_count": "145",
        "agreement_percentage": 55.343511450381676,
        "mcc": 0.12744618945016767,
        "accuracy": 0.5534351145038168,
        "precision": 0.6304347826086957,
        "recall": 0.2248062015503876,
        "f1_score": 0.33142857142857146,
        "balanced_accuracy": 0.5484933263391035,
        "description": "Agreement analysis between 'vanilla_no_cot' and 'original correctness'."
    },
    "summary": {
        "agreement_count": "146",
        "agreement_percentage": 55.72519083969466,
        "mcc": 0.11429737133531503,
        "accuracy": 0.5572519083969466,
        "precision": 0.5503875968992248,
        "recall": 0.5503875968992248,
        "f1_score": 0.5503875968992248,
        "balanced_accuracy": 0.5571486856676575,
        "description": "Agreement analysis between 'summary' and 'original correctness'."
    },
    "simple verify": {
        "agreement_count": "143",
        "agreement_percentage": 54.58015267175572,
        "mcc": 0.09196487152662776,
        "accuracy": 0.5458015267175572,
        "precision": 0.5581395348837209,
        "recall": 0.37209302325581395,
        "f1_score": 0.44651162790697674,
        "balanced_accuracy": 0.5431893687707641,
        "description": "Agreement analysis between 'simple verify' and 'original correctness'."
    },
    "complex verify": {
        "agreement_count": "138",
        "agreement_percentage": 52.67175572519084,
        "mcc": 0.05174836338749194,
        "accuracy": 0.5267175572519084,
        "precision": 0.5324675324675324,
        "recall": 0.3178294573643411,
        "f1_score": 0.39805825242718446,
        "balanced_accuracy": 0.5235763828175088,
        "description": "Agreement analysis between 'complex verify' and 'original correctness'."
    },
    "summary verify": {
        "agreement_count": "142",
        "agreement_percentage": 54.19847328244275,
        "mcc": 0.08526646278804295,
        "accuracy": 0.5419847328244275,
        "precision": 0.5584415584415584,
        "recall": 0.3333333333333333,
        "f1_score": 0.41747572815533973,
        "balanced_accuracy": 0.5388471177944862,
        "description": "Agreement analysis between 'summary verify' and 'original correctness'."
    },
    "simple verify fsl": {
        "agreement_count": "146",
        "agreement_percentage": 55.72519083969466,
        "mcc": 0.12017770423153026,
        "accuracy": 0.5572519083969466,
        "precision": 0.589041095890411,
        "recall": 0.3333333333333333,
        "f1_score": 0.4257425742574257,
        "balanced_accuracy": 0.5538847117794486,
        "description": "Agreement analysis between 'simple verify fsl' and 'original correctness'."
    },
    "complex verify fsl": {
        "agreement_count": "152",
        "agreement_percentage": 58.01526717557252,
        "mcc": 0.1751954842918006,
        "accuracy": 0.5801526717557252,
        "precision": 0.6417910447761194,
        "recall": 0.3333333333333333,
        "f1_score": 0.43877551020408156,
        "balanced_accuracy": 0.5764411027568922,
        "description": "Agreement analysis between 'complex verify fsl' and 'original correctness'."
    },
    "summary verify fsl": {
        "agreement_count": "138",
        "agreement_percentage": 52.67175572519084,
        "mcc": 0.05225066086697308,
        "accuracy": 0.5267175572519084,
        "precision": 0.5352112676056338,
        "recall": 0.29457364341085274,
        "f1_score": 0.37999999999999995,
        "balanced_accuracy": 0.5232266713294865,
        "description": "Agreement analysis between 'summary verify fsl' and 'original correctness'."
    }
}