{
    "total_valid_rows": {
        "value": 73,
        "description": "Total number of valid rows after preprocessing and removing invalid entries."
    },
    "summary fsl": {
        "agreement_count": "57",
        "agreement_percentage": 78.08219178082192,
        "mcc": 0.015534712747612346,
        "accuracy": 0.7808219178082192,
        "precision": 0.2,
        "recall": 0.07692307692307693,
        "f1_score": 0.1111111111111111,
        "balanced_accuracy": 0.5051282051282051,
        "description": "Agreement analysis between 'summary fsl' and 'original correctness'."
    },
    "naive correctness fsl": {
        "agreement_count": "48",
        "agreement_percentage": 65.75342465753424,
        "mcc": -0.073510092458161,
        "accuracy": 0.6575342465753424,
        "precision": 0.125,
        "recall": 0.15384615384615385,
        "f1_score": 0.13793103448275862,
        "balanced_accuracy": 0.4602564102564103,
        "description": "Agreement analysis between 'naive correctness fsl' and 'original correctness'."
    },
    "simple tree": {
        "agreement_count": "28",
        "agreement_percentage": 38.35616438356164,
        "mcc": 0.17174968130207635,
        "accuracy": 0.3835616438356164,
        "precision": 0.21428571428571427,
        "recall": 0.9230769230769231,
        "f1_score": 0.34782608695652173,
        "balanced_accuracy": 0.5948717948717949,
        "description": "Agreement analysis between 'simple tree' and 'original correctness'."
    },
    "complex tree": {
        "agreement_count": "25",
        "agreement_percentage": 34.24657534246575,
        "mcc": 0.2064532654613923,
        "accuracy": 0.3424657534246575,
        "precision": 0.21311475409836064,
        "recall": 1.0,
        "f1_score": 0.3513513513513513,
        "balanced_accuracy": 0.6,
        "description": "Agreement analysis between 'complex tree' and 'original correctness'."
    },
    "vanilla": {
        "agreement_count": "29",
        "agreement_percentage": 39.726027397260275,
        "mcc": 0.020882333793024503,
        "accuracy": 0.3972602739726027,
        "precision": 0.1836734693877551,
        "recall": 0.6923076923076923,
        "f1_score": 0.2903225806451613,
        "balanced_accuracy": 0.5128205128205128,
        "description": "Agreement analysis between 'vanilla' and 'original correctness'."
    },
    "summary": {
        "agreement_count": "23",
        "agreement_percentage": 31.506849315068493,
        "mcc": -0.06600291172656216,
        "accuracy": 0.3150684931506849,
        "precision": 0.16363636363636364,
        "recall": 0.6923076923076923,
        "f1_score": 0.2647058823529412,
        "balanced_accuracy": 0.46282051282051284,
        "description": "Agreement analysis between 'summary' and 'original correctness'."
    },
    "simple verify": {
        "agreement_count": "30",
        "agreement_percentage": 41.0958904109589,
        "mcc": -0.06114447163121294,
        "accuracy": 0.410958904109589,
        "precision": 0.1590909090909091,
        "recall": 0.5384615384615384,
        "f1_score": 0.2456140350877193,
        "balanced_accuracy": 0.4608974358974359,
        "description": "Agreement analysis between 'simple verify' and 'original correctness'."
    },
    "complex verify": {
        "agreement_count": "32",
        "agreement_percentage": 43.83561643835616,
        "mcc": 0.05994375055778868,
        "accuracy": 0.4383561643835616,
        "precision": 0.1956521739130435,
        "recall": 0.6923076923076923,
        "f1_score": 0.3050847457627119,
        "balanced_accuracy": 0.5378205128205128,
        "description": "Agreement analysis between 'complex verify' and 'original correctness'."
    },
    "summary verify": {
        "agreement_count": "33",
        "agreement_percentage": 45.20547945205479,
        "mcc": 0.1733233704821034,
        "accuracy": 0.4520547945205479,
        "precision": 0.22448979591836735,
        "recall": 0.8461538461538461,
        "f1_score": 0.3548387096774194,
        "balanced_accuracy": 0.6064102564102564,
        "description": "Agreement analysis between 'summary verify' and 'original correctness'."
    },
    "simple verify fsl": {
        "agreement_count": "45",
        "agreement_percentage": 61.64383561643836,
        "mcc": -0.0073909764501994225,
        "accuracy": 0.6164383561643836,
        "precision": 0.17391304347826086,
        "recall": 0.3076923076923077,
        "f1_score": 0.2222222222222222,
        "balanced_accuracy": 0.49551282051282053,
        "description": "Agreement analysis between 'simple verify fsl' and 'original correctness'."
    },
    "complex verify fsl": {
        "agreement_count": "43",
        "agreement_percentage": 58.9041095890411,
        "mcc": 0.014223940810322737,
        "accuracy": 0.589041095890411,
        "precision": 0.18518518518518517,
        "recall": 0.38461538461538464,
        "f1_score": 0.25,
        "balanced_accuracy": 0.5089743589743589,
        "description": "Agreement analysis between 'complex verify fsl' and 'original correctness'."
    },
    "summary verify fsl": {
        "agreement_count": "39",
        "agreement_percentage": 53.42465753424658,
        "mcc": 0.00886968593983624,
        "accuracy": 0.5342465753424658,
        "precision": 0.18181818181818182,
        "recall": 0.46153846153846156,
        "f1_score": 0.26086956521739135,
        "balanced_accuracy": 0.5057692307692307,
        "description": "Agreement analysis between 'summary verify fsl' and 'original correctness'."
    }
}