{
    "total_valid_rows": {
        "value": 34,
        "description": "Total number of valid rows after preprocessing and removing invalid entries."
    },
    "summary fsl": {
        "agreement_count": "30",
        "agreement_percentage": 88.23529411764706,
        "mcc": -0.0625,
        "accuracy": 0.8823529411764706,
        "precision": 0.0,
        "recall": 0.0,
        "f1_score": 0,
        "balanced_accuracy": 0.46875,
        "description": "Agreement analysis between 'summary fsl' and 'original correctness'."
    },
    "naive correctness fsl": {
        "agreement_count": "25",
        "agreement_percentage": 73.52941176470588,
        "mcc": -0.1272937693043289,
        "accuracy": 0.7352941176470589,
        "precision": 0.0,
        "recall": 0.0,
        "f1_score": 0,
        "balanced_accuracy": 0.390625,
        "description": "Agreement analysis between 'naive correctness fsl' and 'original correctness'."
    },
    "simple tree": {
        "agreement_count": "12",
        "agreement_percentage": 35.294117647058826,
        "mcc": 0.1613743060919757,
        "accuracy": 0.35294117647058826,
        "precision": 0.08333333333333333,
        "recall": 1.0,
        "f1_score": 0.15384615384615385,
        "balanced_accuracy": 0.65625,
        "description": "Agreement analysis between 'simple tree' and 'original correctness'."
    },
    "complex tree": {
        "agreement_count": "8",
        "agreement_percentage": 23.52941176470588,
        "mcc": 0.11572751247156893,
        "accuracy": 0.23529411764705882,
        "precision": 0.07142857142857142,
        "recall": 1.0,
        "f1_score": 0.13333333333333333,
        "balanced_accuracy": 0.59375,
        "description": "Agreement analysis between 'complex tree' and 'original correctness'."
    },
    "vanilla": {
        "agreement_count": "13",
        "agreement_percentage": 38.23529411764706,
        "mcc": 0.17289101870203116,
        "accuracy": 0.38235294117647056,
        "precision": 0.08695652173913043,
        "recall": 1.0,
        "f1_score": 0.16,
        "balanced_accuracy": 0.671875,
        "description": "Agreement analysis between 'vanilla' and 'original correctness'."
    },
    "summary": {
        "agreement_count": "10",
        "agreement_percentage": 29.411764705882355,
        "mcc": -0.11296201426438299,
        "accuracy": 0.29411764705882354,
        "precision": 0.041666666666666664,
        "recall": 0.5,
        "f1_score": 0.07692307692307693,
        "balanced_accuracy": 0.390625,
        "description": "Agreement analysis between 'summary' and 'original correctness'."
    },
    "simple verify": {
        "agreement_count": "15",
        "agreement_percentage": 44.11764705882353,
        "mcc": 0.1966989481173608,
        "accuracy": 0.4411764705882353,
        "precision": 0.09523809523809523,
        "recall": 1.0,
        "f1_score": 0.17391304347826084,
        "balanced_accuracy": 0.703125,
        "description": "Agreement analysis between 'simple verify' and 'original correctness'."
    },
    "complex verify": {
        "agreement_count": "17",
        "agreement_percentage": 50.0,
        "mcc": 0.22213082915965962,
        "accuracy": 0.5,
        "precision": 0.10526315789473684,
        "recall": 1.0,
        "f1_score": 0.1904761904761905,
        "balanced_accuracy": 0.734375,
        "description": "Agreement analysis between 'complex verify' and 'original correctness'."
    },
    "summary verify": {
        "agreement_count": "13",
        "agreement_percentage": 38.23529411764706,
        "mcc": -0.060522753266880246,
        "accuracy": 0.38235294117647056,
        "precision": 0.047619047619047616,
        "recall": 0.5,
        "f1_score": 0.08695652173913042,
        "balanced_accuracy": 0.4375,
        "description": "Agreement analysis between 'summary verify' and 'original correctness'."
    },
    "simple verify fsl": {
        "agreement_count": "23",
        "agreement_percentage": 67.64705882352942,
        "mcc": 0.09430419201928972,
        "accuracy": 0.6764705882352942,
        "precision": 0.09090909090909091,
        "recall": 0.5,
        "f1_score": 0.15384615384615385,
        "balanced_accuracy": 0.59375,
        "description": "Agreement analysis between 'simple verify fsl' and 'original correctness'."
    },
    "complex verify fsl": {
        "agreement_count": "23",
        "agreement_percentage": 67.64705882352942,
        "mcc": 0.09430419201928972,
        "accuracy": 0.6764705882352942,
        "precision": 0.09090909090909091,
        "recall": 0.5,
        "f1_score": 0.15384615384615385,
        "balanced_accuracy": 0.59375,
        "description": "Agreement analysis between 'complex verify fsl' and 'original correctness'."
    },
    "summary verify fsl": {
        "agreement_count": "21",
        "agreement_percentage": 61.76470588235294,
        "mcc": 0.060522753266880246,
        "accuracy": 0.6176470588235294,
        "precision": 0.07692307692307693,
        "recall": 0.5,
        "f1_score": 0.13333333333333336,
        "balanced_accuracy": 0.5625,
        "description": "Agreement analysis between 'summary verify fsl' and 'original correctness'."
    }
}