{
    "total_valid_rows": {
        "value": 13,
        "description": "Total number of valid rows after preprocessing and removing invalid entries."
    },
    "summary fsl": {
        "agreement_count": "10",
        "agreement_percentage": 76.92307692307693,
        "mcc": -0.12309149097933272,
        "accuracy": 0.7692307692307693,
        "precision": 0.0,
        "recall": 0.0,
        "f1_score": 0,
        "balanced_accuracy": 0.45454545454545453,
        "description": "Agreement analysis between 'summary fsl' and 'original correctness'."
    },
    "naive correctness fsl": {
        "agreement_count": "8",
        "agreement_percentage": 61.53846153846154,
        "mcc": -0.23354968324845687,
        "accuracy": 0.6153846153846154,
        "precision": 0.0,
        "recall": 0.0,
        "f1_score": 0,
        "balanced_accuracy": 0.36363636363636365,
        "description": "Agreement analysis between 'naive correctness fsl' and 'original correctness'."
    },
    "simple tree": {
        "agreement_count": "6",
        "agreement_percentage": 46.15384615384615,
        "mcc": 0.2842676218074806,
        "accuracy": 0.46153846153846156,
        "precision": 0.2222222222222222,
        "recall": 1.0,
        "f1_score": 0.3636363636363636,
        "balanced_accuracy": 0.6818181818181819,
        "description": "Agreement analysis between 'simple tree' and 'original correctness'."
    },
    "complex tree": {
        "agreement_count": "4",
        "agreement_percentage": 30.76923076923077,
        "mcc": 0.18181818181818182,
        "accuracy": 0.3076923076923077,
        "precision": 0.18181818181818182,
        "recall": 1.0,
        "f1_score": 0.3076923076923077,
        "balanced_accuracy": 0.5909090909090909,
        "description": "Agreement analysis between 'complex tree' and 'original correctness'."
    },
    "vanilla": {
        "agreement_count": "8",
        "agreement_percentage": 61.53846153846154,
        "mcc": 0.39477101697586137,
        "accuracy": 0.6153846153846154,
        "precision": 0.2857142857142857,
        "recall": 1.0,
        "f1_score": 0.4444444444444445,
        "balanced_accuracy": 0.7727272727272727,
        "description": "Agreement analysis between 'vanilla' and 'original correctness'."
    },
    "summary": {
        "agreement_count": "2",
        "agreement_percentage": 15.384615384615385,
        "mcc": -0.4090909090909091,
        "accuracy": 0.15384615384615385,
        "precision": 0.09090909090909091,
        "recall": 0.5,
        "f1_score": 0.15384615384615385,
        "balanced_accuracy": 0.29545454545454547,
        "description": "Agreement analysis between 'summary' and 'original correctness'."
    },
    "simple verify": {
        "agreement_count": "8",
        "agreement_percentage": 61.53846153846154,
        "mcc": 0.39477101697586137,
        "accuracy": 0.6153846153846154,
        "precision": 0.2857142857142857,
        "recall": 1.0,
        "f1_score": 0.4444444444444445,
        "balanced_accuracy": 0.7727272727272727,
        "description": "Agreement analysis between 'simple verify' and 'original correctness'."
    },
    "complex verify": {
        "agreement_count": "9",
        "agreement_percentage": 69.23076923076923,
        "mcc": 0.4605661864718383,
        "accuracy": 0.6923076923076923,
        "precision": 0.3333333333333333,
        "recall": 1.0,
        "f1_score": 0.5,
        "balanced_accuracy": 0.8181818181818181,
        "description": "Agreement analysis between 'complex verify' and 'original correctness'."
    },
    "summary verify": {
        "agreement_count": "7",
        "agreement_percentage": 53.84615384615385,
        "mcc": 0.03289758474798845,
        "accuracy": 0.5384615384615384,
        "precision": 0.16666666666666666,
        "recall": 0.5,
        "f1_score": 0.25,
        "balanced_accuracy": 0.5227272727272727,
        "description": "Agreement analysis between 'summary verify' and 'original correctness'."
    },
    "simple verify fsl": {
        "agreement_count": "8",
        "agreement_percentage": 61.53846153846154,
        "mcc": 0.10112997936948631,
        "accuracy": 0.6153846153846154,
        "precision": 0.2,
        "recall": 0.5,
        "f1_score": 0.28571428571428575,
        "balanced_accuracy": 0.5681818181818181,
        "description": "Agreement analysis between 'simple verify fsl' and 'original correctness'."
    },
    "complex verify fsl": {
        "agreement_count": "7",
        "agreement_percentage": 53.84615384615385,
        "mcc": 0.03289758474798845,
        "accuracy": 0.5384615384615384,
        "precision": 0.16666666666666666,
        "recall": 0.5,
        "f1_score": 0.25,
        "balanced_accuracy": 0.5227272727272727,
        "description": "Agreement analysis between 'complex verify fsl' and 'original correctness'."
    },
    "summary verify fsl": {
        "agreement_count": "8",
        "agreement_percentage": 61.53846153846154,
        "mcc": 0.10112997936948631,
        "accuracy": 0.6153846153846154,
        "precision": 0.2,
        "recall": 0.5,
        "f1_score": 0.28571428571428575,
        "balanced_accuracy": 0.5681818181818181,
        "description": "Agreement analysis between 'summary verify fsl' and 'original correctness'."
    }
}