{
    "total_valid_rows": {
        "value": 47,
        "description": "Total number of valid rows after preprocessing and removing invalid entries."
    },
    "Function summary": {
        "agreement_count": "22",
        "agreement_percentage": 46.808510638297875,
        "mcc": 0.10235879171828927,
        "accuracy": 0.46808510638297873,
        "precision": 0.8235294117647058,
        "recall": 0.3888888888888889,
        "f1_score": 0.5283018867924528,
        "balanced_accuracy": 0.5580808080808081,
        "description": "Agreement analysis between 'Correctness' and 'original correctness'."
    },
    "Naive": {
        "agreement_count": "23",
        "agreement_percentage": 48.93617021276596,
        "mcc": 0.12536953389027516,
        "accuracy": 0.48936170212765956,
        "precision": 0.8333333333333334,
        "recall": 0.4166666666666667,
        "f1_score": 0.5555555555555556,
        "balanced_accuracy": 0.571969696969697,
        "description": "Agreement analysis between 'naive correctness' and 'original correctness'."
    },
    "Complex tree": {
        "agreement_count": "24",
        "agreement_percentage": 51.06382978723404,
        "mcc": -0.06919990614769092,
        "accuracy": 0.5106382978723404,
        "precision": 0.7407407407407407,
        "recall": 0.5555555555555556,
        "f1_score": 0.634920634920635,
        "balanced_accuracy": 0.4595959595959596,
        "description": "Agreement analysis between 'annotated correctness' and 'original correctness'."
    },
    "Simple tree": {
        "agreement_count": "25",
        "agreement_percentage": 53.191489361702125,
        "mcc": -0.16285089025827418,
        "accuracy": 0.5319148936170213,
        "precision": 0.71875,
        "recall": 0.6388888888888888,
        "f1_score": 0.676470588235294,
        "balanced_accuracy": 0.41035353535353536,
        "description": "Agreement analysis between 'annotated correctness simple' and 'original correctness'."
    },
    "Naive No FSL": {
        "agreement_count": "21",
        "agreement_percentage": 44.680851063829785,
        "mcc": -0.03243745600673012,
        "accuracy": 0.44680851063829785,
        "precision": 0.75,
        "recall": 0.4166666666666667,
        "f1_score": 0.5357142857142857,
        "balanced_accuracy": 0.4810606060606061,
        "description": "Agreement analysis between 'naive no fsl correctness' and 'original correctness'."
    },
    "naive_correctness_vs_correctness_diff": {
        "description": "Analysis of cases where 'naive correctness' and 'Correctness' differ.",
        "count": 17,
        "original_agreement_count": "9",
        "original_agreement_percentage": 52.94117647058824
    },
    "naive_correctness_vs_correctness_same": {
        "description": "Analysis of cases where 'naive correctness' and 'Correctness' are the same.",
        "count": 30,
        "original_agreement_count": "14",
        "original_disagreement_count": "16"
    }
}