{
    "total_valid_rows": {
        "value": 150,
        "description": "Total number of valid rows after preprocessing and removing invalid entries."
    },
    "Function summary": {
        "agreement_count": "73",
        "agreement_percentage": 48.66666666666667,
        "mcc": 0.07365884524946541,
        "accuracy": 0.4866666666666667,
        "precision": 0.8461538461538461,
        "recall": 0.45081967213114754,
        "f1_score": 0.588235294117647,
        "balanced_accuracy": 0.5468384074941453,
        "description": "Agreement analysis between 'Correctness' and 'original correctness'."
    },
    "Naive": {
        "agreement_count": "90",
        "agreement_percentage": 60.0,
        "mcc": 0.16131196083645608,
        "accuracy": 0.6,
        "precision": 0.8690476190476191,
        "recall": 0.5983606557377049,
        "f1_score": 0.7087378640776698,
        "balanced_accuracy": 0.602751756440281,
        "description": "Agreement analysis between 'naive correctness' and 'original correctness'."
    },
    "Complex tree": {
        "agreement_count": "78",
        "agreement_percentage": 52.0,
        "mcc": -0.023829395520122084,
        "accuracy": 0.52,
        "precision": 0.8048780487804879,
        "recall": 0.5409836065573771,
        "f1_score": 0.6470588235294118,
        "balanced_accuracy": 0.4847775175644028,
        "description": "Agreement analysis between 'annotated correctness' and 'original correctness'."
    },
    "Simple tree": {
        "agreement_count": "95",
        "agreement_percentage": 63.33333333333333,
        "mcc": 0.02240178743525643,
        "accuracy": 0.6333333333333333,
        "precision": 0.819047619047619,
        "recall": 0.7049180327868853,
        "f1_score": 0.7577092511013216,
        "balanced_accuracy": 0.5131733021077284,
        "description": "Agreement analysis between 'annotated correctness simple' and 'original correctness'."
    },
    "Naive No FSL": {
        "agreement_count": "84",
        "agreement_percentage": 56.00000000000001,
        "mcc": 0.057906857736163726,
        "accuracy": 0.56,
        "precision": 0.8333333333333334,
        "recall": 0.5737704918032787,
        "f1_score": 0.6796116504854368,
        "balanced_accuracy": 0.5368852459016393,
        "description": "Agreement analysis between 'naive no fsl correctness' and 'original correctness'."
    },
    "naive_correctness_vs_correctness_diff": {
        "description": "Analysis of cases where 'naive correctness' and 'Correctness' differ.",
        "count": 53,
        "original_agreement_count": "35",
        "original_agreement_percentage": 66.0377358490566
    },
    "naive_correctness_vs_correctness_same": {
        "description": "Analysis of cases where 'naive correctness' and 'Correctness' are the same.",
        "count": 97,
        "original_agreement_count": "55",
        "original_disagreement_count": "42"
    }
}