question_id,generation_passes,generation_total,generation_pass_rate,generation_tokens,repair_passes,repair_total,repair_pass_rate,repair_tokens
4004,92,310,0.2967741935483871,1255.0,66,310,0.2129032258064516,1912.0
4058,39,74,0.527027027027027,1543.0,24,74,0.32432432432432434,2329.0
4063,32,68,0.47058823529411764,928.0,30,68,0.4411764705882353,1532.0
Overall,163,452,0.3606194690265487,1242.0,120,452,0.26548672566371684,1924.3333333333333
