question_id,generation_passes,generation_total,generation_pass_rate,generation_tokens,repair_passes,repair_total,repair_pass_rate,repair_tokens
4065,54,64,0.84375,1352.0,15,32,0.46875,866.0
4100,9,52,0.17307692307692307,1160.0,31,52,0.5961538461538461,1438.0
4108,41,48,0.8541666666666666,844.0,17,24,0.7083333333333334,541.0
Overall,104,164,0.6341463414634146,1118.6666666666667,63,108,0.5833333333333334,948.3333333333334
