question_id,generation_passes,generation_total,generation_pass_rate,generation_tokens,repair_passes,repair_total,repair_pass_rate,repair_tokens
4117,46,46,1.0,979.0,0,0,0.0,0.0
4155,10,38,0.2631578947368421,947.0,2,38,0.05263157894736842,1587.0
4164,35,36,0.9722222222222222,729.0,0,18,0.0,512.0
Overall,91,120,0.7583333333333333,885.0,2,56,0.03571428571428571,699.6666666666666
