{
    "total_valid_rows": {
        "value": 79,
        "description": "Total number of valid rows after preprocessing and removing invalid entries."
    },
    "Function summary": {
        "agreement_count": "46",
        "agreement_percentage": 58.22784810126582,
        "mcc": 0.13053893290182023,
        "accuracy": 0.5822784810126582,
        "precision": 0.5,
        "recall": 0.45454545454545453,
        "f1_score": 0.47619047619047616,
        "balanced_accuracy": 0.5642292490118577,
        "description": "Agreement analysis between 'Correctness' and 'original correctness'."
    },
    "Naive": {
        "agreement_count": "57",
        "agreement_percentage": 72.15189873417721,
        "mcc": 0.4241757998940145,
        "accuracy": 0.7215189873417721,
        "precision": 0.7894736842105263,
        "recall": 0.45454545454545453,
        "f1_score": 0.5769230769230769,
        "balanced_accuracy": 0.683794466403162,
        "description": "Agreement analysis between 'naive correctness' and 'original correctness'."
    },
    "Complex tree": {
        "agreement_count": "47",
        "agreement_percentage": 59.49367088607595,
        "mcc": 0.22832806236180334,
        "accuracy": 0.5949367088607594,
        "precision": 0.5106382978723404,
        "recall": 0.7272727272727273,
        "f1_score": 0.5999999999999999,
        "balanced_accuracy": 0.6136363636363636,
        "description": "Agreement analysis between 'annotated correctness' and 'original correctness'."
    },
    "Simple tree": {
        "agreement_count": "40",
        "agreement_percentage": 50.63291139240506,
        "mcc": 0.1029599933272513,
        "accuracy": 0.5063291139240507,
        "precision": 0.4482758620689655,
        "recall": 0.7878787878787878,
        "f1_score": 0.5714285714285714,
        "balanced_accuracy": 0.5461133069828722,
        "description": "Agreement analysis between 'annotated correctness simple' and 'original correctness'."
    },
    "Naive No FSL": {
        "agreement_count": "50",
        "agreement_percentage": 63.29113924050633,
        "mcc": 0.22609307372045218,
        "accuracy": 0.6329113924050633,
        "precision": 0.5769230769230769,
        "recall": 0.45454545454545453,
        "f1_score": 0.5084745762711863,
        "balanced_accuracy": 0.607707509881423,
        "description": "Agreement analysis between 'naive no fsl correctness' and 'original correctness'."
    },
    "naive_correctness_vs_correctness_diff": {
        "description": "Analysis of cases where 'naive correctness' and 'Correctness' differ.",
        "count": 29,
        "original_agreement_count": "20",
        "original_agreement_percentage": 68.96551724137932
    },
    "naive_correctness_vs_correctness_same": {
        "description": "Analysis of cases where 'naive correctness' and 'Correctness' are the same.",
        "count": 50,
        "original_agreement_count": "37",
        "original_disagreement_count": "13"
    }
}