{
    "total_valid_rows": {
        "value": 71,
        "description": "Total number of valid rows after preprocessing and removing invalid entries."
    },
    "tester": {
        "agreement_count": "38",
        "agreement_percentage": 53.52112676056338,
        "mcc": 0.12468447572731321,
        "accuracy": 0.5352112676056338,
        "precision": 1.0,
        "recall": 0.029411764705882353,
        "f1_score": 0.05714285714285715,
        "balanced_accuracy": 0.5147058823529411,
        "description": "Agreement analysis between 'tester' and 'original correctness'."
    }
}