{
    "total_valid_rows": {
        "value": 86,
        "description": "Total number of valid rows after preprocessing and removing invalid entries."
    },
    "vanilla": {
        "agreement_count": "60",
        "agreement_percentage": 69.76744186046511,
        "mcc": 0.3864353370652978,
        "accuracy": 0.6976744186046512,
        "precision": 0.6857142857142857,
        "recall": 0.6153846153846154,
        "f1_score": 0.6486486486486486,
        "balanced_accuracy": 0.690671031096563,
        "description": "Agreement analysis between 'vanilla' and 'original correctness'."
    }
}