{
    "total_valid_rows": {
        "value": 20,
        "description": "Total number of valid rows after preprocessing and removing invalid entries."
    },
    "summary fsl": {
        "agreement_count": "8",
        "agreement_percentage": 40.0,
        "mcc": 0.16834512458535864,
        "accuracy": 0.4,
        "precision": 1.0,
        "recall": 0.07692307692307693,
        "f1_score": 0.14285714285714288,
        "balanced_accuracy": 0.5384615384615384,
        "description": "Agreement analysis between 'summary fsl' and 'original correctness'."
    },
    "naive correctness fsl": {
        "agreement_count": "8",
        "agreement_percentage": 40.0,
        "mcc": 0.014678923792502562,
        "accuracy": 0.4,
        "precision": 0.6666666666666666,
        "recall": 0.15384615384615385,
        "f1_score": 0.25,
        "balanced_accuracy": 0.5054945054945055,
        "description": "Agreement analysis between 'naive correctness fsl' and 'original correctness'."
    },
    "simple tree": {
        "agreement_count": "13",
        "agreement_percentage": 65.0,
        "mcc": 0.15724272550828775,
        "accuracy": 0.65,
        "precision": 0.6875,
        "recall": 0.8461538461538461,
        "f1_score": 0.7586206896551724,
        "balanced_accuracy": 0.5659340659340659,
        "description": "Agreement analysis between 'simple tree' and 'original correctness'."
    },
    "complex tree": {
        "agreement_count": "14",
        "agreement_percentage": 70.0,
        "mcc": 0.3126409456585232,
        "accuracy": 0.7,
        "precision": 0.6842105263157895,
        "recall": 1.0,
        "f1_score": 0.8125000000000001,
        "balanced_accuracy": 0.5714285714285714,
        "description": "Agreement analysis between 'complex tree' and 'original correctness'."
    },
    "vanilla": {
        "agreement_count": "14",
        "agreement_percentage": 70.0,
        "mcc": 0.3126409456585232,
        "accuracy": 0.7,
        "precision": 0.6842105263157895,
        "recall": 1.0,
        "f1_score": 0.8125000000000001,
        "balanced_accuracy": 0.5714285714285714,
        "description": "Agreement analysis between 'vanilla' and 'original correctness'."
    },
    "vanilla_no_cot": {
        "agreement_count": "12",
        "agreement_percentage": 60.0,
        "mcc": -0.014678923792502562,
        "accuracy": 0.6,
        "precision": 0.6470588235294118,
        "recall": 0.8461538461538461,
        "f1_score": 0.7333333333333334,
        "balanced_accuracy": 0.4945054945054945,
        "description": "Agreement analysis between 'vanilla_no_cot' and 'original correctness'."
    },
    "summary": {
        "agreement_count": "14",
        "agreement_percentage": 70.0,
        "mcc": 0.2788995520575487,
        "accuracy": 0.7,
        "precision": 0.7058823529411765,
        "recall": 0.9230769230769231,
        "f1_score": 0.8000000000000002,
        "balanced_accuracy": 0.6043956043956045,
        "description": "Agreement analysis between 'summary' and 'original correctness'."
    },
    "simple verify": {
        "agreement_count": "15",
        "agreement_percentage": 75.0,
        "mcc": 0.45425676257949793,
        "accuracy": 0.75,
        "precision": 0.7222222222222222,
        "recall": 1.0,
        "f1_score": 0.8387096774193548,
        "balanced_accuracy": 0.6428571428571428,
        "description": "Agreement analysis between 'simple verify' and 'original correctness'."
    },
    "complex verify": {
        "agreement_count": "13",
        "agreement_percentage": 65.0,
        "mcc": 0,
        "accuracy": 0.65,
        "precision": 0.65,
        "recall": 1.0,
        "f1_score": 0.787878787878788,
        "balanced_accuracy": 0.5,
        "description": "Agreement analysis between 'complex verify' and 'original correctness'."
    },
    "summary verify": {
        "agreement_count": "13",
        "agreement_percentage": 65.0,
        "mcc": 0,
        "accuracy": 0.65,
        "precision": 0.65,
        "recall": 1.0,
        "f1_score": 0.787878787878788,
        "balanced_accuracy": 0.5,
        "description": "Agreement analysis between 'summary verify' and 'original correctness'."
    },
    "simple verify fsl": {
        "agreement_count": "11",
        "agreement_percentage": 55.00000000000001,
        "mcc": 0.2516299559794226,
        "accuracy": 0.55,
        "precision": 0.8333333333333334,
        "recall": 0.38461538461538464,
        "f1_score": 0.5263157894736842,
        "balanced_accuracy": 0.6208791208791209,
        "description": "Agreement analysis between 'simple verify fsl' and 'original correctness'."
    },
    "complex verify fsl": {
        "agreement_count": "11",
        "agreement_percentage": 55.00000000000001,
        "mcc": 0.10482848367219183,
        "accuracy": 0.55,
        "precision": 0.7,
        "recall": 0.5384615384615384,
        "f1_score": 0.608695652173913,
        "balanced_accuracy": 0.554945054945055,
        "description": "Agreement analysis between 'complex verify fsl' and 'original correctness'."
    },
    "summary verify fsl": {
        "agreement_count": "10",
        "agreement_percentage": 50.0,
        "mcc": 0.0316069770620507,
        "accuracy": 0.5,
        "precision": 0.6666666666666666,
        "recall": 0.46153846153846156,
        "f1_score": 0.5454545454545455,
        "balanced_accuracy": 0.5164835164835164,
        "description": "Agreement analysis between 'summary verify fsl' and 'original correctness'."
    }
}