{
    "total_valid_rows": {
        "value": 47,
        "description": "Total number of valid rows after preprocessing and removing invalid entries."
    },
    "summary fsl": {
        "agreement_count": "26",
        "agreement_percentage": 55.319148936170215,
        "mcc": 0.14849624060150377,
        "accuracy": 0.5531914893617021,
        "precision": 0.6842105263157895,
        "recall": 0.4642857142857143,
        "f1_score": 0.5531914893617021,
        "balanced_accuracy": 0.5742481203007519,
        "description": "Agreement analysis between 'summary fsl' and 'original correctness'."
    },
    "naive correctness fsl": {
        "agreement_count": "22",
        "agreement_percentage": 46.808510638297875,
        "mcc": 0.14360705427143847,
        "accuracy": 0.46808510638297873,
        "precision": 0.8,
        "recall": 0.14285714285714285,
        "f1_score": 0.24242424242424243,
        "balanced_accuracy": 0.5451127819548872,
        "description": "Agreement analysis between 'naive correctness fsl' and 'original correctness'."
    },
    "simple tree": {
        "agreement_count": "29",
        "agreement_percentage": 61.702127659574465,
        "mcc": 0.16910128256616624,
        "accuracy": 0.6170212765957447,
        "precision": 0.6470588235294118,
        "recall": 0.7857142857142857,
        "f1_score": 0.7096774193548386,
        "balanced_accuracy": 0.5770676691729323,
        "description": "Agreement analysis between 'simple tree' and 'original correctness'."
    },
    "complex tree": {
        "agreement_count": "27",
        "agreement_percentage": 57.446808510638306,
        "mcc": 0.11654135338345864,
        "accuracy": 0.574468085106383,
        "precision": 0.6428571428571429,
        "recall": 0.6428571428571429,
        "f1_score": 0.6428571428571429,
        "balanced_accuracy": 0.5582706766917294,
        "description": "Agreement analysis between 'complex tree' and 'original correctness'."
    },
    "vanilla": {
        "agreement_count": "29",
        "agreement_percentage": 61.702127659574465,
        "mcc": 0.19198137410269475,
        "accuracy": 0.6170212765957447,
        "precision": 0.6666666666666666,
        "recall": 0.7142857142857143,
        "f1_score": 0.689655172413793,
        "balanced_accuracy": 0.5939849624060151,
        "description": "Agreement analysis between 'vanilla' and 'original correctness'."
    },
    "vanilla_no_cot": {
        "agreement_count": "24",
        "agreement_percentage": 51.06382978723404,
        "mcc": 0.28422229491222195,
        "accuracy": 0.5106382978723404,
        "precision": 1.0,
        "recall": 0.17857142857142858,
        "f1_score": 0.30303030303030304,
        "balanced_accuracy": 0.5892857142857143,
        "description": "Agreement analysis between 'vanilla_no_cot' and 'original correctness'."
    },
    "summary": {
        "agreement_count": "28",
        "agreement_percentage": 59.57446808510638,
        "mcc": 0.16791512356486687,
        "accuracy": 0.5957446808510638,
        "precision": 0.6666666666666666,
        "recall": 0.6428571428571429,
        "f1_score": 0.6545454545454545,
        "balanced_accuracy": 0.5845864661654135,
        "description": "Agreement analysis between 'summary' and 'original correctness'."
    },
    "simple verify": {
        "agreement_count": "25",
        "agreement_percentage": 53.191489361702125,
        "mcc": 0.02819548872180451,
        "accuracy": 0.5319148936170213,
        "precision": 0.6071428571428571,
        "recall": 0.6071428571428571,
        "f1_score": 0.6071428571428571,
        "balanced_accuracy": 0.5140977443609023,
        "description": "Agreement analysis between 'simple verify' and 'original correctness'."
    },
    "complex verify": {
        "agreement_count": "26",
        "agreement_percentage": 55.319148936170215,
        "mcc": 0.08022611459210306,
        "accuracy": 0.5531914893617021,
        "precision": 0.6296296296296297,
        "recall": 0.6071428571428571,
        "f1_score": 0.6181818181818182,
        "balanced_accuracy": 0.5404135338345865,
        "description": "Agreement analysis between 'complex verify' and 'original correctness'."
    },
    "summary verify": {
        "agreement_count": "24",
        "agreement_percentage": 51.06382978723404,
        "mcc": 0.042675213106146484,
        "accuracy": 0.5106382978723404,
        "precision": 0.6190476190476191,
        "recall": 0.4642857142857143,
        "f1_score": 0.5306122448979592,
        "balanced_accuracy": 0.5216165413533835,
        "description": "Agreement analysis between 'summary verify' and 'original correctness'."
    },
    "simple verify fsl": {
        "agreement_count": "27",
        "agreement_percentage": 57.446808510638306,
        "mcc": 0.14762660488868531,
        "accuracy": 0.574468085106383,
        "precision": 0.6666666666666666,
        "recall": 0.5714285714285714,
        "f1_score": 0.6153846153846153,
        "balanced_accuracy": 0.575187969924812,
        "description": "Agreement analysis between 'simple verify fsl' and 'original correctness'."
    },
    "complex verify fsl": {
        "agreement_count": "22",
        "agreement_percentage": 46.808510638297875,
        "mcc": -0.04453065715423981,
        "accuracy": 0.46808510638297873,
        "precision": 0.5714285714285714,
        "recall": 0.42857142857142855,
        "f1_score": 0.48979591836734687,
        "balanced_accuracy": 0.47744360902255634,
        "description": "Agreement analysis between 'complex verify fsl' and 'original correctness'."
    },
    "summary verify fsl": {
        "agreement_count": "25",
        "agreement_percentage": 53.191489361702125,
        "mcc": 0.1343236351213712,
        "accuracy": 0.5319148936170213,
        "precision": 0.6875,
        "recall": 0.39285714285714285,
        "f1_score": 0.5,
        "balanced_accuracy": 0.5648496240601504,
        "description": "Agreement analysis between 'summary verify fsl' and 'original correctness'."
    }
}