{
    "total_valid_rows": {
        "value": 24,
        "description": "Total number of valid rows after preprocessing and removing invalid entries."
    },
    "summary fsl": {
        "agreement_count": "12",
        "agreement_percentage": 50.0,
        "mcc": -0.06666666666666667,
        "accuracy": 0.5,
        "precision": 0.3333333333333333,
        "recall": 0.3333333333333333,
        "f1_score": 0.3333333333333333,
        "balanced_accuracy": 0.4666666666666667,
        "description": "Agreement analysis between 'summary fsl' and 'original correctness'."
    },
    "naive correctness fsl": {
        "agreement_count": "16",
        "agreement_percentage": 66.66666666666666,
        "mcc": 0.26919095102908275,
        "accuracy": 0.6666666666666666,
        "precision": 1.0,
        "recall": 0.1111111111111111,
        "f1_score": 0.19999999999999998,
        "balanced_accuracy": 0.5555555555555556,
        "description": "Agreement analysis between 'naive correctness fsl' and 'original correctness'."
    },
    "simple tree": {
        "agreement_count": "14",
        "agreement_percentage": 58.333333333333336,
        "mcc": 0.3076976944152481,
        "accuracy": 0.5833333333333334,
        "precision": 0.47058823529411764,
        "recall": 0.8888888888888888,
        "f1_score": 0.6153846153846153,
        "balanced_accuracy": 0.6444444444444444,
        "description": "Agreement analysis between 'simple tree' and 'original correctness'."
    },
    "complex tree": {
        "agreement_count": "12",
        "agreement_percentage": 50.0,
        "mcc": 0.06666666666666667,
        "accuracy": 0.5,
        "precision": 0.4,
        "recall": 0.6666666666666666,
        "f1_score": 0.5,
        "balanced_accuracy": 0.5333333333333333,
        "description": "Agreement analysis between 'complex tree' and 'original correctness'."
    },
    "vanilla": {
        "agreement_count": "12",
        "agreement_percentage": 50.0,
        "mcc": 0.06666666666666667,
        "accuracy": 0.5,
        "precision": 0.4,
        "recall": 0.6666666666666666,
        "f1_score": 0.5,
        "balanced_accuracy": 0.5333333333333333,
        "description": "Agreement analysis between 'vanilla' and 'original correctness'."
    },
    "vanilla_no_cot": {
        "agreement_count": "15",
        "agreement_percentage": 62.5,
        "mcc": 0,
        "accuracy": 0.625,
        "precision": 0,
        "recall": 0.0,
        "f1_score": 0,
        "balanced_accuracy": 0.5,
        "description": "Agreement analysis between 'vanilla_no_cot' and 'original correctness'."
    },
    "summary": {
        "agreement_count": "13",
        "agreement_percentage": 54.166666666666664,
        "mcc": 0.13093073414159542,
        "accuracy": 0.5416666666666666,
        "precision": 0.42857142857142855,
        "recall": 0.6666666666666666,
        "f1_score": 0.5217391304347826,
        "balanced_accuracy": 0.5666666666666667,
        "description": "Agreement analysis between 'summary' and 'original correctness'."
    },
    "simple verify": {
        "agreement_count": "10",
        "agreement_percentage": 41.66666666666667,
        "mcc": -0.1111111111111111,
        "accuracy": 0.4166666666666667,
        "precision": 0.3333333333333333,
        "recall": 0.5555555555555556,
        "f1_score": 0.4166666666666667,
        "balanced_accuracy": 0.4444444444444444,
        "description": "Agreement analysis between 'simple verify' and 'original correctness'."
    },
    "complex verify": {
        "agreement_count": "12",
        "agreement_percentage": 50.0,
        "mcc": 0.06666666666666667,
        "accuracy": 0.5,
        "precision": 0.4,
        "recall": 0.6666666666666666,
        "f1_score": 0.5,
        "balanced_accuracy": 0.5333333333333333,
        "description": "Agreement analysis between 'complex verify' and 'original correctness'."
    },
    "summary verify": {
        "agreement_count": "12",
        "agreement_percentage": 50.0,
        "mcc": -0.021591675854376522,
        "accuracy": 0.5,
        "precision": 0.36363636363636365,
        "recall": 0.4444444444444444,
        "f1_score": 0.39999999999999997,
        "balanced_accuracy": 0.4888888888888889,
        "description": "Agreement analysis between 'summary verify' and 'original correctness'."
    },
    "simple verify fsl": {
        "agreement_count": "13",
        "agreement_percentage": 54.166666666666664,
        "mcc": 0.04364357804719848,
        "accuracy": 0.5416666666666666,
        "precision": 0.4,
        "recall": 0.4444444444444444,
        "f1_score": 0.4210526315789474,
        "balanced_accuracy": 0.5222222222222221,
        "description": "Agreement analysis between 'simple verify fsl' and 'original correctness'."
    },
    "complex verify fsl": {
        "agreement_count": "12",
        "agreement_percentage": 50.0,
        "mcc": -0.06666666666666667,
        "accuracy": 0.5,
        "precision": 0.3333333333333333,
        "recall": 0.3333333333333333,
        "f1_score": 0.3333333333333333,
        "balanced_accuracy": 0.4666666666666667,
        "description": "Agreement analysis between 'complex verify fsl' and 'original correctness'."
    },
    "summary verify fsl": {
        "agreement_count": "13",
        "agreement_percentage": 54.166666666666664,
        "mcc": -0.049690399499995326,
        "accuracy": 0.5416666666666666,
        "precision": 0.3333333333333333,
        "recall": 0.2222222222222222,
        "f1_score": 0.26666666666666666,
        "balanced_accuracy": 0.47777777777777775,
        "description": "Agreement analysis between 'summary verify fsl' and 'original correctness'."
    }
}