{
    "total_valid_rows": {
        "value": 19,
        "description": "Total number of valid rows after preprocessing and removing invalid entries."
    },
    "summary fsl": {
        "agreement_count": "7",
        "agreement_percentage": 36.84210526315789,
        "mcc": 0,
        "accuracy": 0.3684210526315789,
        "precision": 0,
        "recall": 0.0,
        "f1_score": 0,
        "balanced_accuracy": 0.5,
        "description": "Agreement analysis between 'summary fsl' and 'original correctness'."
    },
    "naive correctness fsl": {
        "agreement_count": "10",
        "agreement_percentage": 52.63157894736842,
        "mcc": 0.3307189138830738,
        "accuracy": 0.5263157894736842,
        "precision": 1.0,
        "recall": 0.25,
        "f1_score": 0.4,
        "balanced_accuracy": 0.625,
        "description": "Agreement analysis between 'naive correctness fsl' and 'original correctness'."
    },
    "simple tree": {
        "agreement_count": "12",
        "agreement_percentage": 63.1578947368421,
        "mcc": 0.14085904245475275,
        "accuracy": 0.631578947368421,
        "precision": 0.6666666666666666,
        "recall": 0.8333333333333334,
        "f1_score": 0.7407407407407408,
        "balanced_accuracy": 0.5595238095238095,
        "description": "Agreement analysis between 'simple tree' and 'original correctness'."
    },
    "complex tree": {
        "agreement_count": "14",
        "agreement_percentage": 73.68421052631578,
        "mcc": 0.408491223118783,
        "accuracy": 0.7368421052631579,
        "precision": 0.7333333333333333,
        "recall": 0.9166666666666666,
        "f1_score": 0.8148148148148148,
        "balanced_accuracy": 0.6726190476190476,
        "description": "Agreement analysis between 'complex tree' and 'original correctness'."
    },
    "vanilla": {
        "agreement_count": "14",
        "agreement_percentage": 73.68421052631578,
        "mcc": 0.44908871313907184,
        "accuracy": 0.7368421052631579,
        "precision": 0.7058823529411765,
        "recall": 1.0,
        "f1_score": 0.8275862068965517,
        "balanced_accuracy": 0.6428571428571428,
        "description": "Agreement analysis between 'vanilla' and 'original correctness'."
    },
    "vanilla_no_cot": {
        "agreement_count": "11",
        "agreement_percentage": 57.89473684210527,
        "mcc": 0.09523809523809523,
        "accuracy": 0.5789473684210527,
        "precision": 0.6666666666666666,
        "recall": 0.6666666666666666,
        "f1_score": 0.6666666666666666,
        "balanced_accuracy": 0.5476190476190476,
        "description": "Agreement analysis between 'vanilla_no_cot' and 'original correctness'."
    },
    "summary": {
        "agreement_count": "15",
        "agreement_percentage": 78.94736842105263,
        "mcc": 0.5669467095138409,
        "accuracy": 0.7894736842105263,
        "precision": 0.75,
        "recall": 1.0,
        "f1_score": 0.8571428571428571,
        "balanced_accuracy": 0.7142857142857143,
        "description": "Agreement analysis between 'summary' and 'original correctness'."
    },
    "simple verify": {
        "agreement_count": "12",
        "agreement_percentage": 63.1578947368421,
        "mcc": 0.2326210525996177,
        "accuracy": 0.631578947368421,
        "precision": 0.7272727272727273,
        "recall": 0.6666666666666666,
        "f1_score": 0.6956521739130435,
        "balanced_accuracy": 0.6190476190476191,
        "description": "Agreement analysis between 'simple verify' and 'original correctness'."
    },
    "complex verify": {
        "agreement_count": "13",
        "agreement_percentage": 68.42105263157895,
        "mcc": 0.28690229202651557,
        "accuracy": 0.6842105263157895,
        "precision": 0.7142857142857143,
        "recall": 0.8333333333333334,
        "f1_score": 0.7692307692307692,
        "balanced_accuracy": 0.6309523809523809,
        "description": "Agreement analysis between 'complex verify' and 'original correctness'."
    },
    "summary verify": {
        "agreement_count": "11",
        "agreement_percentage": 57.89473684210527,
        "mcc": 0.03912303982179758,
        "accuracy": 0.5789473684210527,
        "precision": 0.6428571428571429,
        "recall": 0.75,
        "f1_score": 0.6923076923076924,
        "balanced_accuracy": 0.5178571428571428,
        "description": "Agreement analysis between 'summary verify' and 'original correctness'."
    },
    "simple verify fsl": {
        "agreement_count": "9",
        "agreement_percentage": 47.368421052631575,
        "mcc": -0.13095238095238096,
        "accuracy": 0.47368421052631576,
        "precision": 0.5833333333333334,
        "recall": 0.5833333333333334,
        "f1_score": 0.5833333333333334,
        "balanced_accuracy": 0.43452380952380953,
        "description": "Agreement analysis between 'simple verify fsl' and 'original correctness'."
    },
    "complex verify fsl": {
        "agreement_count": "9",
        "agreement_percentage": 47.368421052631575,
        "mcc": 0.049416621110740085,
        "accuracy": 0.47368421052631576,
        "precision": 0.6666666666666666,
        "recall": 0.3333333333333333,
        "f1_score": 0.4444444444444444,
        "balanced_accuracy": 0.5238095238095238,
        "description": "Agreement analysis between 'complex verify fsl' and 'original correctness'."
    },
    "summary verify fsl": {
        "agreement_count": "11",
        "agreement_percentage": 57.89473684210527,
        "mcc": 0.20935894733965593,
        "accuracy": 0.5789473684210527,
        "precision": 0.75,
        "recall": 0.5,
        "f1_score": 0.6,
        "balanced_accuracy": 0.6071428571428572,
        "description": "Agreement analysis between 'summary verify fsl' and 'original correctness'."
    }
}