{
    "total_valid_rows": {
        "value": 252,
        "description": "Total number of valid rows after preprocessing and removing invalid entries."
    },
    "summary fsl": {
        "agreement_count": "128",
        "agreement_percentage": 50.79365079365079,
        "mcc": 0.01664817895530067,
        "accuracy": 0.5079365079365079,
        "precision": 0.5113636363636364,
        "recall": 0.35714285714285715,
        "f1_score": 0.42056074766355145,
        "balanced_accuracy": 0.5079365079365079,
        "description": "Agreement analysis between 'summary fsl' and 'original correctness'."
    },
    "naive correctness fsl": {
        "agreement_count": "141",
        "agreement_percentage": 55.952380952380956,
        "mcc": 0.14227759830611805,
        "accuracy": 0.5595238095238095,
        "precision": 0.631578947368421,
        "recall": 0.2857142857142857,
        "f1_score": 0.39344262295081966,
        "balanced_accuracy": 0.5595238095238095,
        "description": "Agreement analysis between 'naive correctness fsl' and 'original correctness'."
    },
    "simple tree": {
        "agreement_count": "146",
        "agreement_percentage": 57.936507936507944,
        "mcc": 0.15881020420107103,
        "accuracy": 0.5793650793650794,
        "precision": 0.5769230769230769,
        "recall": 0.5952380952380952,
        "f1_score": 0.5859375,
        "balanced_accuracy": 0.5793650793650793,
        "description": "Agreement analysis between 'simple tree' and 'original correctness'."
    },
    "complex tree": {
        "agreement_count": "145",
        "agreement_percentage": 57.53968253968254,
        "mcc": 0.15137159851778426,
        "accuracy": 0.5753968253968254,
        "precision": 0.5693430656934306,
        "recall": 0.6190476190476191,
        "f1_score": 0.5931558935361217,
        "balanced_accuracy": 0.5753968253968254,
        "description": "Agreement analysis between 'complex tree' and 'original correctness'."
    },
    "summary": {
        "agreement_count": "144",
        "agreement_percentage": 57.14285714285714,
        "mcc": 0.1428751428752143,
        "accuracy": 0.5714285714285714,
        "precision": 0.5725806451612904,
        "recall": 0.5634920634920635,
        "f1_score": 0.5680000000000001,
        "balanced_accuracy": 0.5714285714285714,
        "description": "Agreement analysis between 'summary' and 'original correctness'."
    },
    "simple verify": {
        "agreement_count": "135",
        "agreement_percentage": 53.57142857142857,
        "mcc": 0.07647191129018725,
        "accuracy": 0.5357142857142857,
        "precision": 0.5555555555555556,
        "recall": 0.35714285714285715,
        "f1_score": 0.43478260869565216,
        "balanced_accuracy": 0.5357142857142857,
        "description": "Agreement analysis between 'simple verify' and 'original correctness'."
    },
    "complex verify": {
        "agreement_count": "141",
        "agreement_percentage": 55.952380952380956,
        "mcc": 0.12745318548364543,
        "accuracy": 0.5595238095238095,
        "precision": 0.5925925925925926,
        "recall": 0.38095238095238093,
        "f1_score": 0.463768115942029,
        "balanced_accuracy": 0.5595238095238095,
        "description": "Agreement analysis between 'complex verify' and 'original correctness'."
    },
    "summary verify": {
        "agreement_count": "137",
        "agreement_percentage": 54.36507936507936,
        "mcc": 0.09232620545738851,
        "accuracy": 0.5436507936507936,
        "precision": 0.5647058823529412,
        "recall": 0.38095238095238093,
        "f1_score": 0.4549763033175355,
        "balanced_accuracy": 0.5436507936507937,
        "description": "Agreement analysis between 'summary verify' and 'original correctness'."
    },
    "simple verify fsl": {
        "agreement_count": "139",
        "agreement_percentage": 55.158730158730165,
        "mcc": 0.11467662172316956,
        "accuracy": 0.5515873015873016,
        "precision": 0.5915492957746479,
        "recall": 0.3333333333333333,
        "f1_score": 0.42639593908629436,
        "balanced_accuracy": 0.5515873015873016,
        "description": "Agreement analysis between 'simple verify fsl' and 'original correctness'."
    },
    "complex verify fsl": {
        "agreement_count": "139",
        "agreement_percentage": 55.158730158730165,
        "mcc": 0.11568931831991663,
        "accuracy": 0.5515873015873016,
        "precision": 0.5942028985507246,
        "recall": 0.3253968253968254,
        "f1_score": 0.4205128205128206,
        "balanced_accuracy": 0.5515873015873016,
        "description": "Agreement analysis between 'complex verify fsl' and 'original correctness'."
    },
    "summary verify fsl": {
        "agreement_count": "136",
        "agreement_percentage": 53.96825396825397,
        "mcc": 0.08859623899229176,
        "accuracy": 0.5396825396825397,
        "precision": 0.5714285714285714,
        "recall": 0.31746031746031744,
        "f1_score": 0.4081632653061224,
        "balanced_accuracy": 0.5396825396825397,
        "description": "Agreement analysis between 'summary verify fsl' and 'original correctness'."
    }
}