{
    "total_valid_rows": {
        "value": 319,
        "description": "Total number of valid rows after preprocessing and removing invalid entries."
    },
    "tester": {
        "agreement_count": "162",
        "agreement_percentage": 50.78369905956113,
        "mcc": 0.12506138299479588,
        "accuracy": 0.5078369905956113,
        "precision": 0.8333333333333334,
        "recall": 0.06060606060606061,
        "f1_score": 0.11299435028248588,
        "balanced_accuracy": 0.5238095238095238,
        "description": "Agreement analysis between 'tester' and 'original correctness'."
    }
}