{
    "total_valid_rows": {
        "value": 102,
        "description": "Total number of valid rows after preprocessing and removing invalid entries."
    },
    "summary fsl": {
        "agreement_count": "54",
        "agreement_percentage": 52.94117647058824,
        "mcc": 0.1163350101494222,
        "accuracy": 0.5294117647058824,
        "precision": 0.7142857142857143,
        "recall": 0.09803921568627451,
        "f1_score": 0.1724137931034483,
        "balanced_accuracy": 0.5294117647058824,
        "description": "Agreement analysis between 'summary fsl' and 'original correctness'."
    },
    "naive correctness fsl": {
        "agreement_count": "51",
        "agreement_percentage": 50.0,
        "mcc": 0.0,
        "accuracy": 0.5,
        "precision": 0.5,
        "recall": 0.11764705882352941,
        "f1_score": 0.19047619047619047,
        "balanced_accuracy": 0.5,
        "description": "Agreement analysis between 'naive correctness fsl' and 'original correctness'."
    },
    "simple tree": {
        "agreement_count": "58",
        "agreement_percentage": 56.86274509803921,
        "mcc": 0.13897535958414062,
        "accuracy": 0.5686274509803921,
        "precision": 0.559322033898305,
        "recall": 0.6470588235294118,
        "f1_score": 0.6,
        "balanced_accuracy": 0.5686274509803921,
        "description": "Agreement analysis between 'simple tree' and 'original correctness'."
    },
    "complex tree": {
        "agreement_count": "64",
        "agreement_percentage": 62.745098039215684,
        "mcc": 0.25509819019042246,
        "accuracy": 0.6274509803921569,
        "precision": 0.6226415094339622,
        "recall": 0.6470588235294118,
        "f1_score": 0.6346153846153846,
        "balanced_accuracy": 0.6274509803921569,
        "description": "Agreement analysis between 'complex tree' and 'original correctness'."
    },
    "vanilla": {
        "agreement_count": "57",
        "agreement_percentage": 55.88235294117647,
        "mcc": 0.12048289933537482,
        "accuracy": 0.5588235294117647,
        "precision": 0.5483870967741935,
        "recall": 0.6666666666666666,
        "f1_score": 0.6017699115044248,
        "balanced_accuracy": 0.5588235294117647,
        "description": "Agreement analysis between 'vanilla' and 'original correctness'."
    },
    "vanilla_no_cot": {
        "agreement_count": "52",
        "agreement_percentage": 50.98039215686274,
        "mcc": 0.020956487115397715,
        "accuracy": 0.5098039215686274,
        "precision": 0.5151515151515151,
        "recall": 0.3333333333333333,
        "f1_score": 0.40476190476190477,
        "balanced_accuracy": 0.5098039215686274,
        "description": "Agreement analysis between 'vanilla_no_cot' and 'original correctness'."
    },
    "summary": {
        "agreement_count": "62",
        "agreement_percentage": 60.78431372549019,
        "mcc": 0.21568627450980393,
        "accuracy": 0.6078431372549019,
        "precision": 0.6078431372549019,
        "recall": 0.6078431372549019,
        "f1_score": 0.6078431372549019,
        "balanced_accuracy": 0.6078431372549019,
        "description": "Agreement analysis between 'summary' and 'original correctness'."
    },
    "simple verify": {
        "agreement_count": "56",
        "agreement_percentage": 54.90196078431373,
        "mcc": 0.09803921568627451,
        "accuracy": 0.5490196078431373,
        "precision": 0.5490196078431373,
        "recall": 0.5490196078431373,
        "f1_score": 0.5490196078431373,
        "balanced_accuracy": 0.5490196078431373,
        "description": "Agreement analysis between 'simple verify' and 'original correctness'."
    },
    "complex verify": {
        "agreement_count": "56",
        "agreement_percentage": 54.90196078431373,
        "mcc": 0.09811468853477788,
        "accuracy": 0.5490196078431373,
        "precision": 0.5510204081632653,
        "recall": 0.5294117647058824,
        "f1_score": 0.54,
        "balanced_accuracy": 0.5490196078431373,
        "description": "Agreement analysis between 'complex verify' and 'original correctness'."
    },
    "summary verify": {
        "agreement_count": "60",
        "agreement_percentage": 58.82352941176471,
        "mcc": 0.17868260517960938,
        "accuracy": 0.5882352941176471,
        "precision": 0.6046511627906976,
        "recall": 0.5098039215686274,
        "f1_score": 0.553191489361702,
        "balanced_accuracy": 0.588235294117647,
        "description": "Agreement analysis between 'summary verify' and 'original correctness'."
    },
    "simple verify fsl": {
        "agreement_count": "58",
        "agreement_percentage": 56.86274509803921,
        "mcc": 0.15213796786450898,
        "accuracy": 0.5686274509803921,
        "precision": 0.6206896551724138,
        "recall": 0.35294117647058826,
        "f1_score": 0.45000000000000007,
        "balanced_accuracy": 0.5686274509803921,
        "description": "Agreement analysis between 'simple verify fsl' and 'original correctness'."
    },
    "complex verify fsl": {
        "agreement_count": "58",
        "agreement_percentage": 56.86274509803921,
        "mcc": 0.14920659471182063,
        "accuracy": 0.5686274509803921,
        "precision": 0.6129032258064516,
        "recall": 0.37254901960784315,
        "f1_score": 0.46341463414634143,
        "balanced_accuracy": 0.5686274509803921,
        "description": "Agreement analysis between 'complex verify fsl' and 'original correctness'."
    },
    "summary verify fsl": {
        "agreement_count": "61",
        "agreement_percentage": 59.80392156862745,
        "mcc": 0.21516574145596762,
        "accuracy": 0.5980392156862745,
        "precision": 0.6666666666666666,
        "recall": 0.39215686274509803,
        "f1_score": 0.4938271604938271,
        "balanced_accuracy": 0.5980392156862745,
        "description": "Agreement analysis between 'summary verify fsl' and 'original correctness'."
    }
}