{
    "total_valid_rows": {
        "value": 17,
        "description": "Total number of valid rows after preprocessing and removing invalid entries."
    },
    "summary fsl": {
        "agreement_count": "6",
        "agreement_percentage": 35.294117647058826,
        "mcc": 0.1613743060919757,
        "accuracy": 0.35294117647058826,
        "precision": 1.0,
        "recall": 0.08333333333333333,
        "f1_score": 0.15384615384615385,
        "balanced_accuracy": 0.5416666666666666,
        "description": "Agreement analysis between 'summary fsl' and 'original correctness'."
    },
    "naive correctness fsl": {
        "agreement_count": "7",
        "agreement_percentage": 41.17647058823529,
        "mcc": 0.23570226039551584,
        "accuracy": 0.4117647058823529,
        "precision": 1.0,
        "recall": 0.16666666666666666,
        "f1_score": 0.2857142857142857,
        "balanced_accuracy": 0.5833333333333334,
        "description": "Agreement analysis between 'naive correctness fsl' and 'original correctness'."
    },
    "simple tree": {
        "agreement_count": "10",
        "agreement_percentage": 58.82352941176471,
        "mcc": -0.053708615552957466,
        "accuracy": 0.5882352941176471,
        "precision": 0.6923076923076923,
        "recall": 0.75,
        "f1_score": 0.7199999999999999,
        "balanced_accuracy": 0.475,
        "description": "Agreement analysis between 'simple tree' and 'original correctness'."
    },
    "complex tree": {
        "agreement_count": "13",
        "agreement_percentage": 76.47058823529412,
        "mcc": 0.43333333333333335,
        "accuracy": 0.7647058823529411,
        "precision": 0.8333333333333334,
        "recall": 0.8333333333333334,
        "f1_score": 0.8333333333333334,
        "balanced_accuracy": 0.7166666666666667,
        "description": "Agreement analysis between 'complex tree' and 'original correctness'."
    },
    "vanilla": {
        "agreement_count": "9",
        "agreement_percentage": 52.94117647058824,
        "mcc": -0.13333333333333333,
        "accuracy": 0.5294117647058824,
        "precision": 0.6666666666666666,
        "recall": 0.6666666666666666,
        "f1_score": 0.6666666666666666,
        "balanced_accuracy": 0.43333333333333335,
        "description": "Agreement analysis between 'vanilla' and 'original correctness'."
    },
    "vanilla_no_cot": {
        "agreement_count": "9",
        "agreement_percentage": 52.94117647058824,
        "mcc": 0.20658356100321165,
        "accuracy": 0.5294117647058824,
        "precision": 0.8333333333333334,
        "recall": 0.4166666666666667,
        "f1_score": 0.5555555555555556,
        "balanced_accuracy": 0.6083333333333334,
        "description": "Agreement analysis between 'vanilla_no_cot' and 'original correctness'."
    },
    "summary": {
        "agreement_count": "10",
        "agreement_percentage": 58.82352941176471,
        "mcc": -0.053708615552957466,
        "accuracy": 0.5882352941176471,
        "precision": 0.6923076923076923,
        "recall": 0.75,
        "f1_score": 0.7199999999999999,
        "balanced_accuracy": 0.475,
        "description": "Agreement analysis between 'summary' and 'original correctness'."
    },
    "simple verify": {
        "agreement_count": "13",
        "agreement_percentage": 76.47058823529412,
        "mcc": 0.3872983346207417,
        "accuracy": 0.7647058823529411,
        "precision": 0.75,
        "recall": 1.0,
        "f1_score": 0.8571428571428571,
        "balanced_accuracy": 0.6,
        "description": "Agreement analysis between 'simple verify' and 'original correctness'."
    },
    "complex verify": {
        "agreement_count": "13",
        "agreement_percentage": 76.47058823529412,
        "mcc": 0.3872983346207417,
        "accuracy": 0.7647058823529411,
        "precision": 0.75,
        "recall": 1.0,
        "f1_score": 0.8571428571428571,
        "balanced_accuracy": 0.6,
        "description": "Agreement analysis between 'complex verify' and 'original correctness'."
    },
    "summary verify": {
        "agreement_count": "9",
        "agreement_percentage": 52.94117647058824,
        "mcc": 0.09128709291752769,
        "accuracy": 0.5294117647058824,
        "precision": 0.75,
        "recall": 0.5,
        "f1_score": 0.6,
        "balanced_accuracy": 0.55,
        "description": "Agreement analysis between 'summary verify' and 'original correctness'."
    },
    "simple verify fsl": {
        "agreement_count": "11",
        "agreement_percentage": 64.70588235294117,
        "mcc": 0.34993385618385614,
        "accuracy": 0.6470588235294118,
        "precision": 0.875,
        "recall": 0.5833333333333334,
        "f1_score": 0.7000000000000001,
        "balanced_accuracy": 0.6916666666666667,
        "description": "Agreement analysis between 'simple verify fsl' and 'original correctness'."
    },
    "complex verify fsl": {
        "agreement_count": "12",
        "agreement_percentage": 70.58823529411765,
        "mcc": 0.5400617248673217,
        "accuracy": 0.7058823529411765,
        "precision": 1.0,
        "recall": 0.5833333333333334,
        "f1_score": 0.7368421052631579,
        "balanced_accuracy": 0.7916666666666667,
        "description": "Agreement analysis between 'complex verify fsl' and 'original correctness'."
    },
    "summary verify fsl": {
        "agreement_count": "9",
        "agreement_percentage": 52.94117647058824,
        "mcc": 0.20658356100321165,
        "accuracy": 0.5294117647058824,
        "precision": 0.8333333333333334,
        "recall": 0.4166666666666667,
        "f1_score": 0.5555555555555556,
        "balanced_accuracy": 0.6083333333333334,
        "description": "Agreement analysis between 'summary verify fsl' and 'original correctness'."
    }
}