{
    "total_valid_rows": {
        "value": 54,
        "description": "Total number of valid rows after preprocessing and removing invalid entries."
    },
    "Function summary": {
        "agreement_count": "35",
        "agreement_percentage": 64.81481481481481,
        "mcc": 0.28472077313321636,
        "accuracy": 0.6481481481481481,
        "precision": 0.6086956521739131,
        "recall": 0.5833333333333334,
        "f1_score": 0.5957446808510638,
        "balanced_accuracy": 0.6416666666666666,
        "description": "Agreement analysis between 'Correctness' and 'original correctness'."
    },
    "Naive": {
        "agreement_count": "34",
        "agreement_percentage": 62.96296296296296,
        "mcc": 0.24439745014292524,
        "accuracy": 0.6296296296296297,
        "precision": 0.5909090909090909,
        "recall": 0.5416666666666666,
        "f1_score": 0.5652173913043478,
        "balanced_accuracy": 0.6208333333333333,
        "description": "Agreement analysis between 'naive correctness' and 'original correctness'."
    },
    "Complex tree": {
        "agreement_count": "33",
        "agreement_percentage": 61.111111111111114,
        "mcc": 0.32930650879607537,
        "accuracy": 0.6111111111111112,
        "precision": 0.5365853658536586,
        "recall": 0.9166666666666666,
        "f1_score": 0.676923076923077,
        "balanced_accuracy": 0.6416666666666666,
        "description": "Agreement analysis between 'annotated correctness' and 'original correctness'."
    },
    "Simple tree": {
        "agreement_count": "24",
        "agreement_percentage": 44.44444444444444,
        "mcc": -0.03952847075210474,
        "accuracy": 0.4444444444444444,
        "precision": 0.4375,
        "recall": 0.875,
        "f1_score": 0.5833333333333334,
        "balanced_accuracy": 0.4875,
        "description": "Agreement analysis between 'annotated correctness simple' and 'original correctness'."
    },
    "Naive No FSL": {
        "agreement_count": "31",
        "agreement_percentage": 57.407407407407405,
        "mcc": 0.12139539573337679,
        "accuracy": 0.5740740740740741,
        "precision": 0.5263157894736842,
        "recall": 0.4166666666666667,
        "f1_score": 0.46511627906976744,
        "balanced_accuracy": 0.5583333333333333,
        "description": "Agreement analysis between 'naive no fsl correctness' and 'original correctness'."
    },
    "naive_correctness_vs_correctness_diff": {
        "description": "Analysis of cases where 'naive correctness' and 'Correctness' differ.",
        "count": 21,
        "original_agreement_count": "10",
        "original_agreement_percentage": 47.61904761904761
    },
    "naive_correctness_vs_correctness_same": {
        "description": "Analysis of cases where 'naive correctness' and 'Correctness' are the same.",
        "count": 33,
        "original_agreement_count": "24",
        "original_disagreement_count": "9"
    }
}