{
    "total_valid_rows": {
        "value": 292,
        "description": "Total number of valid rows after preprocessing and removing invalid entries."
    },
    "summary fsl": {
        "agreement_count": "168",
        "agreement_percentage": 57.534246575342465,
        "mcc": 0.16726233413777422,
        "accuracy": 0.5753424657534246,
        "precision": 0.7619047619047619,
        "recall": 0.11851851851851852,
        "f1_score": 0.20512820512820512,
        "balanced_accuracy": 0.5433356923802783,
        "description": "Agreement analysis between 'summary fsl' and 'original correctness'."
    },
    "naive correctness fsl": {
        "agreement_count": "176",
        "agreement_percentage": 60.273972602739725,
        "mcc": 0.23787031076641235,
        "accuracy": 0.6027397260273972,
        "precision": 0.8064516129032258,
        "recall": 0.18518518518518517,
        "f1_score": 0.30120481927710846,
        "balanced_accuracy": 0.5734843123378155,
        "description": "Agreement analysis between 'naive correctness fsl' and 'original correctness'."
    },
    "simple tree": {
        "agreement_count": "178",
        "agreement_percentage": 60.95890410958904,
        "mcc": 0.21642911806914553,
        "accuracy": 0.6095890410958904,
        "precision": 0.5755395683453237,
        "recall": 0.5925925925925926,
        "f1_score": 0.583941605839416,
        "balanced_accuracy": 0.6083982071243217,
        "description": "Agreement analysis between 'simple tree' and 'original correctness'."
    },
    "complex tree": {
        "agreement_count": "183",
        "agreement_percentage": 62.671232876712324,
        "mcc": 0.2521716134142845,
        "accuracy": 0.6267123287671232,
        "precision": 0.5915492957746479,
        "recall": 0.6222222222222222,
        "f1_score": 0.6064981949458482,
        "balanced_accuracy": 0.6263977353149328,
        "description": "Agreement analysis between 'complex tree' and 'original correctness'."
    },
    "summary": {
        "agreement_count": "173",
        "agreement_percentage": 59.24657534246576,
        "mcc": 0.17677479479026803,
        "accuracy": 0.5924657534246576,
        "precision": 0.5634920634920635,
        "recall": 0.5259259259259259,
        "f1_score": 0.5440613026819924,
        "balanced_accuracy": 0.5878037272941732,
        "description": "Agreement analysis between 'summary' and 'original correctness'."
    },
    "simple verify": {
        "agreement_count": "188",
        "agreement_percentage": 64.38356164383562,
        "mcc": 0.2843743898600523,
        "accuracy": 0.6438356164383562,
        "precision": 0.6131386861313869,
        "recall": 0.6222222222222222,
        "f1_score": 0.6176470588235293,
        "balanced_accuracy": 0.6423213021939136,
        "description": "Agreement analysis between 'simple verify' and 'original correctness'."
    },
    "complex verify": {
        "agreement_count": "185",
        "agreement_percentage": 63.35616438356164,
        "mcc": 0.2641414024319214,
        "accuracy": 0.6335616438356164,
        "precision": 0.6014492753623188,
        "recall": 0.6148148148148148,
        "f1_score": 0.6080586080586081,
        "balanced_accuracy": 0.6322481717386176,
        "description": "Agreement analysis between 'complex verify' and 'original correctness'."
    },
    "summary verify": {
        "agreement_count": "188",
        "agreement_percentage": 64.38356164383562,
        "mcc": 0.28008563910258644,
        "accuracy": 0.6438356164383562,
        "precision": 0.6260162601626016,
        "recall": 0.5703703703703704,
        "f1_score": 0.5968992248062016,
        "balanced_accuracy": 0.638688369898561,
        "description": "Agreement analysis between 'summary verify' and 'original correctness'."
    },
    "simple verify fsl": {
        "agreement_count": "188",
        "agreement_percentage": 64.38356164383562,
        "mcc": 0.2846153952889272,
        "accuracy": 0.6438356164383562,
        "precision": 0.691358024691358,
        "recall": 0.4148148148148148,
        "f1_score": 0.5185185185185186,
        "balanced_accuracy": 0.6277895730125029,
        "description": "Agreement analysis between 'simple verify fsl' and 'original correctness'."
    },
    "complex verify fsl": {
        "agreement_count": "182",
        "agreement_percentage": 62.328767123287676,
        "mcc": 0.23858935019512986,
        "accuracy": 0.6232876712328768,
        "precision": 0.654320987654321,
        "recall": 0.3925925925925926,
        "f1_score": 0.49074074074074076,
        "balanced_accuracy": 0.6071243217740033,
        "description": "Agreement analysis between 'complex verify fsl' and 'original correctness'."
    },
    "summary verify fsl": {
        "agreement_count": "181",
        "agreement_percentage": 61.986301369863014,
        "mcc": 0.23266944149000912,
        "accuracy": 0.6198630136986302,
        "precision": 0.6578947368421053,
        "recall": 0.37037037037037035,
        "f1_score": 0.4739336492890996,
        "balanced_accuracy": 0.6023826374144845,
        "description": "Agreement analysis between 'summary verify fsl' and 'original correctness'."
    }
}