{
    "total_valid_rows": {
        "value": 258,
        "description": "Total number of valid rows after preprocessing and removing invalid entries."
    },
    "summary fsl": {
        "agreement_count": "118",
        "agreement_percentage": 45.73643410852713,
        "mcc": 0.11190461616976409,
        "accuracy": 0.4573643410852713,
        "precision": 0.8,
        "recall": 0.08053691275167785,
        "f1_score": 0.14634146341463414,
        "balanced_accuracy": 0.5265069884859307,
        "description": "Agreement analysis between 'summary fsl' and 'original correctness'."
    },
    "naive correctness fsl": {
        "agreement_count": "120",
        "agreement_percentage": 46.51162790697674,
        "mcc": 0.10235625199856509,
        "accuracy": 0.46511627906976744,
        "precision": 0.7391304347826086,
        "recall": 0.11409395973154363,
        "f1_score": 0.19767441860465118,
        "balanced_accuracy": 0.5295240440859553,
        "description": "Agreement analysis between 'naive correctness fsl' and 'original correctness'."
    },
    "simple tree": {
        "agreement_count": "145",
        "agreement_percentage": 56.201550387596896,
        "mcc": 0.1195561327288199,
        "accuracy": 0.562015503875969,
        "precision": 0.6343283582089553,
        "recall": 0.5704697986577181,
        "f1_score": 0.6007067137809188,
        "balanced_accuracy": 0.5604642571270242,
        "description": "Agreement analysis between 'simple tree' and 'original correctness'."
    },
    "complex tree": {
        "agreement_count": "162",
        "agreement_percentage": 62.7906976744186,
        "mcc": 0.24752424454782163,
        "accuracy": 0.627906976744186,
        "precision": 0.6906474820143885,
        "recall": 0.6442953020134228,
        "f1_score": 0.6666666666666666,
        "balanced_accuracy": 0.624899944584693,
        "description": "Agreement analysis between 'complex tree' and 'original correctness'."
    },
    "summary": {
        "agreement_count": "163",
        "agreement_percentage": 63.17829457364341,
        "mcc": 0.2586570005795501,
        "accuracy": 0.6317829457364341,
        "precision": 0.6985294117647058,
        "recall": 0.6375838926174496,
        "f1_score": 0.6666666666666665,
        "balanced_accuracy": 0.630718551813312,
        "description": "Agreement analysis between 'summary' and 'original correctness'."
    },
    "simple verify": {
        "agreement_count": "147",
        "agreement_percentage": 56.97674418604651,
        "mcc": 0.1283279648996927,
        "accuracy": 0.5697674418604651,
        "precision": 0.6357142857142857,
        "recall": 0.5973154362416108,
        "f1_score": 0.6159169550173009,
        "balanced_accuracy": 0.564712763992365,
        "description": "Agreement analysis between 'simple verify' and 'original correctness'."
    },
    "complex verify": {
        "agreement_count": "152",
        "agreement_percentage": 58.91472868217055,
        "mcc": 0.17107362605184898,
        "accuracy": 0.5891472868217055,
        "precision": 0.656934306569343,
        "recall": 0.6040268456375839,
        "f1_score": 0.6293706293706294,
        "balanced_accuracy": 0.5864170925435626,
        "description": "Agreement analysis between 'complex verify' and 'original correctness'."
    },
    "summary verify": {
        "agreement_count": "144",
        "agreement_percentage": 55.81395348837209,
        "mcc": 0.11052252702814515,
        "accuracy": 0.5581395348837209,
        "precision": 0.6296296296296297,
        "recall": 0.5704697986577181,
        "f1_score": 0.5985915492957746,
        "balanced_accuracy": 0.5558771011637214,
        "description": "Agreement analysis between 'summary verify' and 'original correctness'."
    },
    "simple verify fsl": {
        "agreement_count": "139",
        "agreement_percentage": 53.875968992248055,
        "mcc": 0.16071882416185607,
        "accuracy": 0.5387596899224806,
        "precision": 0.7027027027027027,
        "recall": 0.348993288590604,
        "f1_score": 0.46636771300448426,
        "balanced_accuracy": 0.5735792131026415,
        "description": "Agreement analysis between 'simple verify fsl' and 'original correctness'."
    },
    "complex verify fsl": {
        "agreement_count": "144",
        "agreement_percentage": 55.81395348837209,
        "mcc": 0.20628019683338067,
        "accuracy": 0.5581395348837209,
        "precision": 0.7397260273972602,
        "recall": 0.3624161073825503,
        "f1_score": 0.48648648648648646,
        "balanced_accuracy": 0.5940520903885229,
        "description": "Agreement analysis between 'complex verify fsl' and 'original correctness'."
    },
    "summary verify fsl": {
        "agreement_count": "142",
        "agreement_percentage": 55.03875968992248,
        "mcc": 0.20233730490297444,
        "accuracy": 0.5503875968992248,
        "precision": 0.746268656716418,
        "recall": 0.33557046979865773,
        "f1_score": 0.46296296296296297,
        "balanced_accuracy": 0.5898035835231821,
        "description": "Agreement analysis between 'summary verify fsl' and 'original correctness'."
    }
}