{
    "total_valid_rows": {
        "value": 30,
        "description": "Total number of valid rows after preprocessing and removing invalid entries."
    },
    "complex tree": {
        "agreement_count": "17",
        "agreement_percentage": 56.666666666666664,
        "mcc": 0.0,
        "accuracy": 0.5666666666666667,
        "precision": 0.6,
        "recall": 0.8333333333333334,
        "f1_score": 0.6976744186046512,
        "balanced_accuracy": 0.5,
        "description": "Agreement analysis between 'complex tree' and 'original correctness'."
    },
    "vanilla": {
        "agreement_count": "22",
        "agreement_percentage": 73.33333333333333,
        "mcc": 0.43082021842766455,
        "accuracy": 0.7333333333333333,
        "precision": 0.7272727272727273,
        "recall": 0.8888888888888888,
        "f1_score": 0.7999999999999999,
        "balanced_accuracy": 0.6944444444444444,
        "description": "Agreement analysis between 'vanilla' and 'original correctness'."
    },
    "vanilla_no_cot": {
        "agreement_count": "14",
        "agreement_percentage": 46.666666666666664,
        "mcc": 0.21821789023599236,
        "accuracy": 0.4666666666666667,
        "precision": 1.0,
        "recall": 0.1111111111111111,
        "f1_score": 0.19999999999999998,
        "balanced_accuracy": 0.5555555555555556,
        "description": "Agreement analysis between 'vanilla_no_cot' and 'original correctness'."
    }
}