{
    "total_valid_rows": {
        "value": 1864,
        "description": "Total number of valid rows after preprocessing and removing invalid entries."
    },
    "complex tree": {
        "agreement_count": "1040",
        "agreement_percentage": 55.793991416309005,
        "mcc": 0.11890955124283281,
        "accuracy": 0.5579399141630901,
        "precision": 0.5472197705207414,
        "recall": 0.6659505907626209,
        "f1_score": 0.6007751937984498,
        "balanced_accuracy": 0.5580556812334004,
        "description": "Agreement analysis between 'complex tree' and 'original correctness'."
    }
}