{
    "total_valid_rows": {
        "value": 23,
        "description": "Total number of valid rows after preprocessing and removing invalid entries."
    },
    "summary fsl": {
        "agreement_count": "11",
        "agreement_percentage": 47.82608695652174,
        "mcc": 0,
        "accuracy": 0.4782608695652174,
        "precision": 0,
        "recall": 0.0,
        "f1_score": 0,
        "balanced_accuracy": 0.5,
        "description": "Agreement analysis between 'summary fsl' and 'original correctness'."
    },
    "naive correctness fsl": {
        "agreement_count": "11",
        "agreement_percentage": 47.82608695652174,
        "mcc": 0,
        "accuracy": 0.4782608695652174,
        "precision": 0,
        "recall": 0.0,
        "f1_score": 0,
        "balanced_accuracy": 0.5,
        "description": "Agreement analysis between 'naive correctness fsl' and 'original correctness'."
    },
    "simple tree": {
        "agreement_count": "17",
        "agreement_percentage": 73.91304347826086,
        "mcc": 0.5016881674068239,
        "accuracy": 0.7391304347826086,
        "precision": 0.6875,
        "recall": 0.9166666666666666,
        "f1_score": 0.7857142857142857,
        "balanced_accuracy": 0.731060606060606,
        "description": "Agreement analysis between 'simple tree' and 'original correctness'."
    },
    "complex tree": {
        "agreement_count": "15",
        "agreement_percentage": 65.21739130434783,
        "mcc": 0.302407368379503,
        "accuracy": 0.6521739130434783,
        "precision": 0.6428571428571429,
        "recall": 0.75,
        "f1_score": 0.6923076923076924,
        "balanced_accuracy": 0.6477272727272727,
        "description": "Agreement analysis between 'complex tree' and 'original correctness'."
    },
    "vanilla": {
        "agreement_count": "13",
        "agreement_percentage": 56.52173913043478,
        "mcc": 0.1460766368670358,
        "accuracy": 0.5652173913043478,
        "precision": 0.55,
        "recall": 0.9166666666666666,
        "f1_score": 0.6874999999999999,
        "balanced_accuracy": 0.5492424242424242,
        "description": "Agreement analysis between 'vanilla' and 'original correctness'."
    },
    "vanilla_no_cot": {
        "agreement_count": "9",
        "agreement_percentage": 39.130434782608695,
        "mcc": -0.2196969696969697,
        "accuracy": 0.391304347826087,
        "precision": 0.4166666666666667,
        "recall": 0.4166666666666667,
        "f1_score": 0.4166666666666667,
        "balanced_accuracy": 0.39015151515151514,
        "description": "Agreement analysis between 'vanilla_no_cot' and 'original correctness'."
    },
    "summary": {
        "agreement_count": "13",
        "agreement_percentage": 56.52173913043478,
        "mcc": 0.1284457725980754,
        "accuracy": 0.5652173913043478,
        "precision": 0.5555555555555556,
        "recall": 0.8333333333333334,
        "f1_score": 0.6666666666666667,
        "balanced_accuracy": 0.553030303030303,
        "description": "Agreement analysis between 'summary' and 'original correctness'."
    },
    "simple verify": {
        "agreement_count": "14",
        "agreement_percentage": 60.86956521739131,
        "mcc": 0.21452908258025827,
        "accuracy": 0.6086956521739131,
        "precision": 0.6,
        "recall": 0.75,
        "f1_score": 0.6666666666666665,
        "balanced_accuracy": 0.6022727272727273,
        "description": "Agreement analysis between 'simple verify' and 'original correctness'."
    },
    "complex verify": {
        "agreement_count": "14",
        "agreement_percentage": 60.86956521739131,
        "mcc": 0.21452908258025827,
        "accuracy": 0.6086956521739131,
        "precision": 0.6,
        "recall": 0.75,
        "f1_score": 0.6666666666666665,
        "balanced_accuracy": 0.6022727272727273,
        "description": "Agreement analysis between 'complex verify' and 'original correctness'."
    },
    "summary verify": {
        "agreement_count": "15",
        "agreement_percentage": 65.21739130434783,
        "mcc": 0.302407368379503,
        "accuracy": 0.6521739130434783,
        "precision": 0.6428571428571429,
        "recall": 0.75,
        "f1_score": 0.6923076923076924,
        "balanced_accuracy": 0.6477272727272727,
        "description": "Agreement analysis between 'summary verify' and 'original correctness'."
    },
    "simple verify fsl": {
        "agreement_count": "12",
        "agreement_percentage": 52.17391304347826,
        "mcc": 0.054278245606577465,
        "accuracy": 0.5217391304347826,
        "precision": 0.5555555555555556,
        "recall": 0.4166666666666667,
        "f1_score": 0.4761904761904762,
        "balanced_accuracy": 0.5265151515151515,
        "description": "Agreement analysis between 'simple verify fsl' and 'original correctness'."
    },
    "complex verify fsl": {
        "agreement_count": "15",
        "agreement_percentage": 65.21739130434783,
        "mcc": 0.37057951116309706,
        "accuracy": 0.6521739130434783,
        "precision": 0.8333333333333334,
        "recall": 0.4166666666666667,
        "f1_score": 0.5555555555555556,
        "balanced_accuracy": 0.6628787878787878,
        "description": "Agreement analysis between 'complex verify fsl' and 'original correctness'."
    },
    "summary verify fsl": {
        "agreement_count": "12",
        "agreement_percentage": 52.17391304347826,
        "mcc": 0.08257228238447704,
        "accuracy": 0.5217391304347826,
        "precision": 0.6,
        "recall": 0.25,
        "f1_score": 0.35294117647058826,
        "balanced_accuracy": 0.5340909090909092,
        "description": "Agreement analysis between 'summary verify fsl' and 'original correctness'."
    }
}