{
    "total_valid_rows": {
        "value": 84,
        "description": "Total number of valid rows after preprocessing and removing invalid entries."
    },
    "summary fsl": {
        "agreement_count": "42",
        "agreement_percentage": 50.0,
        "mcc": 0.05958477641961233,
        "accuracy": 0.5,
        "precision": 0.6666666666666666,
        "recall": 0.046511627906976744,
        "f1_score": 0.08695652173913045,
        "balanced_accuracy": 0.5110606920022689,
        "description": "Agreement analysis between 'summary fsl' and 'original correctness'."
    },
    "naive correctness fsl": {
        "agreement_count": "48",
        "agreement_percentage": 57.14285714285714,
        "mcc": 0.26125632737830023,
        "accuracy": 0.5714285714285714,
        "precision": 0.8888888888888888,
        "recall": 0.18604651162790697,
        "f1_score": 0.3076923076923077,
        "balanced_accuracy": 0.5808281338627339,
        "description": "Agreement analysis between 'naive correctness fsl' and 'original correctness'."
    },
    "simple tree": {
        "agreement_count": "54",
        "agreement_percentage": 64.28571428571429,
        "mcc": 0.2864435621100397,
        "accuracy": 0.6428571428571429,
        "precision": 0.6585365853658537,
        "recall": 0.627906976744186,
        "f1_score": 0.6428571428571429,
        "balanced_accuracy": 0.6432217810550198,
        "description": "Agreement analysis between 'simple tree' and 'original correctness'."
    },
    "complex tree": {
        "agreement_count": "50",
        "agreement_percentage": 59.523809523809526,
        "mcc": 0.19272363645007512,
        "accuracy": 0.5952380952380952,
        "precision": 0.6153846153846154,
        "recall": 0.5581395348837209,
        "f1_score": 0.5853658536585366,
        "balanced_accuracy": 0.5961429381735678,
        "description": "Agreement analysis between 'complex tree' and 'original correctness'."
    },
    "vanilla": {
        "agreement_count": "52",
        "agreement_percentage": 61.904761904761905,
        "mcc": 0.2370129902552785,
        "accuracy": 0.6190476190476191,
        "precision": 0.6170212765957447,
        "recall": 0.6744186046511628,
        "f1_score": 0.6444444444444444,
        "balanced_accuracy": 0.6176971072036301,
        "description": "Agreement analysis between 'vanilla' and 'original correctness'."
    },
    "vanilla_no_cot": {
        "agreement_count": "47",
        "agreement_percentage": 55.952380952380956,
        "mcc": 0.14309598379604954,
        "accuracy": 0.5595238095238095,
        "precision": 0.625,
        "recall": 0.3488372093023256,
        "f1_score": 0.44776119402985076,
        "balanced_accuracy": 0.5646625070901872,
        "description": "Agreement analysis between 'vanilla_no_cot' and 'original correctness'."
    },
    "summary": {
        "agreement_count": "54",
        "agreement_percentage": 64.28571428571429,
        "mcc": 0.29387502683862127,
        "accuracy": 0.6428571428571429,
        "precision": 0.6857142857142857,
        "recall": 0.5581395348837209,
        "f1_score": 0.6153846153846154,
        "balanced_accuracy": 0.6449234259784458,
        "description": "Agreement analysis between 'summary' and 'original correctness'."
    },
    "simple verify": {
        "agreement_count": "51",
        "agreement_percentage": 60.71428571428571,
        "mcc": 0.21572531239012388,
        "accuracy": 0.6071428571428571,
        "precision": 0.625,
        "recall": 0.5813953488372093,
        "f1_score": 0.6024096385542168,
        "balanced_accuracy": 0.607770845150312,
        "description": "Agreement analysis between 'simple verify' and 'original correctness'."
    },
    "complex verify": {
        "agreement_count": "50",
        "agreement_percentage": 59.523809523809526,
        "mcc": 0.1947504329567469,
        "accuracy": 0.5952380952380952,
        "precision": 0.6216216216216216,
        "recall": 0.5348837209302325,
        "f1_score": 0.575,
        "balanced_accuracy": 0.5967101531480431,
        "description": "Agreement analysis between 'complex verify' and 'original correctness'."
    },
    "summary verify": {
        "agreement_count": "48",
        "agreement_percentage": 57.14285714285714,
        "mcc": 0.15152081344832272,
        "accuracy": 0.5714285714285714,
        "precision": 0.6060606060606061,
        "recall": 0.46511627906976744,
        "f1_score": 0.5263157894736842,
        "balanced_accuracy": 0.5740215541690301,
        "description": "Agreement analysis between 'summary verify' and 'original correctness'."
    },
    "simple verify fsl": {
        "agreement_count": "49",
        "agreement_percentage": 58.333333333333336,
        "mcc": 0.2024866087012914,
        "accuracy": 0.5833333333333334,
        "precision": 0.6818181818181818,
        "recall": 0.3488372093023256,
        "f1_score": 0.4615384615384615,
        "balanced_accuracy": 0.5890527509926262,
        "description": "Agreement analysis between 'simple verify fsl' and 'original correctness'."
    },
    "complex verify fsl": {
        "agreement_count": "48",
        "agreement_percentage": 57.14285714285714,
        "mcc": 0.19547523813489978,
        "accuracy": 0.5714285714285714,
        "precision": 0.7058823529411765,
        "recall": 0.27906976744186046,
        "f1_score": 0.4,
        "balanced_accuracy": 0.5785592739648326,
        "description": "Agreement analysis between 'complex verify fsl' and 'original correctness'."
    },
    "summary verify fsl": {
        "agreement_count": "49",
        "agreement_percentage": 58.333333333333336,
        "mcc": 0.21035650262413183,
        "accuracy": 0.5833333333333334,
        "precision": 0.7,
        "recall": 0.32558139534883723,
        "f1_score": 0.44444444444444453,
        "balanced_accuracy": 0.5896199659671015,
        "description": "Agreement analysis between 'summary verify fsl' and 'original correctness'."
    }
}