{
    "total_valid_rows": {
        "value": 40,
        "description": "Total number of valid rows after preprocessing and removing invalid entries."
    },
    "summary fsl": {
        "agreement_count": "22",
        "agreement_percentage": 55.00000000000001,
        "mcc": 0.20672455764868075,
        "accuracy": 0.55,
        "precision": 0.8,
        "recall": 0.4444444444444444,
        "f1_score": 0.5714285714285714,
        "balanced_accuracy": 0.6068376068376069,
        "description": "Agreement analysis between 'summary fsl' and 'original correctness'."
    },
    "naive correctness fsl": {
        "agreement_count": "13",
        "agreement_percentage": 32.5,
        "mcc": -0.15695698526580626,
        "accuracy": 0.325,
        "precision": 0.5,
        "recall": 0.1111111111111111,
        "f1_score": 0.1818181818181818,
        "balanced_accuracy": 0.44017094017094016,
        "description": "Agreement analysis between 'naive correctness fsl' and 'original correctness'."
    },
    "simple tree": {
        "agreement_count": "26",
        "agreement_percentage": 65.0,
        "mcc": 0.13740824592972878,
        "accuracy": 0.65,
        "precision": 0.7096774193548387,
        "recall": 0.8148148148148148,
        "f1_score": 0.7586206896551724,
        "balanced_accuracy": 0.5612535612535612,
        "description": "Agreement analysis between 'simple tree' and 'original correctness'."
    },
    "complex tree": {
        "agreement_count": "28",
        "agreement_percentage": 70.0,
        "mcc": 0.2652298700504067,
        "accuracy": 0.7,
        "precision": 0.7419354838709677,
        "recall": 0.8518518518518519,
        "f1_score": 0.7931034482758621,
        "balanced_accuracy": 0.6182336182336182,
        "description": "Agreement analysis between 'complex tree' and 'original correctness'."
    },
    "vanilla": {
        "agreement_count": "28",
        "agreement_percentage": 70.0,
        "mcc": 0.34454092941446796,
        "accuracy": 0.7,
        "precision": 0.8,
        "recall": 0.7407407407407407,
        "f1_score": 0.7692307692307692,
        "balanced_accuracy": 0.6780626780626781,
        "description": "Agreement analysis between 'vanilla' and 'original correctness'."
    },
    "vanilla_no_cot": {
        "agreement_count": "23",
        "agreement_percentage": 57.49999999999999,
        "mcc": 0.3377806696103959,
        "accuracy": 0.575,
        "precision": 0.9166666666666666,
        "recall": 0.4074074074074074,
        "f1_score": 0.5641025641025641,
        "balanced_accuracy": 0.6652421652421653,
        "description": "Agreement analysis between 'vanilla_no_cot' and 'original correctness'."
    },
    "summary": {
        "agreement_count": "26",
        "agreement_percentage": 65.0,
        "mcc": 0.1703436528064454,
        "accuracy": 0.65,
        "precision": 0.7241379310344828,
        "recall": 0.7777777777777778,
        "f1_score": 0.75,
        "balanced_accuracy": 0.5811965811965812,
        "description": "Agreement analysis between 'summary' and 'original correctness'."
    },
    "simple verify": {
        "agreement_count": "26",
        "agreement_percentage": 65.0,
        "mcc": 0.2342878320018382,
        "accuracy": 0.65,
        "precision": 0.76,
        "recall": 0.7037037037037037,
        "f1_score": 0.7307692307692308,
        "balanced_accuracy": 0.621082621082621,
        "description": "Agreement analysis between 'simple verify' and 'original correctness'."
    },
    "complex verify": {
        "agreement_count": "25",
        "agreement_percentage": 62.5,
        "mcc": 0.3057762147373361,
        "accuracy": 0.625,
        "precision": 0.8333333333333334,
        "recall": 0.5555555555555556,
        "f1_score": 0.6666666666666667,
        "balanced_accuracy": 0.6623931623931625,
        "description": "Agreement analysis between 'complex verify' and 'original correctness'."
    },
    "summary verify": {
        "agreement_count": "21",
        "agreement_percentage": 52.5,
        "mcc": 0.13074409009212268,
        "accuracy": 0.525,
        "precision": 0.75,
        "recall": 0.4444444444444444,
        "f1_score": 0.5581395348837209,
        "balanced_accuracy": 0.5683760683760684,
        "description": "Agreement analysis between 'summary verify' and 'original correctness'."
    },
    "simple verify fsl": {
        "agreement_count": "20",
        "agreement_percentage": 50.0,
        "mcc": 0.018705013842817628,
        "accuracy": 0.5,
        "precision": 0.6842105263157895,
        "recall": 0.48148148148148145,
        "f1_score": 0.5652173913043478,
        "balanced_accuracy": 0.50997150997151,
        "description": "Agreement analysis between 'simple verify fsl' and 'original correctness'."
    },
    "complex verify fsl": {
        "agreement_count": "17",
        "agreement_percentage": 42.5,
        "mcc": 0.030816677568068284,
        "accuracy": 0.425,
        "precision": 0.7,
        "recall": 0.25925925925925924,
        "f1_score": 0.37837837837837834,
        "balanced_accuracy": 0.5142450142450142,
        "description": "Agreement analysis between 'complex verify fsl' and 'original correctness'."
    },
    "summary verify fsl": {
        "agreement_count": "19",
        "agreement_percentage": 47.5,
        "mcc": 0.0615486357075876,
        "accuracy": 0.475,
        "precision": 0.7142857142857143,
        "recall": 0.37037037037037035,
        "f1_score": 0.4878048780487805,
        "balanced_accuracy": 0.5313390313390314,
        "description": "Agreement analysis between 'summary verify fsl' and 'original correctness'."
    }
}