{
    "total_valid_rows": {
        "value": 22,
        "description": "Total number of valid rows after preprocessing and removing invalid entries."
    },
    "summary fsl": {
        "agreement_count": "14",
        "agreement_percentage": 63.63636363636363,
        "mcc": 0.3105295017040594,
        "accuracy": 0.6363636363636364,
        "precision": 0.8,
        "recall": 0.5714285714285714,
        "f1_score": 0.6666666666666666,
        "balanced_accuracy": 0.6607142857142857,
        "description": "Agreement analysis between 'summary fsl' and 'original correctness'."
    },
    "naive correctness fsl": {
        "agreement_count": "10",
        "agreement_percentage": 45.45454545454545,
        "mcc": 0.23904572186687872,
        "accuracy": 0.45454545454545453,
        "precision": 1.0,
        "recall": 0.14285714285714285,
        "f1_score": 0.25,
        "balanced_accuracy": 0.5714285714285714,
        "description": "Agreement analysis between 'naive correctness fsl' and 'original correctness'."
    },
    "simple tree": {
        "agreement_count": "13",
        "agreement_percentage": 59.09090909090909,
        "mcc": 0.09221388919541469,
        "accuracy": 0.5909090909090909,
        "precision": 0.6666666666666666,
        "recall": 0.7142857142857143,
        "f1_score": 0.689655172413793,
        "balanced_accuracy": 0.5446428571428572,
        "description": "Agreement analysis between 'simple tree' and 'original correctness'."
    },
    "complex tree": {
        "agreement_count": "9",
        "agreement_percentage": 40.909090909090914,
        "mcc": -0.4099600308453939,
        "accuracy": 0.4090909090909091,
        "precision": 0.5294117647058824,
        "recall": 0.6428571428571429,
        "f1_score": 0.5806451612903226,
        "balanced_accuracy": 0.32142857142857145,
        "description": "Agreement analysis between 'complex tree' and 'original correctness'."
    },
    "vanilla": {
        "agreement_count": "10",
        "agreement_percentage": 45.45454545454545,
        "mcc": -0.06900655593423542,
        "accuracy": 0.45454545454545453,
        "precision": 0.6,
        "recall": 0.42857142857142855,
        "f1_score": 0.5,
        "balanced_accuracy": 0.4642857142857143,
        "description": "Agreement analysis between 'vanilla' and 'original correctness'."
    },
    "vanilla_no_cot": {
        "agreement_count": "11",
        "agreement_percentage": 50.0,
        "mcc": 0.30037570459305535,
        "accuracy": 0.5,
        "precision": 1.0,
        "recall": 0.21428571428571427,
        "f1_score": 0.35294117647058826,
        "balanced_accuracy": 0.6071428571428571,
        "description": "Agreement analysis between 'vanilla_no_cot' and 'original correctness'."
    },
    "summary": {
        "agreement_count": "14",
        "agreement_percentage": 63.63636363636363,
        "mcc": 0.1735912687073534,
        "accuracy": 0.6363636363636364,
        "precision": 0.6875,
        "recall": 0.7857142857142857,
        "f1_score": 0.7333333333333334,
        "balanced_accuracy": 0.5803571428571428,
        "description": "Agreement analysis between 'summary' and 'original correctness'."
    },
    "simple verify": {
        "agreement_count": "15",
        "agreement_percentage": 68.18181818181817,
        "mcc": 0.37796447300922725,
        "accuracy": 0.6818181818181818,
        "precision": 0.8181818181818182,
        "recall": 0.6428571428571429,
        "f1_score": 0.7200000000000001,
        "balanced_accuracy": 0.6964285714285714,
        "description": "Agreement analysis between 'simple verify' and 'original correctness'."
    },
    "complex verify": {
        "agreement_count": "13",
        "agreement_percentage": 59.09090909090909,
        "mcc": 0.18898223650461363,
        "accuracy": 0.5909090909090909,
        "precision": 0.7272727272727273,
        "recall": 0.5714285714285714,
        "f1_score": 0.64,
        "balanced_accuracy": 0.5982142857142857,
        "description": "Agreement analysis between 'complex verify' and 'original correctness'."
    },
    "summary verify": {
        "agreement_count": "12",
        "agreement_percentage": 54.54545454545454,
        "mcc": 0.17857142857142858,
        "accuracy": 0.5454545454545454,
        "precision": 0.75,
        "recall": 0.42857142857142855,
        "f1_score": 0.5454545454545454,
        "balanced_accuracy": 0.5892857142857143,
        "description": "Agreement analysis between 'summary verify' and 'original correctness'."
    },
    "simple verify fsl": {
        "agreement_count": "12",
        "agreement_percentage": 54.54545454545454,
        "mcc": 0.12076147288491199,
        "accuracy": 0.5454545454545454,
        "precision": 0.7,
        "recall": 0.5,
        "f1_score": 0.5833333333333334,
        "balanced_accuracy": 0.5625,
        "description": "Agreement analysis between 'simple verify fsl' and 'original correctness'."
    },
    "complex verify fsl": {
        "agreement_count": "11",
        "agreement_percentage": 50.0,
        "mcc": 0.0,
        "accuracy": 0.5,
        "precision": 0.6363636363636364,
        "recall": 0.5,
        "f1_score": 0.56,
        "balanced_accuracy": 0.5,
        "description": "Agreement analysis between 'complex verify fsl' and 'original correctness'."
    },
    "summary verify fsl": {
        "agreement_count": "12",
        "agreement_percentage": 54.54545454545454,
        "mcc": 0.17857142857142858,
        "accuracy": 0.5454545454545454,
        "precision": 0.75,
        "recall": 0.42857142857142855,
        "f1_score": 0.5454545454545454,
        "balanced_accuracy": 0.5892857142857143,
        "description": "Agreement analysis between 'summary verify fsl' and 'original correctness'."
    }
}