{
    "total_valid_rows": {
        "value": 136,
        "description": "Total number of valid rows after preprocessing and removing invalid entries."
    },
    "Function summary": {
        "agreement_count": "65",
        "agreement_percentage": 47.794117647058826,
        "mcc": -0.01244085216784311,
        "accuracy": 0.47794117647058826,
        "precision": 0.5,
        "recall": 0.07042253521126761,
        "f1_score": 0.1234567901234568,
        "balanced_accuracy": 0.4967497291440954,
        "description": "Agreement analysis between 'Correctness' and 'original correctness'."
    },
    "Naive": {
        "agreement_count": "69",
        "agreement_percentage": 50.73529411764706,
        "mcc": 0.09005849492709402,
        "accuracy": 0.5073529411764706,
        "precision": 0.6666666666666666,
        "recall": 0.11267605633802817,
        "f1_score": 0.1927710843373494,
        "balanced_accuracy": 0.5255687973997833,
        "description": "Agreement analysis between 'naive correctness' and 'original correctness'."
    },
    "Complex tree": {
        "agreement_count": "73",
        "agreement_percentage": 53.67647058823529,
        "mcc": 0.0809756743202199,
        "accuracy": 0.5367647058823529,
        "precision": 0.5689655172413793,
        "recall": 0.4647887323943662,
        "f1_score": 0.5116279069767443,
        "balanced_accuracy": 0.5400866738894908,
        "description": "Agreement analysis between 'annotated correctness' and 'original correctness'."
    },
    "Simple tree": {
        "agreement_count": "75",
        "agreement_percentage": 55.14705882352941,
        "mcc": 0.13652926189647246,
        "accuracy": 0.5514705882352942,
        "precision": 0.631578947368421,
        "recall": 0.3380281690140845,
        "f1_score": 0.44036697247706424,
        "balanced_accuracy": 0.5613217768147345,
        "description": "Agreement analysis between 'annotated correctness simple' and 'original correctness'."
    },
    "Naive No FSL": {
        "agreement_count": "69",
        "agreement_percentage": 50.73529411764706,
        "mcc": 0.06478970698099586,
        "accuracy": 0.5073529411764706,
        "precision": 0.6,
        "recall": 0.16901408450704225,
        "f1_score": 0.26373626373626374,
        "balanced_accuracy": 0.5229685807150596,
        "description": "Agreement analysis between 'naive no fsl correctness' and 'original correctness'."
    },
    "Function summary no FSL": {
        "agreement_count": "65",
        "agreement_percentage": 47.794117647058826,
        "mcc": -0.007687381462092346,
        "accuracy": 0.47794117647058826,
        "precision": 0.5,
        "recall": 0.028169014084507043,
        "f1_score": 0.05333333333333334,
        "balanced_accuracy": 0.4986998916576381,
        "description": "Agreement analysis between 'Correctness no fsl' and 'original correctness'."
    },
    "Simple verify": {
        "agreement_count": "68",
        "agreement_percentage": 50.0,
        "mcc": 0.05007346406158107,
        "accuracy": 0.5,
        "precision": 0.5882352941176471,
        "recall": 0.14084507042253522,
        "f1_score": 0.22727272727272727,
        "balanced_accuracy": 0.5165763813651137,
        "description": "Agreement analysis between 'simple verify' and 'original correctness'."
    },
    "Complex verify": {
        "agreement_count": "70",
        "agreement_percentage": 51.470588235294116,
        "mcc": 0.10192901998075436,
        "accuracy": 0.5147058823529411,
        "precision": 0.6666666666666666,
        "recall": 0.14084507042253522,
        "f1_score": 0.23255813953488372,
        "balanced_accuracy": 0.5319609967497292,
        "description": "Agreement analysis between 'complex verify' and 'original correctness'."
    },
    "Default verify": {
        "agreement_count": "72",
        "agreement_percentage": 52.94117647058824,
        "mcc": 0.1308152691006821,
        "accuracy": 0.5294117647058824,
        "precision": 0.6842105263157895,
        "recall": 0.18309859154929578,
        "f1_score": 0.2888888888888889,
        "balanced_accuracy": 0.5453954496208018,
        "description": "Agreement analysis between 'default verify' and 'original correctness'."
    },
    "Simple verify no FSL": {
        "agreement_count": "72",
        "agreement_percentage": 52.94117647058824,
        "mcc": 0.11205391279638914,
        "accuracy": 0.5294117647058824,
        "precision": 0.64,
        "recall": 0.22535211267605634,
        "f1_score": 0.3333333333333333,
        "balanced_accuracy": 0.5434452871072589,
        "description": "Agreement analysis between 'simple verify no fsl' and 'original correctness'."
    },
    "Complex verify no FSL": {
        "agreement_count": "66",
        "agreement_percentage": 48.529411764705884,
        "mcc": -0.0019560533405853465,
        "accuracy": 0.4852941176470588,
        "precision": 0.52,
        "recall": 0.18309859154929578,
        "f1_score": 0.27083333333333337,
        "balanced_accuracy": 0.49924160346695556,
        "description": "Agreement analysis between 'complex verify no fsl' and 'original correctness'."
    },
    "Default verify no FSL": {
        "agreement_count": "70",
        "agreement_percentage": 51.470588235294116,
        "mcc": 0.07824927068619543,
        "accuracy": 0.5147058823529411,
        "precision": 0.6086956521739131,
        "recall": 0.19718309859154928,
        "f1_score": 0.2978723404255319,
        "balanced_accuracy": 0.5293607800650054,
        "description": "Agreement analysis between 'default verify no fsl' and 'original correctness'."
    },
    "naive_correctness_vs_correctness_diff": {
        "description": "Analysis of cases where 'naive correctness' and 'Correctness' differ.",
        "count": 16,
        "original_agreement_count": "10",
        "original_agreement_percentage": 62.5
    },
    "naive_correctness_vs_correctness_same": {
        "description": "Analysis of cases where 'naive correctness' and 'Correctness' are the same.",
        "count": 120,
        "original_agreement_count": "59",
        "original_disagreement_count": "61"
    }
}