{
    "total_valid_rows": {
        "value": 26,
        "description": "Total number of valid rows after preprocessing and removing invalid entries."
    },
    "Function summary": {
        "agreement_count": "12",
        "agreement_percentage": 46.15384615384615,
        "mcc": -0.03289758474798845,
        "accuracy": 0.46153846153846156,
        "precision": 0.5,
        "recall": 0.14285714285714285,
        "f1_score": 0.22222222222222224,
        "balanced_accuracy": 0.48809523809523814,
        "description": "Agreement analysis between 'Correctness' and 'original correctness'."
    },
    "Naive": {
        "agreement_count": "12",
        "agreement_percentage": 46.15384615384615,
        "mcc": -0.03289758474798845,
        "accuracy": 0.46153846153846156,
        "precision": 0.5,
        "recall": 0.14285714285714285,
        "f1_score": 0.22222222222222224,
        "balanced_accuracy": 0.48809523809523814,
        "description": "Agreement analysis between 'naive correctness' and 'original correctness'."
    },
    "Complex tree": {
        "agreement_count": "16",
        "agreement_percentage": 61.53846153846154,
        "mcc": 0.23809523809523808,
        "accuracy": 0.6153846153846154,
        "precision": 0.6666666666666666,
        "recall": 0.5714285714285714,
        "f1_score": 0.6153846153846153,
        "balanced_accuracy": 0.6190476190476191,
        "description": "Agreement analysis between 'annotated correctness' and 'original correctness'."
    },
    "Simple tree": {
        "agreement_count": "17",
        "agreement_percentage": 65.38461538461539,
        "mcc": 0.3492912213303892,
        "accuracy": 0.6538461538461539,
        "precision": 0.7777777777777778,
        "recall": 0.5,
        "f1_score": 0.6086956521739131,
        "balanced_accuracy": 0.6666666666666667,
        "description": "Agreement analysis between 'annotated correctness simple' and 'original correctness'."
    },
    "Naive No FSL": {
        "agreement_count": "15",
        "agreement_percentage": 57.692307692307686,
        "mcc": 0.2559939058231545,
        "accuracy": 0.5769230769230769,
        "precision": 0.8,
        "recall": 0.2857142857142857,
        "f1_score": 0.4210526315789473,
        "balanced_accuracy": 0.6011904761904762,
        "description": "Agreement analysis between 'naive no fsl correctness' and 'original correctness'."
    },
    "Function summary no FSL": {
        "agreement_count": "14",
        "agreement_percentage": 53.84615384615385,
        "mcc": 0.2672612419124244,
        "accuracy": 0.5384615384615384,
        "precision": 1.0,
        "recall": 0.14285714285714285,
        "f1_score": 0.25,
        "balanced_accuracy": 0.5714285714285714,
        "description": "Agreement analysis between 'Correctness no fsl' and 'original correctness'."
    },
    "Simple verify": {
        "agreement_count": "12",
        "agreement_percentage": 46.15384615384615,
        "mcc": -0.03289758474798845,
        "accuracy": 0.46153846153846156,
        "precision": 0.5,
        "recall": 0.14285714285714285,
        "f1_score": 0.22222222222222224,
        "balanced_accuracy": 0.48809523809523814,
        "description": "Agreement analysis between 'simple verify' and 'original correctness'."
    },
    "Complex verify": {
        "agreement_count": "12",
        "agreement_percentage": 46.15384615384615,
        "mcc": -0.03289758474798845,
        "accuracy": 0.46153846153846156,
        "precision": 0.5,
        "recall": 0.14285714285714285,
        "f1_score": 0.22222222222222224,
        "balanced_accuracy": 0.48809523809523814,
        "description": "Agreement analysis between 'complex verify' and 'original correctness'."
    },
    "Default verify": {
        "agreement_count": "12",
        "agreement_percentage": 46.15384615384615,
        "mcc": -0.042257712736425826,
        "accuracy": 0.46153846153846156,
        "precision": 0.5,
        "recall": 0.21428571428571427,
        "f1_score": 0.3,
        "balanced_accuracy": 0.48214285714285715,
        "description": "Agreement analysis between 'default verify' and 'original correctness'."
    },
    "Simple verify no FSL": {
        "agreement_count": "16",
        "agreement_percentage": 61.53846153846154,
        "mcc": 0.3239757976459313,
        "accuracy": 0.6153846153846154,
        "precision": 0.8333333333333334,
        "recall": 0.35714285714285715,
        "f1_score": 0.5,
        "balanced_accuracy": 0.6369047619047619,
        "description": "Agreement analysis between 'simple verify no fsl' and 'original correctness'."
    },
    "Complex verify no FSL": {
        "agreement_count": "14",
        "agreement_percentage": 53.84615384615385,
        "mcc": 0.14085904245475275,
        "accuracy": 0.5384615384615384,
        "precision": 0.6666666666666666,
        "recall": 0.2857142857142857,
        "f1_score": 0.4,
        "balanced_accuracy": 0.5595238095238095,
        "description": "Agreement analysis between 'complex verify no fsl' and 'original correctness'."
    },
    "Default verify no FSL": {
        "agreement_count": "14",
        "agreement_percentage": 53.84615384615385,
        "mcc": 0.14085904245475275,
        "accuracy": 0.5384615384615384,
        "precision": 0.6666666666666666,
        "recall": 0.2857142857142857,
        "f1_score": 0.4,
        "balanced_accuracy": 0.5595238095238095,
        "description": "Agreement analysis between 'default verify no fsl' and 'original correctness'."
    },
    "naive_correctness_vs_correctness_diff": {
        "description": "Analysis of cases where 'naive correctness' and 'Correctness' differ.",
        "count": 6,
        "original_agreement_count": "3",
        "original_agreement_percentage": 50.0
    },
    "naive_correctness_vs_correctness_same": {
        "description": "Analysis of cases where 'naive correctness' and 'Correctness' are the same.",
        "count": 20,
        "original_agreement_count": "9",
        "original_disagreement_count": "11"
    }
}