{
    "total_valid_rows": {
        "value": 317,
        "description": "Total number of valid rows after preprocessing and removing invalid entries."
    },
    "tester": {
        "agreement_count": "158",
        "agreement_percentage": 49.8422712933754,
        "mcc": 0.07317787980908813,
        "accuracy": 0.49842271293375395,
        "precision": 0.8,
        "recall": 0.024691358024691357,
        "f1_score": 0.04790419161676646,
        "balanced_accuracy": 0.5091198725607328,
        "description": "Agreement analysis between 'tester' and 'original correctness'."
    }
}