{
    "total_valid_rows": {
        "value": 31,
        "description": "Total number of valid rows after preprocessing and removing invalid entries."
    },
    "Function summary": {
        "agreement_count": "12",
        "agreement_percentage": 38.70967741935484,
        "mcc": -0.3380617018914066,
        "accuracy": 0.3870967741935484,
        "precision": 0.8,
        "recall": 0.42857142857142855,
        "f1_score": 0.5581395348837209,
        "balanced_accuracy": 0.21428571428571427,
        "description": "Agreement analysis between 'Correctness' and 'original correctness'."
    },
    "Naive": {
        "agreement_count": "14",
        "agreement_percentage": 45.16129032258064,
        "mcc": -0.2970442628930023,
        "accuracy": 0.45161290322580644,
        "precision": 0.8235294117647058,
        "recall": 0.5,
        "f1_score": 0.6222222222222222,
        "balanced_accuracy": 0.25,
        "description": "Agreement analysis between 'naive correctness' and 'original correctness'."
    },
    "Complex tree": {
        "agreement_count": "17",
        "agreement_percentage": 54.83870967741935,
        "mcc": -0.2427520781138061,
        "accuracy": 0.5483870967741935,
        "precision": 0.85,
        "recall": 0.6071428571428571,
        "f1_score": 0.7083333333333333,
        "balanced_accuracy": 0.30357142857142855,
        "description": "Agreement analysis between 'annotated correctness' and 'original correctness'."
    },
    "Simple tree": {
        "agreement_count": "18",
        "agreement_percentage": 58.06451612903226,
        "mcc": -0.22587697572631282,
        "accuracy": 0.5806451612903226,
        "precision": 0.8571428571428571,
        "recall": 0.6428571428571429,
        "f1_score": 0.7346938775510204,
        "balanced_accuracy": 0.32142857142857145,
        "description": "Agreement analysis between 'annotated correctness simple' and 'original correctness'."
    },
    "Naive No FSL": {
        "agreement_count": "14",
        "agreement_percentage": 45.16129032258064,
        "mcc": -0.11973018608653985,
        "accuracy": 0.45161290322580644,
        "precision": 0.8666666666666667,
        "recall": 0.4642857142857143,
        "f1_score": 0.6046511627906976,
        "balanced_accuracy": 0.39880952380952384,
        "description": "Agreement analysis between 'naive no fsl correctness' and 'original correctness'."
    },
    "Function summary no FSL": {
        "agreement_count": "8",
        "agreement_percentage": 25.806451612903224,
        "mcc": -0.44136741475237473,
        "accuracy": 0.25806451612903225,
        "precision": 0.7272727272727273,
        "recall": 0.2857142857142857,
        "f1_score": 0.4102564102564102,
        "balanced_accuracy": 0.14285714285714285,
        "description": "Agreement analysis between 'Correctness no fsl' and 'original correctness'."
    },
    "Simple verify": {
        "agreement_count": "18",
        "agreement_percentage": 58.06451612903226,
        "mcc": -0.22587697572631282,
        "accuracy": 0.5806451612903226,
        "precision": 0.8571428571428571,
        "recall": 0.6428571428571429,
        "f1_score": 0.7346938775510204,
        "balanced_accuracy": 0.32142857142857145,
        "description": "Agreement analysis between 'simple verify' and 'original correctness'."
    },
    "Complex verify": {
        "agreement_count": "20",
        "agreement_percentage": 64.51612903225806,
        "mcc": -0.19304683562633607,
        "accuracy": 0.6451612903225806,
        "precision": 0.8695652173913043,
        "recall": 0.7142857142857143,
        "f1_score": 0.7843137254901961,
        "balanced_accuracy": 0.35714285714285715,
        "description": "Agreement analysis between 'complex verify' and 'original correctness'."
    },
    "Default verify": {
        "agreement_count": "20",
        "agreement_percentage": 64.51612903225806,
        "mcc": 0.007529232524210427,
        "accuracy": 0.6451612903225806,
        "precision": 0.9047619047619048,
        "recall": 0.6785714285714286,
        "f1_score": 0.7755102040816326,
        "balanced_accuracy": 0.5059523809523809,
        "description": "Agreement analysis between 'default verify' and 'original correctness'."
    },
    "Simple verify no FSL": {
        "agreement_count": "21",
        "agreement_percentage": 67.74193548387096,
        "mcc": -0.1767766952966369,
        "accuracy": 0.6774193548387096,
        "precision": 0.875,
        "recall": 0.75,
        "f1_score": 0.8076923076923077,
        "balanced_accuracy": 0.375,
        "description": "Agreement analysis between 'simple verify no fsl' and 'original correctness'."
    },
    "Complex verify no FSL": {
        "agreement_count": "20",
        "agreement_percentage": 64.51612903225806,
        "mcc": -0.19304683562633607,
        "accuracy": 0.6451612903225806,
        "precision": 0.8695652173913043,
        "recall": 0.7142857142857143,
        "f1_score": 0.7843137254901961,
        "balanced_accuracy": 0.35714285714285715,
        "description": "Agreement analysis between 'complex verify no fsl' and 'original correctness'."
    },
    "Default verify no FSL": {
        "agreement_count": "18",
        "agreement_percentage": 58.06451612903226,
        "mcc": -0.036129582063505,
        "accuracy": 0.5806451612903226,
        "precision": 0.8947368421052632,
        "recall": 0.6071428571428571,
        "f1_score": 0.7234042553191489,
        "balanced_accuracy": 0.47023809523809523,
        "description": "Agreement analysis between 'default verify no fsl' and 'original correctness'."
    },
    "naive_correctness_vs_correctness_diff": {
        "description": "Analysis of cases where 'naive correctness' and 'Correctness' differ.",
        "count": 16,
        "original_agreement_count": "9",
        "original_agreement_percentage": 56.25
    },
    "naive_correctness_vs_correctness_same": {
        "description": "Analysis of cases where 'naive correctness' and 'Correctness' are the same.",
        "count": 15,
        "original_agreement_count": "5",
        "original_disagreement_count": "10"
    }
}