{
    "total_valid_rows": {
        "value": 309,
        "description": "Total number of valid rows after preprocessing and removing invalid entries."
    },
    "tester": {
        "agreement_count": "166",
        "agreement_percentage": 53.72168284789643,
        "mcc": 0.20035810234584284,
        "accuracy": 0.5372168284789643,
        "precision": 1.0,
        "recall": 0.07741935483870968,
        "f1_score": 0.14371257485029942,
        "balanced_accuracy": 0.5387096774193548,
        "description": "Agreement analysis between 'tester' and 'original correctness'."
    }
}