{
    "Correctness": 6.575,
    "naive correctness": 6.294117647058823,
    "annotated correctness": 6.261261261261262,
    "annotated correctness simple": 6.230088495575221,
    "naive no fsl correctness": 6.208695652173913
}