{
    "total_valid_rows": {
        "value": 189,
        "description": "Total number of valid rows after preprocessing and removing invalid entries."
    },
    "Function summary": {
        "agreement_count": "99",
        "agreement_percentage": 52.38095238095239,
        "mcc": 0.027837815408486392,
        "accuracy": 0.5238095238095238,
        "precision": 0.4915254237288136,
        "recall": 0.3258426966292135,
        "f1_score": 0.3918918918918919,
        "balanced_accuracy": 0.5129213483146067,
        "description": "Agreement analysis between 'Correctness' and 'original correctness'."
    },
    "Naive": {
        "agreement_count": "108",
        "agreement_percentage": 57.14285714285714,
        "mcc": 0.13072829701502822,
        "accuracy": 0.5714285714285714,
        "precision": 0.5740740740740741,
        "recall": 0.34831460674157305,
        "f1_score": 0.43356643356643354,
        "balanced_accuracy": 0.5591573033707865,
        "description": "Agreement analysis between 'naive correctness' and 'original correctness'."
    },
    "Complex tree": {
        "agreement_count": "93",
        "agreement_percentage": 49.2063492063492,
        "mcc": -0.0020788268748151584,
        "accuracy": 0.49206349206349204,
        "precision": 0.4700854700854701,
        "recall": 0.6179775280898876,
        "f1_score": 0.5339805825242718,
        "balanced_accuracy": 0.4989887640449438,
        "description": "Agreement analysis between 'annotated correctness' and 'original correctness'."
    },
    "Simple tree": {
        "agreement_count": "115",
        "agreement_percentage": 60.84656084656085,
        "mcc": 0.2726483443170353,
        "accuracy": 0.6084656084656085,
        "precision": 0.5547445255474452,
        "recall": 0.8539325842696629,
        "f1_score": 0.6725663716814159,
        "balanced_accuracy": 0.6219662921348315,
        "description": "Agreement analysis between 'annotated correctness simple' and 'original correctness'."
    },
    "Naive No FSL": {
        "agreement_count": "101",
        "agreement_percentage": 53.43915343915344,
        "mcc": 0.0465848093511103,
        "accuracy": 0.5343915343915344,
        "precision": 0.5102040816326531,
        "recall": 0.2808988764044944,
        "f1_score": 0.36231884057971014,
        "balanced_accuracy": 0.5204494382022472,
        "description": "Agreement analysis between 'naive no fsl correctness' and 'original correctness'."
    },
    "Function summary no FSL": {
        "agreement_count": "108",
        "agreement_percentage": 57.14285714285714,
        "mcc": 0.1376928476695184,
        "accuracy": 0.5714285714285714,
        "precision": 0.6176470588235294,
        "recall": 0.23595505617977527,
        "f1_score": 0.34146341463414637,
        "balanced_accuracy": 0.5529775280898876,
        "description": "Agreement analysis between 'Correctness no fsl' and 'original correctness'."
    },
    "Simple verify": {
        "agreement_count": "111",
        "agreement_percentage": 58.730158730158735,
        "mcc": 0.16529976027639987,
        "accuracy": 0.5873015873015873,
        "precision": 0.5797101449275363,
        "recall": 0.449438202247191,
        "f1_score": 0.5063291139240506,
        "balanced_accuracy": 0.5797191011235955,
        "description": "Agreement analysis between 'simple verify' and 'original correctness'."
    },
    "Complex verify": {
        "agreement_count": "111",
        "agreement_percentage": 58.730158730158735,
        "mcc": 0.16529976027639987,
        "accuracy": 0.5873015873015873,
        "precision": 0.5797101449275363,
        "recall": 0.449438202247191,
        "f1_score": 0.5063291139240506,
        "balanced_accuracy": 0.5797191011235955,
        "description": "Agreement analysis between 'complex verify' and 'original correctness'."
    },
    "Default verify": {
        "agreement_count": "112",
        "agreement_percentage": 59.25925925925925,
        "mcc": 0.18012831774447477,
        "accuracy": 0.5925925925925926,
        "precision": 0.625,
        "recall": 0.33707865168539325,
        "f1_score": 0.43795620437956206,
        "balanced_accuracy": 0.5785393258426966,
        "description": "Agreement analysis between 'default verify' and 'original correctness'."
    },
    "Simple verify no FSL": {
        "agreement_count": "106",
        "agreement_percentage": 56.08465608465608,
        "mcc": 0.10996322759591959,
        "accuracy": 0.5608465608465608,
        "precision": 0.5441176470588235,
        "recall": 0.4157303370786517,
        "f1_score": 0.47133757961783435,
        "balanced_accuracy": 0.5528651685393258,
        "description": "Agreement analysis between 'simple verify no fsl' and 'original correctness'."
    },
    "Complex verify no FSL": {
        "agreement_count": "105",
        "agreement_percentage": 55.55555555555556,
        "mcc": 0.09692737585856248,
        "accuracy": 0.5555555555555556,
        "precision": 0.5409836065573771,
        "recall": 0.3707865168539326,
        "f1_score": 0.44,
        "balanced_accuracy": 0.5453932584269663,
        "description": "Agreement analysis between 'complex verify no fsl' and 'original correctness'."
    },
    "Default verify no FSL": {
        "agreement_count": "103",
        "agreement_percentage": 54.4973544973545,
        "mcc": 0.07126223998653093,
        "accuracy": 0.544973544973545,
        "precision": 0.5294117647058824,
        "recall": 0.30337078651685395,
        "f1_score": 0.38571428571428573,
        "balanced_accuracy": 0.531685393258427,
        "description": "Agreement analysis between 'default verify no fsl' and 'original correctness'."
    },
    "naive_correctness_vs_correctness_diff": {
        "description": "Analysis of cases where 'naive correctness' and 'Correctness' differ.",
        "count": 67,
        "original_agreement_count": "38",
        "original_agreement_percentage": 56.71641791044776
    },
    "naive_correctness_vs_correctness_same": {
        "description": "Analysis of cases where 'naive correctness' and 'Correctness' are the same.",
        "count": 122,
        "original_agreement_count": "70",
        "original_disagreement_count": "52"
    }
}