{
    "total_valid_rows": {
        "value": 87,
        "description": "Total number of valid rows after preprocessing and removing invalid entries."
    },
    "summary fsl": {
        "agreement_count": "44",
        "agreement_percentage": 50.57471264367817,
        "mcc": -0.0017144816662454658,
        "accuracy": 0.5057471264367817,
        "precision": 0.48148148148148145,
        "recall": 0.30952380952380953,
        "f1_score": 0.37681159420289856,
        "balanced_accuracy": 0.4992063492063492,
        "description": "Agreement analysis between 'summary fsl' and 'original correctness'."
    },
    "naive correctness fsl": {
        "agreement_count": "46",
        "agreement_percentage": 52.87356321839081,
        "mcc": 0.05248906591678239,
        "accuracy": 0.5287356321839081,
        "precision": 0.5714285714285714,
        "recall": 0.09523809523809523,
        "f1_score": 0.16326530612244897,
        "balanced_accuracy": 0.5142857142857142,
        "description": "Agreement analysis between 'naive correctness fsl' and 'original correctness'."
    },
    "simple tree": {
        "agreement_count": "48",
        "agreement_percentage": 55.172413793103445,
        "mcc": 0.09947092989645716,
        "accuracy": 0.5517241379310345,
        "precision": 0.5405405405405406,
        "recall": 0.47619047619047616,
        "f1_score": 0.5063291139240507,
        "balanced_accuracy": 0.5492063492063493,
        "description": "Agreement analysis between 'simple tree' and 'original correctness'."
    },
    "complex tree": {
        "agreement_count": "52",
        "agreement_percentage": 59.77011494252874,
        "mcc": 0.19248709580458126,
        "accuracy": 0.5977011494252874,
        "precision": 0.6,
        "recall": 0.5,
        "f1_score": 0.5454545454545454,
        "balanced_accuracy": 0.5944444444444444,
        "description": "Agreement analysis between 'complex tree' and 'original correctness'."
    },
    "vanilla": {
        "agreement_count": "48",
        "agreement_percentage": 55.172413793103445,
        "mcc": 0.0989234233399765,
        "accuracy": 0.5517241379310345,
        "precision": 0.5652173913043478,
        "recall": 0.30952380952380953,
        "f1_score": 0.39999999999999997,
        "balanced_accuracy": 0.5436507936507937,
        "description": "Agreement analysis between 'vanilla' and 'original correctness'."
    },
    "vanilla_no_cot": {
        "agreement_count": "47",
        "agreement_percentage": 54.02298850574713,
        "mcc": 0.11740402997165716,
        "accuracy": 0.5402298850574713,
        "precision": 0.75,
        "recall": 0.07142857142857142,
        "f1_score": 0.13043478260869565,
        "balanced_accuracy": 0.5246031746031746,
        "description": "Agreement analysis between 'vanilla_no_cot' and 'original correctness'."
    },
    "summary": {
        "agreement_count": "54",
        "agreement_percentage": 62.06896551724138,
        "mcc": 0.24030003692073737,
        "accuracy": 0.6206896551724138,
        "precision": 0.6363636363636364,
        "recall": 0.5,
        "f1_score": 0.56,
        "balanced_accuracy": 0.6166666666666667,
        "description": "Agreement analysis between 'summary' and 'original correctness'."
    },
    "simple verify": {
        "agreement_count": "46",
        "agreement_percentage": 52.87356321839081,
        "mcc": 0.04607552978464674,
        "accuracy": 0.5287356321839081,
        "precision": 0.5263157894736842,
        "recall": 0.23809523809523808,
        "f1_score": 0.3278688524590164,
        "balanced_accuracy": 0.5190476190476191,
        "description": "Agreement analysis between 'simple verify' and 'original correctness'."
    },
    "complex verify": {
        "agreement_count": "47",
        "agreement_percentage": 54.02298850574713,
        "mcc": 0.07299318686018119,
        "accuracy": 0.5402298850574713,
        "precision": 0.5454545454545454,
        "recall": 0.2857142857142857,
        "f1_score": 0.37499999999999994,
        "balanced_accuracy": 0.5317460317460317,
        "description": "Agreement analysis between 'complex verify' and 'original correctness'."
    },
    "summary verify": {
        "agreement_count": "47",
        "agreement_percentage": 54.02298850574713,
        "mcc": 0.07351950265602258,
        "accuracy": 0.5402298850574713,
        "precision": 0.55,
        "recall": 0.2619047619047619,
        "f1_score": 0.3548387096774194,
        "balanced_accuracy": 0.530952380952381,
        "description": "Agreement analysis between 'summary verify' and 'original correctness'."
    },
    "simple verify fsl": {
        "agreement_count": "45",
        "agreement_percentage": 51.724137931034484,
        "mcc": 0.016379142975575762,
        "accuracy": 0.5172413793103449,
        "precision": 0.5,
        "recall": 0.19047619047619047,
        "f1_score": 0.27586206896551724,
        "balanced_accuracy": 0.5063492063492063,
        "description": "Agreement analysis between 'simple verify fsl' and 'original correctness'."
    },
    "complex verify fsl": {
        "agreement_count": "47",
        "agreement_percentage": 54.02298850574713,
        "mcc": 0.0757535362620379,
        "accuracy": 0.5402298850574713,
        "precision": 0.5625,
        "recall": 0.21428571428571427,
        "f1_score": 0.31034482758620685,
        "balanced_accuracy": 0.5293650793650794,
        "description": "Agreement analysis between 'complex verify fsl' and 'original correctness'."
    },
    "summary verify fsl": {
        "agreement_count": "49",
        "agreement_percentage": 56.32183908045977,
        "mcc": 0.14030665192502664,
        "accuracy": 0.5632183908045977,
        "precision": 0.6428571428571429,
        "recall": 0.21428571428571427,
        "f1_score": 0.32142857142857145,
        "balanced_accuracy": 0.5515873015873015,
        "description": "Agreement analysis between 'summary verify fsl' and 'original correctness'."
    }
}