{
    "total_valid_rows": {
        "value": 300,
        "description": "Total number of valid rows after preprocessing and removing invalid entries."
    },
    "tester": {
        "agreement_count": "163",
        "agreement_percentage": 54.333333333333336,
        "mcc": 0.13200902642491658,
        "accuracy": 0.5433333333333333,
        "precision": 0.875,
        "recall": 0.04895104895104895,
        "f1_score": 0.09271523178807947,
        "balanced_accuracy": 0.5212908110997283,
        "description": "Agreement analysis between 'tester' and 'original correctness'."
    }
}