{
    "total_valid_rows": {
        "value": 70,
        "description": "Total number of valid rows after preprocessing and removing invalid entries."
    },
    "Function summary": {
        "agreement_count": "36",
        "agreement_percentage": 51.42857142857142,
        "mcc": 0.13816012410283685,
        "accuracy": 0.5142857142857142,
        "precision": 0.8275862068965517,
        "recall": 0.4528301886792453,
        "f1_score": 0.5853658536585366,
        "balanced_accuracy": 0.5793562708102109,
        "description": "Agreement analysis between 'Correctness' and 'original correctness'."
    },
    "Naive": {
        "agreement_count": "40",
        "agreement_percentage": 57.14285714285714,
        "mcc": 0.2011695423102451,
        "accuracy": 0.5714285714285714,
        "precision": 0.8484848484848485,
        "recall": 0.5283018867924528,
        "f1_score": 0.6511627906976744,
        "balanced_accuracy": 0.6170921198668147,
        "description": "Agreement analysis between 'naive correctness' and 'original correctness'."
    },
    "Complex tree": {
        "agreement_count": "35",
        "agreement_percentage": 50.0,
        "mcc": -0.08655446791269229,
        "accuracy": 0.5,
        "precision": 0.725,
        "recall": 0.5471698113207547,
        "f1_score": 0.6236559139784946,
        "balanced_accuracy": 0.45005549389567145,
        "description": "Agreement analysis between 'annotated correctness' and 'original correctness'."
    },
    "Simple tree": {
        "agreement_count": "43",
        "agreement_percentage": 61.42857142857143,
        "mcc": 0.010535074339697479,
        "accuracy": 0.6142857142857143,
        "precision": 0.76,
        "recall": 0.7169811320754716,
        "f1_score": 0.7378640776699028,
        "balanced_accuracy": 0.5055493895671476,
        "description": "Agreement analysis between 'annotated correctness simple' and 'original correctness'."
    },
    "Naive No FSL": {
        "agreement_count": "37",
        "agreement_percentage": 52.85714285714286,
        "mcc": 0.08379721165435221,
        "accuracy": 0.5285714285714286,
        "precision": 0.7941176470588235,
        "recall": 0.5094339622641509,
        "f1_score": 0.6206896551724137,
        "balanced_accuracy": 0.548834628190899,
        "description": "Agreement analysis between 'naive no fsl correctness' and 'original correctness'."
    },
    "naive_correctness_vs_correctness_diff": {
        "description": "Analysis of cases where 'naive correctness' and 'Correctness' differ.",
        "count": 24,
        "original_agreement_count": "14",
        "original_agreement_percentage": 58.333333333333336
    },
    "naive_correctness_vs_correctness_same": {
        "description": "Analysis of cases where 'naive correctness' and 'Correctness' are the same.",
        "count": 46,
        "original_agreement_count": "26",
        "original_disagreement_count": "20"
    }
}