{
    "HoarePrompt": {
        "Agreement Count": 1159,
        "Balanced Accuracy": 0.628934191702432,
        "True Positive Rate (TPR)": 0.6666666666666666,
        "False Negative Rate (FNR)": 0.3333333333333333,
        "False Positive Rate (FPR)": 0.40879828326180256,
        "MCC": 0.25853674090610174
    },
    "0 shot COT": {
        "Agreement Count": 1092,
        "Balanced Accuracy": 0.5934958775694601,
        "True Positive Rate (TPR)": 0.7138157894736842,
        "False Negative Rate (FNR)": 0.28618421052631576,
        "False Positive Rate (FPR)": 0.526824034334764,
        "MCC": 0.19254233102381157
    },
    "vanilla_no_cot": {
        "Agreement Count": 1069,
        "Balanced Accuracy": 0.5775920487915067,
        "True Positive Rate (TPR)": 0.3815789473684211,
        "False Negative Rate (FNR)": 0.618421052631579,
        "False Positive Rate (FPR)": 0.22639484978540772,
        "MCC": 0.1688088155482501
    },
    "HoarePrompt no unroll": {
        "Agreement Count": 1142,
        "Balanced Accuracy": 0.6152989550420758,
        "True Positive Rate (TPR)": 0.6178686759956943,
        "False Negative Rate (FNR)": 0.3821313240043057,
        "False Positive Rate (FPR)": 0.38727076591154264,
        "MCC": 0.23060112337651859
    },
    "tester": {
        "Agreement Count": 1008,
        "Balanced Accuracy": 0.522226211079617,
        "True Positive Rate (TPR)": 0.05170630816959669,
        "False Negative Rate (FNR) / Miss Rate": 0.9482936918304034,
        "False Positive Rate (FPR)": 0.007253886010362694,
        "MCC": 0.13135126508938486
    }

}