{
    "total_valid_rows": {
        "value": 103,
        "description": "Total number of valid rows after preprocessing and removing invalid entries."
    },
    "summary fsl": {
        "agreement_count": "62",
        "agreement_percentage": 60.19417475728155,
        "mcc": 0.19409982923543873,
        "accuracy": 0.6019417475728155,
        "precision": 0.6206896551724138,
        "recall": 0.375,
        "f1_score": 0.4675324675324676,
        "balanced_accuracy": 0.5875,
        "description": "Agreement analysis between 'summary fsl' and 'original correctness'."
    },
    "naive correctness fsl": {
        "agreement_count": "64",
        "agreement_percentage": 62.13592233009708,
        "mcc": 0.28961622473120807,
        "accuracy": 0.6213592233009708,
        "precision": 0.8461538461538461,
        "recall": 0.22916666666666666,
        "f1_score": 0.360655737704918,
        "balanced_accuracy": 0.5964015151515152,
        "description": "Agreement analysis between 'naive correctness fsl' and 'original correctness'."
    },
    "simple tree": {
        "agreement_count": "68",
        "agreement_percentage": 66.01941747572816,
        "mcc": 0.3163888316424317,
        "accuracy": 0.6601941747572816,
        "precision": 0.6382978723404256,
        "recall": 0.625,
        "f1_score": 0.631578947368421,
        "balanced_accuracy": 0.6579545454545455,
        "description": "Agreement analysis between 'simple tree' and 'original correctness'."
    },
    "complex tree": {
        "agreement_count": "60",
        "agreement_percentage": 58.252427184466015,
        "mcc": 0.15479418290923355,
        "accuracy": 0.5825242718446602,
        "precision": 0.5609756097560976,
        "recall": 0.4791666666666667,
        "f1_score": 0.5168539325842697,
        "balanced_accuracy": 0.5759469696969697,
        "description": "Agreement analysis between 'complex tree' and 'original correctness'."
    },
    "vanilla": {
        "agreement_count": "61",
        "agreement_percentage": 59.22330097087378,
        "mcc": 0.1730899407582848,
        "accuracy": 0.5922330097087378,
        "precision": 0.5789473684210527,
        "recall": 0.4583333333333333,
        "f1_score": 0.5116279069767442,
        "balanced_accuracy": 0.5837121212121212,
        "description": "Agreement analysis between 'vanilla' and 'original correctness'."
    },
    "vanilla_no_cot": {
        "agreement_count": "65",
        "agreement_percentage": 63.10679611650486,
        "mcc": 0.27293918690493124,
        "accuracy": 0.6310679611650486,
        "precision": 0.7272727272727273,
        "recall": 0.3333333333333333,
        "f1_score": 0.4571428571428572,
        "balanced_accuracy": 0.6121212121212121,
        "description": "Agreement analysis between 'vanilla_no_cot' and 'original correctness'."
    },
    "summary": {
        "agreement_count": "61",
        "agreement_percentage": 59.22330097087378,
        "mcc": 0.1768588038890074,
        "accuracy": 0.5922330097087378,
        "precision": 0.5681818181818182,
        "recall": 0.5208333333333334,
        "f1_score": 0.5434782608695652,
        "balanced_accuracy": 0.5876893939393939,
        "description": "Agreement analysis between 'summary' and 'original correctness'."
    },
    "simple verify": {
        "agreement_count": "66",
        "agreement_percentage": 64.07766990291263,
        "mcc": 0.2738615558233106,
        "accuracy": 0.6407766990291263,
        "precision": 0.6410256410256411,
        "recall": 0.5208333333333334,
        "f1_score": 0.5747126436781609,
        "balanced_accuracy": 0.6331439393939394,
        "description": "Agreement analysis between 'simple verify' and 'original correctness'."
    },
    "complex verify": {
        "agreement_count": "59",
        "agreement_percentage": 57.28155339805825,
        "mcc": 0.13156715042558725,
        "accuracy": 0.5728155339805825,
        "precision": 0.5555555555555556,
        "recall": 0.4166666666666667,
        "f1_score": 0.4761904761904762,
        "balanced_accuracy": 0.5628787878787879,
        "description": "Agreement analysis between 'complex verify' and 'original correctness'."
    },
    "summary verify": {
        "agreement_count": "69",
        "agreement_percentage": 66.99029126213593,
        "mcc": 0.34012525035075397,
        "accuracy": 0.6699029126213593,
        "precision": 0.71875,
        "recall": 0.4791666666666667,
        "f1_score": 0.575,
        "balanced_accuracy": 0.6577651515151515,
        "description": "Agreement analysis between 'summary verify' and 'original correctness'."
    },
    "simple verify fsl": {
        "agreement_count": "67",
        "agreement_percentage": 65.0485436893204,
        "mcc": 0.3040894908911166,
        "accuracy": 0.6504854368932039,
        "precision": 0.7142857142857143,
        "recall": 0.4166666666666667,
        "f1_score": 0.5263157894736842,
        "balanced_accuracy": 0.6356060606060606,
        "description": "Agreement analysis between 'simple verify fsl' and 'original correctness'."
    },
    "complex verify fsl": {
        "agreement_count": "65",
        "agreement_percentage": 63.10679611650486,
        "mcc": 0.26034477362605374,
        "accuracy": 0.6310679611650486,
        "precision": 0.6785714285714286,
        "recall": 0.3958333333333333,
        "f1_score": 0.5,
        "balanced_accuracy": 0.6160984848484848,
        "description": "Agreement analysis between 'complex verify fsl' and 'original correctness'."
    },
    "summary verify fsl": {
        "agreement_count": "65",
        "agreement_percentage": 63.10679611650486,
        "mcc": 0.2635958837640212,
        "accuracy": 0.6310679611650486,
        "precision": 0.6923076923076923,
        "recall": 0.375,
        "f1_score": 0.48648648648648646,
        "balanced_accuracy": 0.6147727272727272,
        "description": "Agreement analysis between 'summary verify fsl' and 'original correctness'."
    }
}