{
    "total_valid_rows": {
        "value": 103,
        "description": "Total number of valid rows after preprocessing and removing invalid entries."
    },
    "summary fsl": {
        "agreement_count": "60",
        "agreement_percentage": 58.252427184466015,
        "mcc": 0.15123489941749346,
        "accuracy": 0.5825242718446602,
        "precision": 0.5925925925925926,
        "recall": 0.3333333333333333,
        "f1_score": 0.4266666666666667,
        "balanced_accuracy": 0.5666666666666667,
        "description": "Agreement analysis between 'summary fsl' and 'original correctness'."
    },
    "naive correctness fsl": {
        "agreement_count": "59",
        "agreement_percentage": 57.28155339805825,
        "mcc": 0.136672050509445,
        "accuracy": 0.5728155339805825,
        "precision": 0.625,
        "recall": 0.20833333333333334,
        "f1_score": 0.3125,
        "balanced_accuracy": 0.5496212121212121,
        "description": "Agreement analysis between 'naive correctness fsl' and 'original correctness'."
    },
    "simple tree": {
        "agreement_count": "62",
        "agreement_percentage": 60.19417475728155,
        "mcc": 0.19733655518094345,
        "accuracy": 0.6019417475728155,
        "precision": 0.5777777777777777,
        "recall": 0.5416666666666666,
        "f1_score": 0.5591397849462364,
        "balanced_accuracy": 0.5981060606060606,
        "description": "Agreement analysis between 'simple tree' and 'original correctness'."
    },
    "complex tree": {
        "agreement_count": "66",
        "agreement_percentage": 64.07766990291263,
        "mcc": 0.27581402693243834,
        "accuracy": 0.6407766990291263,
        "precision": 0.6222222222222222,
        "recall": 0.5833333333333334,
        "f1_score": 0.6021505376344085,
        "balanced_accuracy": 0.6371212121212122,
        "description": "Agreement analysis between 'complex tree' and 'original correctness'."
    },
    "vanilla": {
        "agreement_count": "62",
        "agreement_percentage": 60.19417475728155,
        "mcc": 0.193611939180918,
        "accuracy": 0.6019417475728155,
        "precision": 0.5897435897435898,
        "recall": 0.4791666666666667,
        "f1_score": 0.5287356321839081,
        "balanced_accuracy": 0.5941287878787879,
        "description": "Agreement analysis between 'vanilla' and 'original correctness'."
    },
    "vanilla_no_cot": {
        "agreement_count": "64",
        "agreement_percentage": 62.13592233009708,
        "mcc": 0.26621102592913887,
        "accuracy": 0.6213592233009708,
        "precision": 0.7647058823529411,
        "recall": 0.2708333333333333,
        "f1_score": 0.39999999999999997,
        "balanced_accuracy": 0.5990530303030303,
        "description": "Agreement analysis between 'vanilla_no_cot' and 'original correctness'."
    },
    "summary": {
        "agreement_count": "71",
        "agreement_percentage": 68.93203883495146,
        "mcc": 0.3733599276926382,
        "accuracy": 0.6893203883495146,
        "precision": 0.6904761904761905,
        "recall": 0.6041666666666666,
        "f1_score": 0.6444444444444444,
        "balanced_accuracy": 0.6839015151515151,
        "description": "Agreement analysis between 'summary' and 'original correctness'."
    },
    "simple verify": {
        "agreement_count": "60",
        "agreement_percentage": 58.252427184466015,
        "mcc": 0.15104309580808226,
        "accuracy": 0.5825242718446602,
        "precision": 0.5757575757575758,
        "recall": 0.3958333333333333,
        "f1_score": 0.4691358024691358,
        "balanced_accuracy": 0.5706439393939394,
        "description": "Agreement analysis between 'simple verify' and 'original correctness'."
    },
    "complex verify": {
        "agreement_count": "62",
        "agreement_percentage": 60.19417475728155,
        "mcc": 0.19275204719744546,
        "accuracy": 0.6019417475728155,
        "precision": 0.6060606060606061,
        "recall": 0.4166666666666667,
        "f1_score": 0.4938271604938272,
        "balanced_accuracy": 0.5901515151515152,
        "description": "Agreement analysis between 'complex verify' and 'original correctness'."
    },
    "summary verify": {
        "agreement_count": "58",
        "agreement_percentage": 56.310679611650485,
        "mcc": 0.10933414441871907,
        "accuracy": 0.5631067961165048,
        "precision": 0.5454545454545454,
        "recall": 0.375,
        "f1_score": 0.4444444444444444,
        "balanced_accuracy": 0.5511363636363636,
        "description": "Agreement analysis between 'summary verify' and 'original correctness'."
    },
    "simple verify fsl": {
        "agreement_count": "62",
        "agreement_percentage": 60.19417475728155,
        "mcc": 0.20009107363157302,
        "accuracy": 0.6019417475728155,
        "precision": 0.6521739130434783,
        "recall": 0.3125,
        "f1_score": 0.4225352112676057,
        "balanced_accuracy": 0.5835227272727272,
        "description": "Agreement analysis between 'simple verify fsl' and 'original correctness'."
    },
    "complex verify fsl": {
        "agreement_count": "61",
        "agreement_percentage": 59.22330097087378,
        "mcc": 0.17399068235248927,
        "accuracy": 0.5922330097087378,
        "precision": 0.6153846153846154,
        "recall": 0.3333333333333333,
        "f1_score": 0.43243243243243246,
        "balanced_accuracy": 0.5757575757575758,
        "description": "Agreement analysis between 'complex verify fsl' and 'original correctness'."
    },
    "summary verify fsl": {
        "agreement_count": "62",
        "agreement_percentage": 60.19417475728155,
        "mcc": 0.20355004021528283,
        "accuracy": 0.6019417475728155,
        "precision": 0.6666666666666666,
        "recall": 0.2916666666666667,
        "f1_score": 0.4057971014492754,
        "balanced_accuracy": 0.5821969696969697,
        "description": "Agreement analysis between 'summary verify fsl' and 'original correctness'."
    }
}