{
    "total_valid_rows": {
        "value": 31,
        "description": "Total number of valid rows after preprocessing and removing invalid entries."
    },
    "Function summary": {
        "agreement_count": "18",
        "agreement_percentage": 58.06451612903226,
        "mcc": 0.3492912213303892,
        "accuracy": 0.5806451612903226,
        "precision": 1.0,
        "recall": 0.23529411764705882,
        "f1_score": 0.38095238095238093,
        "balanced_accuracy": 0.6176470588235294,
        "description": "Agreement analysis between 'Correctness' and 'original correctness'."
    },
    "Naive": {
        "agreement_count": "17",
        "agreement_percentage": 54.83870967741935,
        "mcc": 0.2970442628930023,
        "accuracy": 0.5483870967741935,
        "precision": 1.0,
        "recall": 0.17647058823529413,
        "f1_score": 0.3,
        "balanced_accuracy": 0.5882352941176471,
        "description": "Agreement analysis between 'naive correctness' and 'original correctness'."
    },
    "Complex tree": {
        "agreement_count": "16",
        "agreement_percentage": 51.61290322580645,
        "mcc": 0.05580684237796761,
        "accuracy": 0.5161290322580645,
        "precision": 0.5833333333333334,
        "recall": 0.4117647058823529,
        "f1_score": 0.4827586206896552,
        "balanced_accuracy": 0.5273109243697479,
        "description": "Agreement analysis between 'annotated correctness' and 'original correctness'."
    },
    "Simple tree": {
        "agreement_count": "18",
        "agreement_percentage": 58.06451612903226,
        "mcc": 0.2389310624685482,
        "accuracy": 0.5806451612903226,
        "precision": 0.75,
        "recall": 0.35294117647058826,
        "f1_score": 0.48,
        "balanced_accuracy": 0.6050420168067226,
        "description": "Agreement analysis between 'annotated correctness simple' and 'original correctness'."
    },
    "Naive No FSL": {
        "agreement_count": "16",
        "agreement_percentage": 51.61290322580645,
        "mcc": 0.1164363472854919,
        "accuracy": 0.5161290322580645,
        "precision": 0.6666666666666666,
        "recall": 0.23529411764705882,
        "f1_score": 0.3478260869565218,
        "balanced_accuracy": 0.5462184873949579,
        "description": "Agreement analysis between 'naive no fsl correctness' and 'original correctness'."
    },
    "Function summary no FSL": {
        "agreement_count": "15",
        "agreement_percentage": 48.38709677419355,
        "mcc": 0.07779730694816726,
        "accuracy": 0.4838709677419355,
        "precision": 0.6666666666666666,
        "recall": 0.11764705882352941,
        "f1_score": 0.2,
        "balanced_accuracy": 0.523109243697479,
        "description": "Agreement analysis between 'Correctness no fsl' and 'original correctness'."
    },
    "Simple verify": {
        "agreement_count": "17",
        "agreement_percentage": 54.83870967741935,
        "mcc": 0.2970442628930023,
        "accuracy": 0.5483870967741935,
        "precision": 1.0,
        "recall": 0.17647058823529413,
        "f1_score": 0.3,
        "balanced_accuracy": 0.5882352941176471,
        "description": "Agreement analysis between 'simple verify' and 'original correctness'."
    },
    "Complex verify": {
        "agreement_count": "17",
        "agreement_percentage": 54.83870967741935,
        "mcc": 0.2970442628930023,
        "accuracy": 0.5483870967741935,
        "precision": 1.0,
        "recall": 0.17647058823529413,
        "f1_score": 0.3,
        "balanced_accuracy": 0.5882352941176471,
        "description": "Agreement analysis between 'complex verify' and 'original correctness'."
    },
    "Default verify": {
        "agreement_count": "17",
        "agreement_percentage": 54.83870967741935,
        "mcc": 0.2970442628930023,
        "accuracy": 0.5483870967741935,
        "precision": 1.0,
        "recall": 0.17647058823529413,
        "f1_score": 0.3,
        "balanced_accuracy": 0.5882352941176471,
        "description": "Agreement analysis between 'default verify' and 'original correctness'."
    },
    "Simple verify no FSL": {
        "agreement_count": "16",
        "agreement_percentage": 51.61290322580645,
        "mcc": 0.1164363472854919,
        "accuracy": 0.5161290322580645,
        "precision": 0.6666666666666666,
        "recall": 0.23529411764705882,
        "f1_score": 0.3478260869565218,
        "balanced_accuracy": 0.5462184873949579,
        "description": "Agreement analysis between 'simple verify no fsl' and 'original correctness'."
    },
    "Complex verify no FSL": {
        "agreement_count": "17",
        "agreement_percentage": 54.83870967741935,
        "mcc": 0.18003601080360127,
        "accuracy": 0.5483870967741935,
        "precision": 0.7142857142857143,
        "recall": 0.29411764705882354,
        "f1_score": 0.4166666666666667,
        "balanced_accuracy": 0.5756302521008403,
        "description": "Agreement analysis between 'complex verify no fsl' and 'original correctness'."
    },
    "Default verify no FSL": {
        "agreement_count": "16",
        "agreement_percentage": 51.61290322580645,
        "mcc": 0.1164363472854919,
        "accuracy": 0.5161290322580645,
        "precision": 0.6666666666666666,
        "recall": 0.23529411764705882,
        "f1_score": 0.3478260869565218,
        "balanced_accuracy": 0.5462184873949579,
        "description": "Agreement analysis between 'default verify no fsl' and 'original correctness'."
    },
    "naive_correctness_vs_correctness_diff": {
        "description": "Analysis of cases where 'naive correctness' and 'Correctness' differ.",
        "count": 3,
        "original_agreement_count": "1",
        "original_agreement_percentage": 33.33333333333333
    },
    "naive_correctness_vs_correctness_same": {
        "description": "Analysis of cases where 'naive correctness' and 'Correctness' are the same.",
        "count": 28,
        "original_agreement_count": "16",
        "original_disagreement_count": "12"
    }
}