{
    "total_valid_rows": {
        "value": 85,
        "description": "Total number of valid rows after preprocessing and removing invalid entries."
    },
    "vanilla": {
        "agreement_count": "53",
        "agreement_percentage": 62.35294117647059,
        "mcc": 0.2644592117452454,
        "accuracy": 0.6235294117647059,
        "precision": 0.7105263157894737,
        "recall": 0.5625,
        "f1_score": 0.627906976744186,
        "balanced_accuracy": 0.6326013513513513,
        "description": "Agreement analysis between 'vanilla' and 'original correctness'."
    }
}