{
    "total_valid_rows": {
        "value": 64,
        "description": "Total number of valid rows after preprocessing and removing invalid entries."
    },
    "summary fsl": {
        "agreement_count": "26",
        "agreement_percentage": 40.625,
        "mcc": 0.1868706368604627,
        "accuracy": 0.40625,
        "precision": 1.0,
        "recall": 0.09523809523809523,
        "f1_score": 0.17391304347826084,
        "balanced_accuracy": 0.5476190476190477,
        "description": "Agreement analysis between 'summary fsl' and 'original correctness'."
    },
    "naive correctness fsl": {
        "agreement_count": "26",
        "agreement_percentage": 40.625,
        "mcc": 0.010535659020683567,
        "accuracy": 0.40625,
        "precision": 0.6666666666666666,
        "recall": 0.19047619047619047,
        "f1_score": 0.2962962962962963,
        "balanced_accuracy": 0.5043290043290043,
        "description": "Agreement analysis between 'naive correctness fsl' and 'original correctness'."
    },
    "simple tree": {
        "agreement_count": "44",
        "agreement_percentage": 68.75,
        "mcc": 0.22381412908589723,
        "accuracy": 0.6875,
        "precision": 0.6964285714285714,
        "recall": 0.9285714285714286,
        "f1_score": 0.7959183673469388,
        "balanced_accuracy": 0.577922077922078,
        "description": "Agreement analysis between 'simple tree' and 'original correctness'."
    },
    "complex tree": {
        "agreement_count": "43",
        "agreement_percentage": 67.1875,
        "mcc": 0.1570604577220243,
        "accuracy": 0.671875,
        "precision": 0.6779661016949152,
        "recall": 0.9523809523809523,
        "f1_score": 0.7920792079207921,
        "balanced_accuracy": 0.5443722943722944,
        "description": "Agreement analysis between 'complex tree' and 'original correctness'."
    },
    "vanilla": {
        "agreement_count": "42",
        "agreement_percentage": 65.625,
        "mcc": 0.059085806446138894,
        "accuracy": 0.65625,
        "precision": 0.6612903225806451,
        "recall": 0.9761904761904762,
        "f1_score": 0.7884615384615384,
        "balanced_accuracy": 0.5108225108225108,
        "description": "Agreement analysis between 'vanilla' and 'original correctness'."
    },
    "vanilla_no_cot": {
        "agreement_count": "37",
        "agreement_percentage": 57.8125,
        "mcc": -0.06812393742388417,
        "accuracy": 0.578125,
        "precision": 0.6415094339622641,
        "recall": 0.8095238095238095,
        "f1_score": 0.7157894736842104,
        "balanced_accuracy": 0.47294372294372294,
        "description": "Agreement analysis between 'vanilla_no_cot' and 'original correctness'."
    },
    "summary": {
        "agreement_count": "45",
        "agreement_percentage": 70.3125,
        "mcc": 0.2750263841945866,
        "accuracy": 0.703125,
        "precision": 0.7090909090909091,
        "recall": 0.9285714285714286,
        "f1_score": 0.8041237113402062,
        "balanced_accuracy": 0.6006493506493507,
        "description": "Agreement analysis between 'summary' and 'original correctness'."
    },
    "simple verify": {
        "agreement_count": "42",
        "agreement_percentage": 65.625,
        "mcc": 0.10580973892262123,
        "accuracy": 0.65625,
        "precision": 0.6724137931034483,
        "recall": 0.9285714285714286,
        "f1_score": 0.78,
        "balanced_accuracy": 0.5324675324675325,
        "description": "Agreement analysis between 'simple verify' and 'original correctness'."
    },
    "complex verify": {
        "agreement_count": "40",
        "agreement_percentage": 62.5,
        "mcc": -0.12998877418150556,
        "accuracy": 0.625,
        "precision": 0.6451612903225806,
        "recall": 0.9523809523809523,
        "f1_score": 0.7692307692307692,
        "balanced_accuracy": 0.47619047619047616,
        "description": "Agreement analysis between 'complex verify' and 'original correctness'."
    },
    "summary verify": {
        "agreement_count": "41",
        "agreement_percentage": 64.0625,
        "mcc": 0.06258368958788295,
        "accuracy": 0.640625,
        "precision": 0.6666666666666666,
        "recall": 0.9047619047619048,
        "f1_score": 0.7676767676767676,
        "balanced_accuracy": 0.5205627705627706,
        "description": "Agreement analysis between 'summary verify' and 'original correctness'."
    },
    "simple verify fsl": {
        "agreement_count": "36",
        "agreement_percentage": 56.25,
        "mcc": 0.22084711628963774,
        "accuracy": 0.5625,
        "precision": 0.7916666666666666,
        "recall": 0.4523809523809524,
        "f1_score": 0.5757575757575758,
        "balanced_accuracy": 0.6125541125541125,
        "description": "Agreement analysis between 'simple verify fsl' and 'original correctness'."
    },
    "complex verify fsl": {
        "agreement_count": "33",
        "agreement_percentage": 51.5625,
        "mcc": 0.08534834865229643,
        "accuracy": 0.515625,
        "precision": 0.7037037037037037,
        "recall": 0.4523809523809524,
        "f1_score": 0.5507246376811594,
        "balanced_accuracy": 0.5443722943722944,
        "description": "Agreement analysis between 'complex verify fsl' and 'original correctness'."
    },
    "summary verify fsl": {
        "agreement_count": "33",
        "agreement_percentage": 51.5625,
        "mcc": 0.04319917848286286,
        "accuracy": 0.515625,
        "precision": 0.6774193548387096,
        "recall": 0.5,
        "f1_score": 0.5753424657534247,
        "balanced_accuracy": 0.5227272727272727,
        "description": "Agreement analysis between 'summary verify fsl' and 'original correctness'."
    }
}