{
    "total_valid_rows": {
        "value": 262,
        "description": "Total number of valid rows after preprocessing and removing invalid entries."
    },
    "summary fsl": {
        "agreement_count": "142",
        "agreement_percentage": 54.19847328244275,
        "mcc": 0.0936483981104461,
        "accuracy": 0.5419847328244275,
        "precision": 0.5753424657534246,
        "recall": 0.32061068702290074,
        "f1_score": 0.4117647058823529,
        "balanced_accuracy": 0.5419847328244275,
        "description": "Agreement analysis between 'summary fsl' and 'original correctness'."
    },
    "naive correctness fsl": {
        "agreement_count": "133",
        "agreement_percentage": 50.76335877862596,
        "mcc": 0.020806259464411975,
        "accuracy": 0.5076335877862596,
        "precision": 0.5238095238095238,
        "recall": 0.16793893129770993,
        "f1_score": 0.254335260115607,
        "balanced_accuracy": 0.5076335877862596,
        "description": "Agreement analysis between 'naive correctness fsl' and 'original correctness'."
    },
    "simple tree": {
        "agreement_count": "141",
        "agreement_percentage": 53.81679389312977,
        "mcc": 0.07644509315459481,
        "accuracy": 0.5381679389312977,
        "precision": 0.5403225806451613,
        "recall": 0.5114503816793893,
        "f1_score": 0.5254901960784314,
        "balanced_accuracy": 0.5381679389312977,
        "description": "Agreement analysis between 'simple tree' and 'original correctness'."
    },
    "complex tree": {
        "agreement_count": "146",
        "agreement_percentage": 55.72519083969466,
        "mcc": 0.11451716378272432,
        "accuracy": 0.5572519083969466,
        "precision": 0.5581395348837209,
        "recall": 0.549618320610687,
        "f1_score": 0.5538461538461538,
        "balanced_accuracy": 0.5572519083969466,
        "description": "Agreement analysis between 'complex tree' and 'original correctness'."
    },
    "summary": {
        "agreement_count": "149",
        "agreement_percentage": 56.87022900763359,
        "mcc": 0.1380861926847485,
        "accuracy": 0.5687022900763359,
        "precision": 0.576271186440678,
        "recall": 0.5190839694656488,
        "f1_score": 0.5461847389558233,
        "balanced_accuracy": 0.5687022900763359,
        "description": "Agreement analysis between 'summary' and 'original correctness'."
    },
    "simple verify": {
        "agreement_count": "153",
        "agreement_percentage": 58.396946564885496,
        "mcc": 0.1777897505546899,
        "accuracy": 0.583969465648855,
        "precision": 0.625,
        "recall": 0.4198473282442748,
        "f1_score": 0.5022831050228311,
        "balanced_accuracy": 0.583969465648855,
        "description": "Agreement analysis between 'simple verify' and 'original correctness'."
    },
    "complex verify": {
        "agreement_count": "162",
        "agreement_percentage": 61.832061068702295,
        "mcc": 0.24982945407081675,
        "accuracy": 0.6183206106870229,
        "precision": 0.6741573033707865,
        "recall": 0.4580152671755725,
        "f1_score": 0.5454545454545454,
        "balanced_accuracy": 0.6183206106870229,
        "description": "Agreement analysis between 'complex verify' and 'original correctness'."
    },
    "summary verify": {
        "agreement_count": "159",
        "agreement_percentage": 60.68702290076335,
        "mcc": 0.22627786434233257,
        "accuracy": 0.6068702290076335,
        "precision": 0.6590909090909091,
        "recall": 0.44274809160305345,
        "f1_score": 0.5296803652968037,
        "balanced_accuracy": 0.6068702290076335,
        "description": "Agreement analysis between 'summary verify' and 'original correctness'."
    },
    "simple verify fsl": {
        "agreement_count": "143",
        "agreement_percentage": 54.58015267175572,
        "mcc": 0.10350983390135313,
        "accuracy": 0.5458015267175572,
        "precision": 0.5857142857142857,
        "recall": 0.31297709923664124,
        "f1_score": 0.4079601990049751,
        "balanced_accuracy": 0.5458015267175572,
        "description": "Agreement analysis between 'simple verify fsl' and 'original correctness'."
    },
    "complex verify fsl": {
        "agreement_count": "154",
        "agreement_percentage": 58.778625954198475,
        "mcc": 0.1993079564024465,
        "accuracy": 0.5877862595419847,
        "precision": 0.6666666666666666,
        "recall": 0.3511450381679389,
        "f1_score": 0.45999999999999996,
        "balanced_accuracy": 0.5877862595419847,
        "description": "Agreement analysis between 'complex verify fsl' and 'original correctness'."
    },
    "summary verify fsl": {
        "agreement_count": "137",
        "agreement_percentage": 52.29007633587786,
        "mcc": 0.055862919204289395,
        "accuracy": 0.5229007633587787,
        "precision": 0.5535714285714286,
        "recall": 0.2366412213740458,
        "f1_score": 0.3315508021390374,
        "balanced_accuracy": 0.5229007633587787,
        "description": "Agreement analysis between 'summary verify fsl' and 'original correctness'."
    }
}