{
    "total_valid_rows": {
        "value": 37,
        "description": "Total number of valid rows after preprocessing and removing invalid entries."
    },
    "Function summary": {
        "agreement_count": "26",
        "agreement_percentage": 70.27027027027027,
        "mcc": 0.17218381548198128,
        "accuracy": 0.7027027027027027,
        "precision": 0.3,
        "recall": 0.42857142857142855,
        "f1_score": 0.3529411764705882,
        "balanced_accuracy": 0.5976190476190476,
        "description": "Agreement analysis between 'Correctness' and 'original correctness'."
    },
    "Naive": {
        "agreement_count": "17",
        "agreement_percentage": 45.94594594594595,
        "mcc": -0.08209183818726824,
        "accuracy": 0.4594594594594595,
        "precision": 0.15789473684210525,
        "recall": 0.42857142857142855,
        "f1_score": 0.23076923076923078,
        "balanced_accuracy": 0.4476190476190476,
        "description": "Agreement analysis between 'naive correctness' and 'original correctness'."
    },
    "Complex tree": {
        "agreement_count": "8",
        "agreement_percentage": 21.62162162162162,
        "mcc": -0.10932267489210505,
        "accuracy": 0.21621621621621623,
        "precision": 0.17647058823529413,
        "recall": 0.8571428571428571,
        "f1_score": 0.29268292682926833,
        "balanced_accuracy": 0.4619047619047619,
        "description": "Agreement analysis between 'annotated correctness' and 'original correctness'."
    },
    "Simple tree": {
        "agreement_count": "7",
        "agreement_percentage": 18.91891891891892,
        "mcc": -0.27628748855997143,
        "accuracy": 0.1891891891891892,
        "precision": 0.15151515151515152,
        "recall": 0.7142857142857143,
        "f1_score": 0.25,
        "balanced_accuracy": 0.3904761904761905,
        "description": "Agreement analysis between 'annotated correctness simple' and 'original correctness'."
    },
    "Naive No FSL": {
        "agreement_count": "22",
        "agreement_percentage": 59.45945945945946,
        "mcc": 0.22015538422949213,
        "accuracy": 0.5945945945945946,
        "precision": 0.2777777777777778,
        "recall": 0.7142857142857143,
        "f1_score": 0.4,
        "balanced_accuracy": 0.6404761904761904,
        "description": "Agreement analysis between 'naive no fsl correctness' and 'original correctness'."
    },
    "Function summary no FSL": {
        "agreement_count": "31",
        "agreement_percentage": 83.78378378378379,
        "mcc": 0.362131360580098,
        "accuracy": 0.8378378378378378,
        "precision": 0.6666666666666666,
        "recall": 0.2857142857142857,
        "f1_score": 0.4,
        "balanced_accuracy": 0.6261904761904762,
        "description": "Agreement analysis between 'Correctness no fsl' and 'original correctness'."
    },
    "Simple verify": {
        "agreement_count": "18",
        "agreement_percentage": 48.64864864864865,
        "mcc": -0.05597170785495562,
        "accuracy": 0.4864864864864865,
        "precision": 0.16666666666666666,
        "recall": 0.42857142857142855,
        "f1_score": 0.24,
        "balanced_accuracy": 0.4642857142857143,
        "description": "Agreement analysis between 'simple verify' and 'original correctness'."
    },
    "Complex verify": {
        "agreement_count": "18",
        "agreement_percentage": 48.64864864864865,
        "mcc": -0.05597170785495562,
        "accuracy": 0.4864864864864865,
        "precision": 0.16666666666666666,
        "recall": 0.42857142857142855,
        "f1_score": 0.24,
        "balanced_accuracy": 0.4642857142857143,
        "description": "Agreement analysis between 'complex verify' and 'original correctness'."
    },
    "Default verify": {
        "agreement_count": "22",
        "agreement_percentage": 59.45945945945946,
        "mcc": 0.04999260519111537,
        "accuracy": 0.5945945945945946,
        "precision": 0.21428571428571427,
        "recall": 0.42857142857142855,
        "f1_score": 0.2857142857142857,
        "balanced_accuracy": 0.530952380952381,
        "description": "Agreement analysis between 'default verify' and 'original correctness'."
    },
    "Simple verify no FSL": {
        "agreement_count": "21",
        "agreement_percentage": 56.75675675675676,
        "mcc": 0.1940352538971795,
        "accuracy": 0.5675675675675675,
        "precision": 0.2631578947368421,
        "recall": 0.7142857142857143,
        "f1_score": 0.3846153846153846,
        "balanced_accuracy": 0.6238095238095238,
        "description": "Agreement analysis between 'simple verify no fsl' and 'original correctness'."
    },
    "Complex verify no FSL": {
        "agreement_count": "22",
        "agreement_percentage": 59.45945945945946,
        "mcc": 0.22015538422949213,
        "accuracy": 0.5945945945945946,
        "precision": 0.2777777777777778,
        "recall": 0.7142857142857143,
        "f1_score": 0.4,
        "balanced_accuracy": 0.6404761904761904,
        "description": "Agreement analysis between 'complex verify no fsl' and 'original correctness'."
    },
    "Default verify no FSL": {
        "agreement_count": "21",
        "agreement_percentage": 56.75675675675676,
        "mcc": 0.1940352538971795,
        "accuracy": 0.5675675675675675,
        "precision": 0.2631578947368421,
        "recall": 0.7142857142857143,
        "f1_score": 0.3846153846153846,
        "balanced_accuracy": 0.6238095238095238,
        "description": "Agreement analysis between 'default verify no fsl' and 'original correctness'."
    },
    "naive_correctness_vs_correctness_diff": {
        "description": "Analysis of cases where 'naive correctness' and 'Correctness' differ.",
        "count": 15,
        "original_agreement_count": "3",
        "original_agreement_percentage": 20.0
    },
    "naive_correctness_vs_correctness_same": {
        "description": "Analysis of cases where 'naive correctness' and 'Correctness' are the same.",
        "count": 22,
        "original_agreement_count": "14",
        "original_disagreement_count": "8"
    }
}