{
    "total_valid_rows": {
        "value": 96,
        "description": "Total number of valid rows after preprocessing and removing invalid entries."
    },
    "Function summary": {
        "agreement_count": "63",
        "agreement_percentage": 65.625,
        "mcc": 0.03108349360801046,
        "accuracy": 0.65625,
        "precision": 0.3125,
        "recall": 0.18518518518518517,
        "f1_score": 0.2325581395348837,
        "balanced_accuracy": 0.5128824476650563,
        "description": "Agreement analysis between 'Correctness' and 'original correctness'."
    },
    "Naive": {
        "agreement_count": "35",
        "agreement_percentage": 36.45833333333333,
        "mcc": -0.3011874869713302,
        "accuracy": 0.3645833333333333,
        "precision": 0.14583333333333334,
        "recall": 0.25925925925925924,
        "f1_score": 0.18666666666666668,
        "balanced_accuracy": 0.33252818035426734,
        "description": "Agreement analysis between 'naive correctness' and 'original correctness'."
    },
    "Complex tree": {
        "agreement_count": "38",
        "agreement_percentage": 39.58333333333333,
        "mcc": 0.0016497405471464993,
        "accuracy": 0.3958333333333333,
        "precision": 0.28169014084507044,
        "recall": 0.7407407407407407,
        "f1_score": 0.4081632653061224,
        "balanced_accuracy": 0.500805152979066,
        "description": "Agreement analysis between 'annotated correctness' and 'original correctness'."
    },
    "Simple tree": {
        "agreement_count": "48",
        "agreement_percentage": 50.0,
        "mcc": 0.0928721811677373,
        "accuracy": 0.5,
        "precision": 0.3157894736842105,
        "recall": 0.6666666666666666,
        "f1_score": 0.42857142857142855,
        "balanced_accuracy": 0.5507246376811594,
        "description": "Agreement analysis between 'annotated correctness simple' and 'original correctness'."
    },
    "Naive No FSL": {
        "agreement_count": "58",
        "agreement_percentage": 60.416666666666664,
        "mcc": 0.042573777992264535,
        "accuracy": 0.6041666666666666,
        "precision": 0.3103448275862069,
        "recall": 0.3333333333333333,
        "f1_score": 0.32142857142857145,
        "balanced_accuracy": 0.5217391304347826,
        "description": "Agreement analysis between 'naive no fsl correctness' and 'original correctness'."
    },
    "Function summary no FSL": {
        "agreement_count": "68",
        "agreement_percentage": 70.83333333333334,
        "mcc": 0.11674325665813949,
        "accuracy": 0.7083333333333334,
        "precision": 0.4444444444444444,
        "recall": 0.14814814814814814,
        "f1_score": 0.2222222222222222,
        "balanced_accuracy": 0.537842190016103,
        "description": "Agreement analysis between 'Correctness no fsl' and 'original correctness'."
    },
    "Simple verify": {
        "agreement_count": "44",
        "agreement_percentage": 45.83333333333333,
        "mcc": -0.10283150855177528,
        "accuracy": 0.4583333333333333,
        "precision": 0.23404255319148937,
        "recall": 0.4074074074074074,
        "f1_score": 0.29729729729729726,
        "balanced_accuracy": 0.44283413848631237,
        "description": "Agreement analysis between 'simple verify' and 'original correctness'."
    },
    "Complex verify": {
        "agreement_count": "43",
        "agreement_percentage": 44.79166666666667,
        "mcc": -0.09565217391304348,
        "accuracy": 0.4479166666666667,
        "precision": 0.24,
        "recall": 0.4444444444444444,
        "f1_score": 0.3116883116883117,
        "balanced_accuracy": 0.4468599033816425,
        "description": "Agreement analysis between 'complex verify' and 'original correctness'."
    },
    "Default verify": {
        "agreement_count": "49",
        "agreement_percentage": 51.041666666666664,
        "mcc": -0.07994711421664623,
        "accuracy": 0.5104166666666666,
        "precision": 0.23684210526315788,
        "recall": 0.3333333333333333,
        "f1_score": 0.2769230769230769,
        "balanced_accuracy": 0.4565217391304348,
        "description": "Agreement analysis between 'default verify' and 'original correctness'."
    },
    "Simple verify no FSL": {
        "agreement_count": "52",
        "agreement_percentage": 54.166666666666664,
        "mcc": -0.062498765536091246,
        "accuracy": 0.5416666666666666,
        "precision": 0.24242424242424243,
        "recall": 0.2962962962962963,
        "f1_score": 0.26666666666666666,
        "balanced_accuracy": 0.46698872785829304,
        "description": "Agreement analysis between 'simple verify no fsl' and 'original correctness'."
    },
    "Complex verify no FSL": {
        "agreement_count": "57",
        "agreement_percentage": 59.375,
        "mcc": 0.02811607785577666,
        "accuracy": 0.59375,
        "precision": 0.3,
        "recall": 0.3333333333333333,
        "f1_score": 0.3157894736842105,
        "balanced_accuracy": 0.5144927536231884,
        "description": "Agreement analysis between 'complex verify no fsl' and 'original correctness'."
    },
    "Default verify no FSL": {
        "agreement_count": "54",
        "agreement_percentage": 56.25,
        "mcc": -0.05834184391532547,
        "accuracy": 0.5625,
        "precision": 0.2413793103448276,
        "recall": 0.25925925925925924,
        "f1_score": 0.25,
        "balanced_accuracy": 0.47020933977455714,
        "description": "Agreement analysis between 'default verify no fsl' and 'original correctness'."
    },
    "naive_correctness_vs_correctness_diff": {
        "description": "Analysis of cases where 'naive correctness' and 'Correctness' differ.",
        "count": 52,
        "original_agreement_count": "12",
        "original_agreement_percentage": 23.076923076923077
    },
    "naive_correctness_vs_correctness_same": {
        "description": "Analysis of cases where 'naive correctness' and 'Correctness' are the same.",
        "count": 44,
        "original_agreement_count": "23",
        "original_disagreement_count": "21"
    }
}