{
    "total_valid_rows": {
        "value": 15,
        "description": "Total number of valid rows after preprocessing and removing invalid entries."
    },
    "Function summary": {
        "agreement_count": "11",
        "agreement_percentage": 73.33333333333333,
        "mcc": 0.5345224838248488,
        "accuracy": 0.7333333333333333,
        "precision": 0.42857142857142855,
        "recall": 1.0,
        "f1_score": 0.6,
        "balanced_accuracy": 0.8333333333333333,
        "description": "Agreement analysis between 'Correctness' and 'original correctness'."
    },
    "Naive": {
        "agreement_count": "5",
        "agreement_percentage": 33.33333333333333,
        "mcc": 0.19611613513818402,
        "accuracy": 0.3333333333333333,
        "precision": 0.23076923076923078,
        "recall": 1.0,
        "f1_score": 0.375,
        "balanced_accuracy": 0.5833333333333334,
        "description": "Agreement analysis between 'naive correctness' and 'original correctness'."
    },
    "Complex tree": {
        "agreement_count": "4",
        "agreement_percentage": 26.666666666666668,
        "mcc": 0.1336306209562122,
        "accuracy": 0.26666666666666666,
        "precision": 0.21428571428571427,
        "recall": 1.0,
        "f1_score": 0.35294117647058826,
        "balanced_accuracy": 0.5416666666666666,
        "description": "Agreement analysis between 'annotated correctness' and 'original correctness'."
    },
    "Simple tree": {
        "agreement_count": "2",
        "agreement_percentage": 13.333333333333334,
        "mcc": -0.5345224838248488,
        "accuracy": 0.13333333333333333,
        "precision": 0.14285714285714285,
        "recall": 0.6666666666666666,
        "f1_score": 0.23529411764705882,
        "balanced_accuracy": 0.3333333333333333,
        "description": "Agreement analysis between 'annotated correctness simple' and 'original correctness'."
    },
    "Naive No FSL": {
        "agreement_count": "10",
        "agreement_percentage": 66.66666666666666,
        "mcc": 0.46770717334674267,
        "accuracy": 0.6666666666666666,
        "precision": 0.375,
        "recall": 1.0,
        "f1_score": 0.5454545454545454,
        "balanced_accuracy": 0.7916666666666667,
        "description": "Agreement analysis between 'naive no fsl correctness' and 'original correctness'."
    },
    "Function summary no FSL": {
        "agreement_count": "14",
        "agreement_percentage": 93.33333333333333,
        "mcc": 0.7844645405527361,
        "accuracy": 0.9333333333333333,
        "precision": 1.0,
        "recall": 0.6666666666666666,
        "f1_score": 0.8,
        "balanced_accuracy": 0.8333333333333333,
        "description": "Agreement analysis between 'Correctness no fsl' and 'original correctness'."
    },
    "Simple verify": {
        "agreement_count": "5",
        "agreement_percentage": 33.33333333333333,
        "mcc": 0.19611613513818402,
        "accuracy": 0.3333333333333333,
        "precision": 0.23076923076923078,
        "recall": 1.0,
        "f1_score": 0.375,
        "balanced_accuracy": 0.5833333333333334,
        "description": "Agreement analysis between 'simple verify' and 'original correctness'."
    },
    "Complex verify": {
        "agreement_count": "6",
        "agreement_percentage": 40.0,
        "mcc": 0.25,
        "accuracy": 0.4,
        "precision": 0.25,
        "recall": 1.0,
        "f1_score": 0.4,
        "balanced_accuracy": 0.625,
        "description": "Agreement analysis between 'complex verify' and 'original correctness'."
    },
    "Default verify": {
        "agreement_count": "8",
        "agreement_percentage": 53.333333333333336,
        "mcc": 0.35355339059327373,
        "accuracy": 0.5333333333333333,
        "precision": 0.3,
        "recall": 1.0,
        "f1_score": 0.4615384615384615,
        "balanced_accuracy": 0.7083333333333334,
        "description": "Agreement analysis between 'default verify' and 'original correctness'."
    },
    "Simple verify no FSL": {
        "agreement_count": "9",
        "agreement_percentage": 60.0,
        "mcc": 0.408248290463863,
        "accuracy": 0.6,
        "precision": 0.3333333333333333,
        "recall": 1.0,
        "f1_score": 0.5,
        "balanced_accuracy": 0.75,
        "description": "Agreement analysis between 'simple verify no fsl' and 'original correctness'."
    },
    "Complex verify no FSL": {
        "agreement_count": "10",
        "agreement_percentage": 66.66666666666666,
        "mcc": 0.46770717334674267,
        "accuracy": 0.6666666666666666,
        "precision": 0.375,
        "recall": 1.0,
        "f1_score": 0.5454545454545454,
        "balanced_accuracy": 0.7916666666666667,
        "description": "Agreement analysis between 'complex verify no fsl' and 'original correctness'."
    },
    "Default verify no FSL": {
        "agreement_count": "9",
        "agreement_percentage": 60.0,
        "mcc": 0.408248290463863,
        "accuracy": 0.6,
        "precision": 0.3333333333333333,
        "recall": 1.0,
        "f1_score": 0.5,
        "balanced_accuracy": 0.75,
        "description": "Agreement analysis between 'default verify no fsl' and 'original correctness'."
    },
    "naive_correctness_vs_correctness_diff": {
        "description": "Analysis of cases where 'naive correctness' and 'Correctness' differ.",
        "count": 8,
        "original_agreement_count": "1",
        "original_agreement_percentage": 12.5
    },
    "naive_correctness_vs_correctness_same": {
        "description": "Analysis of cases where 'naive correctness' and 'Correctness' are the same.",
        "count": 7,
        "original_agreement_count": "4",
        "original_disagreement_count": "3"
    }
}