{
    "total_valid_rows": {
        "value": 65,
        "description": "Total number of valid rows after preprocessing and removing invalid entries."
    },
    "Function summary": {
        "agreement_count": "40",
        "agreement_percentage": 61.53846153846154,
        "mcc": 0.07978827269507967,
        "accuracy": 0.6153846153846154,
        "precision": 0.45454545454545453,
        "recall": 0.20833333333333334,
        "f1_score": 0.28571428571428575,
        "balanced_accuracy": 0.5309959349593496,
        "description": "Agreement analysis between 'Correctness' and 'original correctness'."
    },
    "Naive": {
        "agreement_count": "24",
        "agreement_percentage": 36.92307692307693,
        "mcc": -0.3019073095325799,
        "accuracy": 0.36923076923076925,
        "precision": 0.20689655172413793,
        "recall": 0.25,
        "f1_score": 0.22641509433962265,
        "balanced_accuracy": 0.3445121951219512,
        "description": "Agreement analysis between 'naive correctness' and 'original correctness'."
    },
    "Complex tree": {
        "agreement_count": "27",
        "agreement_percentage": 41.53846153846154,
        "mcc": -0.052451175933879726,
        "accuracy": 0.4153846153846154,
        "precision": 0.3541666666666667,
        "recall": 0.7083333333333334,
        "f1_score": 0.47222222222222227,
        "balanced_accuracy": 0.4761178861788618,
        "description": "Agreement analysis between 'annotated correctness' and 'original correctness'."
    },
    "Simple tree": {
        "agreement_count": "33",
        "agreement_percentage": 50.76923076923077,
        "mcc": 0.09949141826511697,
        "accuracy": 0.5076923076923077,
        "precision": 0.40476190476190477,
        "recall": 0.7083333333333334,
        "f1_score": 0.5151515151515152,
        "balanced_accuracy": 0.5492886178861789,
        "description": "Agreement analysis between 'annotated correctness simple' and 'original correctness'."
    },
    "Naive No FSL": {
        "agreement_count": "39",
        "agreement_percentage": 60.0,
        "mcc": 0.06442391375933712,
        "accuracy": 0.6,
        "precision": 0.42857142857142855,
        "recall": 0.25,
        "f1_score": 0.3157894736842105,
        "balanced_accuracy": 0.5274390243902439,
        "description": "Agreement analysis between 'naive no fsl correctness' and 'original correctness'."
    },
    "Function summary no FSL": {
        "agreement_count": "42",
        "agreement_percentage": 64.61538461538461,
        "mcc": 0.14555504448836615,
        "accuracy": 0.6461538461538462,
        "precision": 0.5714285714285714,
        "recall": 0.16666666666666666,
        "f1_score": 0.25806451612903225,
        "balanced_accuracy": 0.5467479674796748,
        "description": "Agreement analysis between 'Correctness no fsl' and 'original correctness'."
    },
    "Simple verify": {
        "agreement_count": "31",
        "agreement_percentage": 47.69230769230769,
        "mcc": -0.06886615587844479,
        "accuracy": 0.47692307692307695,
        "precision": 0.3333333333333333,
        "recall": 0.4166666666666667,
        "f1_score": 0.3703703703703704,
        "balanced_accuracy": 0.46443089430894313,
        "description": "Agreement analysis between 'simple verify' and 'original correctness'."
    },
    "Complex verify": {
        "agreement_count": "31",
        "agreement_percentage": 47.69230769230769,
        "mcc": -0.051993177698842895,
        "accuracy": 0.47692307692307695,
        "precision": 0.34375,
        "recall": 0.4583333333333333,
        "f1_score": 0.39285714285714285,
        "balanced_accuracy": 0.47306910569105687,
        "description": "Agreement analysis between 'complex verify' and 'original correctness'."
    },
    "Default verify": {
        "agreement_count": "35",
        "agreement_percentage": 53.84615384615385,
        "mcc": -0.008291762794450494,
        "accuracy": 0.5384615384615384,
        "precision": 0.36363636363636365,
        "recall": 0.3333333333333333,
        "f1_score": 0.34782608695652173,
        "balanced_accuracy": 0.49593495934959353,
        "description": "Agreement analysis between 'default verify' and 'original correctness'."
    },
    "Simple verify no FSL": {
        "agreement_count": "35",
        "agreement_percentage": 53.84615384615385,
        "mcc": -0.04603271175813615,
        "accuracy": 0.5384615384615384,
        "precision": 0.3333333333333333,
        "recall": 0.25,
        "f1_score": 0.28571428571428575,
        "balanced_accuracy": 0.47865853658536583,
        "description": "Agreement analysis between 'simple verify no fsl' and 'original correctness'."
    },
    "Complex verify no FSL": {
        "agreement_count": "36",
        "agreement_percentage": 55.38461538461539,
        "mcc": -0.020087684400209256,
        "accuracy": 0.5538461538461539,
        "precision": 0.35294117647058826,
        "recall": 0.25,
        "f1_score": 0.2926829268292683,
        "balanced_accuracy": 0.49085365853658536,
        "description": "Agreement analysis between 'complex verify no fsl' and 'original correctness'."
    },
    "Default verify no FSL": {
        "agreement_count": "36",
        "agreement_percentage": 55.38461538461539,
        "mcc": -0.0407417672532254,
        "accuracy": 0.5538461538461539,
        "precision": 0.3333333333333333,
        "recall": 0.20833333333333334,
        "f1_score": 0.25641025641025644,
        "balanced_accuracy": 0.48221544715447157,
        "description": "Agreement analysis between 'default verify no fsl' and 'original correctness'."
    },
    "naive_correctness_vs_correctness_diff": {
        "description": "Analysis of cases where 'naive correctness' and 'Correctness' differ.",
        "count": 36,
        "original_agreement_count": "10",
        "original_agreement_percentage": 27.77777777777778
    },
    "naive_correctness_vs_correctness_same": {
        "description": "Analysis of cases where 'naive correctness' and 'Correctness' are the same.",
        "count": 29,
        "original_agreement_count": "14",
        "original_disagreement_count": "15"
    }
}