{
    "total_valid_rows": {
        "value": 15,
        "description": "Total number of valid rows after preprocessing and removing invalid entries."
    },
    "Function summary": {
        "agreement_count": "9",
        "agreement_percentage": 60.0,
        "mcc": 0.0,
        "accuracy": 0.6,
        "precision": 0.8,
        "recall": 0.6666666666666666,
        "f1_score": 0.7272727272727272,
        "balanced_accuracy": 0.5,
        "description": "Agreement analysis between 'Correctness' and 'original correctness'."
    },
    "Naive": {
        "agreement_count": "7",
        "agreement_percentage": 46.666666666666664,
        "mcc": -0.35355339059327373,
        "accuracy": 0.4666666666666667,
        "precision": 0.7,
        "recall": 0.5833333333333334,
        "f1_score": 0.6363636363636365,
        "balanced_accuracy": 0.2916666666666667,
        "description": "Agreement analysis between 'naive correctness' and 'original correctness'."
    },
    "Complex tree": {
        "agreement_count": "11",
        "agreement_percentage": 73.33333333333333,
        "mcc": 0.16666666666666666,
        "accuracy": 0.7333333333333333,
        "precision": 0.8333333333333334,
        "recall": 0.8333333333333334,
        "f1_score": 0.8333333333333334,
        "balanced_accuracy": 0.5833333333333334,
        "description": "Agreement analysis between 'annotated correctness' and 'original correctness'."
    },
    "Simple tree": {
        "agreement_count": "11",
        "agreement_percentage": 73.33333333333333,
        "mcc": 0.16666666666666666,
        "accuracy": 0.7333333333333333,
        "precision": 0.8333333333333334,
        "recall": 0.8333333333333334,
        "f1_score": 0.8333333333333334,
        "balanced_accuracy": 0.5833333333333334,
        "description": "Agreement analysis between 'annotated correctness simple' and 'original correctness'."
    },
    "Naive No FSL": {
        "agreement_count": "8",
        "agreement_percentage": 53.333333333333336,
        "mcc": -0.30151134457776363,
        "accuracy": 0.5333333333333333,
        "precision": 0.7272727272727273,
        "recall": 0.6666666666666666,
        "f1_score": 0.6956521739130435,
        "balanced_accuracy": 0.3333333333333333,
        "description": "Agreement analysis between 'naive no fsl correctness' and 'original correctness'."
    },
    "Function summary no FSL": {
        "agreement_count": "8",
        "agreement_percentage": 53.333333333333336,
        "mcc": -0.06804138174397717,
        "accuracy": 0.5333333333333333,
        "precision": 0.7777777777777778,
        "recall": 0.5833333333333334,
        "f1_score": 0.6666666666666666,
        "balanced_accuracy": 0.45833333333333337,
        "description": "Agreement analysis between 'Correctness no fsl' and 'original correctness'."
    },
    "Simple verify": {
        "agreement_count": "8",
        "agreement_percentage": 53.333333333333336,
        "mcc": -0.30151134457776363,
        "accuracy": 0.5333333333333333,
        "precision": 0.7272727272727273,
        "recall": 0.6666666666666666,
        "f1_score": 0.6956521739130435,
        "balanced_accuracy": 0.3333333333333333,
        "description": "Agreement analysis between 'simple verify' and 'original correctness'."
    },
    "Complex verify": {
        "agreement_count": "7",
        "agreement_percentage": 46.666666666666664,
        "mcc": -0.35355339059327373,
        "accuracy": 0.4666666666666667,
        "precision": 0.7,
        "recall": 0.5833333333333334,
        "f1_score": 0.6363636363636365,
        "balanced_accuracy": 0.2916666666666667,
        "description": "Agreement analysis between 'complex verify' and 'original correctness'."
    },
    "Default verify": {
        "agreement_count": "6",
        "agreement_percentage": 40.0,
        "mcc": -0.2004459314343183,
        "accuracy": 0.4,
        "precision": 0.7142857142857143,
        "recall": 0.4166666666666667,
        "f1_score": 0.5263157894736842,
        "balanced_accuracy": 0.375,
        "description": "Agreement analysis between 'default verify' and 'original correctness'."
    },
    "Simple verify no FSL": {
        "agreement_count": "9",
        "agreement_percentage": 60.0,
        "mcc": -0.25,
        "accuracy": 0.6,
        "precision": 0.75,
        "recall": 0.75,
        "f1_score": 0.75,
        "balanced_accuracy": 0.375,
        "description": "Agreement analysis between 'simple verify no fsl' and 'original correctness'."
    },
    "Complex verify no FSL": {
        "agreement_count": "7",
        "agreement_percentage": 46.666666666666664,
        "mcc": -0.35355339059327373,
        "accuracy": 0.4666666666666667,
        "precision": 0.7,
        "recall": 0.5833333333333334,
        "f1_score": 0.6363636363636365,
        "balanced_accuracy": 0.2916666666666667,
        "description": "Agreement analysis between 'complex verify no fsl' and 'original correctness'."
    },
    "Default verify no FSL": {
        "agreement_count": "6",
        "agreement_percentage": 40.0,
        "mcc": -0.2004459314343183,
        "accuracy": 0.4,
        "precision": 0.7142857142857143,
        "recall": 0.4166666666666667,
        "f1_score": 0.5263157894736842,
        "balanced_accuracy": 0.375,
        "description": "Agreement analysis between 'default verify no fsl' and 'original correctness'."
    },
    "naive_correctness_vs_correctness_diff": {
        "description": "Analysis of cases where 'naive correctness' and 'Correctness' differ.",
        "count": 6,
        "original_agreement_count": "2",
        "original_agreement_percentage": 33.33333333333333
    },
    "naive_correctness_vs_correctness_same": {
        "description": "Analysis of cases where 'naive correctness' and 'Correctness' are the same.",
        "count": 9,
        "original_agreement_count": "5",
        "original_disagreement_count": "4"
    }
}