{
    "total_valid_rows": {
        "value": 104,
        "description": "Total number of valid rows after preprocessing and removing invalid entries."
    },
    "summary fsl": {
        "agreement_count": "57",
        "agreement_percentage": 54.807692307692314,
        "mcc": 0.21099392480671036,
        "accuracy": 0.5480769230769231,
        "precision": 0.875,
        "recall": 0.1320754716981132,
        "f1_score": 0.22950819672131148,
        "balanced_accuracy": 0.5562338142804292,
        "description": "Agreement analysis between 'summary fsl' and 'original correctness'."
    },
    "naive correctness fsl": {
        "agreement_count": "55",
        "agreement_percentage": 52.88461538461539,
        "mcc": 0.08822266761890755,
        "accuracy": 0.5288461538461539,
        "precision": 0.6,
        "recall": 0.22641509433962265,
        "f1_score": 0.3287671232876712,
        "balanced_accuracy": 0.5347761746207917,
        "description": "Agreement analysis between 'naive correctness fsl' and 'original correctness'."
    },
    "simple tree": {
        "agreement_count": "59",
        "agreement_percentage": 56.730769230769226,
        "mcc": 0.13343192428251005,
        "accuracy": 0.5673076923076923,
        "precision": 0.5645161290322581,
        "recall": 0.660377358490566,
        "f1_score": 0.6086956521739131,
        "balanced_accuracy": 0.5654827968923418,
        "description": "Agreement analysis between 'simple tree' and 'original correctness'."
    },
    "complex tree": {
        "agreement_count": "68",
        "agreement_percentage": 65.38461538461539,
        "mcc": 0.31287574524798806,
        "accuracy": 0.6538461538461539,
        "precision": 0.6307692307692307,
        "recall": 0.7735849056603774,
        "f1_score": 0.6949152542372882,
        "balanced_accuracy": 0.6514983351831298,
        "description": "Agreement analysis between 'complex tree' and 'original correctness'."
    },
    "vanilla": {
        "agreement_count": "61",
        "agreement_percentage": 58.65384615384615,
        "mcc": 0.18206872404242436,
        "accuracy": 0.5865384615384616,
        "precision": 0.5675675675675675,
        "recall": 0.7924528301886793,
        "f1_score": 0.6614173228346457,
        "balanced_accuracy": 0.5825009248982612,
        "description": "Agreement analysis between 'vanilla' and 'original correctness'."
    },
    "vanilla_no_cot": {
        "agreement_count": "58",
        "agreement_percentage": 55.769230769230774,
        "mcc": 0.12632417377979974,
        "accuracy": 0.5576923076923077,
        "precision": 0.5945945945945946,
        "recall": 0.41509433962264153,
        "f1_score": 0.48888888888888893,
        "balanced_accuracy": 0.560488346281909,
        "description": "Agreement analysis between 'vanilla_no_cot' and 'original correctness'."
    },
    "summary": {
        "agreement_count": "63",
        "agreement_percentage": 60.57692307692307,
        "mcc": 0.210765972008885,
        "accuracy": 0.6057692307692307,
        "precision": 0.603448275862069,
        "recall": 0.660377358490566,
        "f1_score": 0.6306306306306305,
        "balanced_accuracy": 0.6046984831668516,
        "description": "Agreement analysis between 'summary' and 'original correctness'."
    },
    "simple verify": {
        "agreement_count": "57",
        "agreement_percentage": 54.807692307692314,
        "mcc": 0.09485518966432704,
        "accuracy": 0.5480769230769231,
        "precision": 0.5441176470588235,
        "recall": 0.6981132075471698,
        "f1_score": 0.6115702479338843,
        "balanced_accuracy": 0.5451350351461339,
        "description": "Agreement analysis between 'simple verify' and 'original correctness'."
    },
    "complex verify": {
        "agreement_count": "58",
        "agreement_percentage": 55.769230769230774,
        "mcc": 0.11422447842386865,
        "accuracy": 0.5576923076923077,
        "precision": 0.5538461538461539,
        "recall": 0.6792452830188679,
        "f1_score": 0.6101694915254237,
        "balanced_accuracy": 0.5553089160192379,
        "description": "Agreement analysis between 'complex verify' and 'original correctness'."
    },
    "summary verify": {
        "agreement_count": "62",
        "agreement_percentage": 59.61538461538461,
        "mcc": 0.19508779131131151,
        "accuracy": 0.5961538461538461,
        "precision": 0.582089552238806,
        "recall": 0.7358490566037735,
        "f1_score": 0.65,
        "balanced_accuracy": 0.5934147243803182,
        "description": "Agreement analysis between 'summary verify' and 'original correctness'."
    },
    "simple verify fsl": {
        "agreement_count": "59",
        "agreement_percentage": 56.730769230769226,
        "mcc": 0.1665741511631924,
        "accuracy": 0.5673076923076923,
        "precision": 0.6538461538461539,
        "recall": 0.32075471698113206,
        "f1_score": 0.430379746835443,
        "balanced_accuracy": 0.5721420643729189,
        "description": "Agreement analysis between 'simple verify fsl' and 'original correctness'."
    },
    "complex verify fsl": {
        "agreement_count": "65",
        "agreement_percentage": 62.5,
        "mcc": 0.2918698301320318,
        "accuracy": 0.625,
        "precision": 0.75,
        "recall": 0.39622641509433965,
        "f1_score": 0.5185185185185185,
        "balanced_accuracy": 0.6294857565667777,
        "description": "Agreement analysis between 'complex verify fsl' and 'original correctness'."
    },
    "summary verify fsl": {
        "agreement_count": "63",
        "agreement_percentage": 60.57692307692307,
        "mcc": 0.23722335650145293,
        "accuracy": 0.6057692307692307,
        "precision": 0.6875,
        "recall": 0.41509433962264153,
        "f1_score": 0.5176470588235295,
        "balanced_accuracy": 0.6095079541250463,
        "description": "Agreement analysis between 'summary verify fsl' and 'original correctness'."
    }
}