{
    "total_valid_rows": {
        "value": 74,
        "description": "Total number of valid rows after preprocessing and removing invalid entries."
    },
    "vanilla": {
        "agreement_count": "47",
        "agreement_percentage": 63.51351351351351,
        "mcc": 0.2690228308925617,
        "accuracy": 0.6351351351351351,
        "precision": 0.6363636363636364,
        "recall": 0.5833333333333334,
        "f1_score": 0.6086956521739131,
        "balanced_accuracy": 0.6337719298245614,
        "description": "Agreement analysis between 'vanilla' and 'original correctness'."
    }
}