{
    "total_valid_rows": {
        "value": 60,
        "description": "Total number of valid rows after preprocessing and removing invalid entries."
    },
    "Function summary": {
        "agreement_count": "45",
        "agreement_percentage": 75.0,
        "mcc": 0.19382872151427663,
        "accuracy": 0.75,
        "precision": 0.8367346938775511,
        "recall": 0.8541666666666666,
        "f1_score": 0.845360824742268,
        "balanced_accuracy": 0.59375,
        "description": "Agreement analysis between 'Correctness' and 'original correctness'."
    },
    "Naive": {
        "agreement_count": "34",
        "agreement_percentage": 56.666666666666664,
        "mcc": -0.14547859349066158,
        "accuracy": 0.5666666666666667,
        "precision": 0.7619047619047619,
        "recall": 0.6666666666666666,
        "f1_score": 0.7111111111111111,
        "balanced_accuracy": 0.41666666666666663,
        "description": "Agreement analysis between 'naive correctness' and 'original correctness'."
    },
    "Complex tree": {
        "agreement_count": "46",
        "agreement_percentage": 76.66666666666667,
        "mcc": 0.2708333333333333,
        "accuracy": 0.7666666666666667,
        "precision": 0.8541666666666666,
        "recall": 0.8541666666666666,
        "f1_score": 0.8541666666666666,
        "balanced_accuracy": 0.6354166666666666,
        "description": "Agreement analysis between 'annotated correctness' and 'original correctness'."
    },
    "Simple tree": {
        "agreement_count": "44",
        "agreement_percentage": 73.33333333333333,
        "mcc": 0.2167303617157527,
        "accuracy": 0.7333333333333333,
        "precision": 0.8478260869565217,
        "recall": 0.8125,
        "f1_score": 0.8297872340425533,
        "balanced_accuracy": 0.6145833333333334,
        "description": "Agreement analysis between 'annotated correctness simple' and 'original correctness'."
    },
    "Naive No FSL": {
        "agreement_count": "34",
        "agreement_percentage": 56.666666666666664,
        "mcc": -0.27583864218368526,
        "accuracy": 0.5666666666666667,
        "precision": 0.7391304347826086,
        "recall": 0.7083333333333334,
        "f1_score": 0.723404255319149,
        "balanced_accuracy": 0.3541666666666667,
        "description": "Agreement analysis between 'naive no fsl correctness' and 'original correctness'."
    },
    "Function summary no FSL": {
        "agreement_count": "33",
        "agreement_percentage": 55.00000000000001,
        "mcc": -0.05141933776432957,
        "accuracy": 0.55,
        "precision": 0.7837837837837838,
        "recall": 0.6041666666666666,
        "f1_score": 0.6823529411764706,
        "balanced_accuracy": 0.46875,
        "description": "Agreement analysis between 'Correctness no fsl' and 'original correctness'."
    },
    "Simple verify": {
        "agreement_count": "35",
        "agreement_percentage": 58.333333333333336,
        "mcc": -0.1294521762546791,
        "accuracy": 0.5833333333333334,
        "precision": 0.7674418604651163,
        "recall": 0.6875,
        "f1_score": 0.7252747252747254,
        "balanced_accuracy": 0.4270833333333333,
        "description": "Agreement analysis between 'simple verify' and 'original correctness'."
    },
    "Complex verify": {
        "agreement_count": "34",
        "agreement_percentage": 56.666666666666664,
        "mcc": -0.03458572319330373,
        "accuracy": 0.5666666666666667,
        "precision": 0.7894736842105263,
        "recall": 0.625,
        "f1_score": 0.6976744186046512,
        "balanced_accuracy": 0.47916666666666663,
        "description": "Agreement analysis between 'complex verify' and 'original correctness'."
    },
    "Default verify": {
        "agreement_count": "33",
        "agreement_percentage": 55.00000000000001,
        "mcc": 0.050251890762960605,
        "accuracy": 0.55,
        "precision": 0.8181818181818182,
        "recall": 0.5625,
        "f1_score": 0.6666666666666666,
        "balanced_accuracy": 0.53125,
        "description": "Agreement analysis between 'default verify' and 'original correctness'."
    },
    "Simple verify no FSL": {
        "agreement_count": "33",
        "agreement_percentage": 55.00000000000001,
        "mcc": -0.28867513459481287,
        "accuracy": 0.55,
        "precision": 0.7333333333333333,
        "recall": 0.6875,
        "f1_score": 0.7096774193548386,
        "balanced_accuracy": 0.34375,
        "description": "Agreement analysis between 'simple verify no fsl' and 'original correctness'."
    },
    "Complex verify no FSL": {
        "agreement_count": "33",
        "agreement_percentage": 55.00000000000001,
        "mcc": -0.10482848367219182,
        "accuracy": 0.55,
        "precision": 0.7692307692307693,
        "recall": 0.625,
        "f1_score": 0.6896551724137931,
        "balanced_accuracy": 0.4375,
        "description": "Agreement analysis between 'complex verify no fsl' and 'original correctness'."
    },
    "Default verify no FSL": {
        "agreement_count": "31",
        "agreement_percentage": 51.66666666666667,
        "mcc": -0.08451542547285167,
        "accuracy": 0.5166666666666667,
        "precision": 0.7714285714285715,
        "recall": 0.5625,
        "f1_score": 0.6506024096385543,
        "balanced_accuracy": 0.44791666666666663,
        "description": "Agreement analysis between 'default verify no fsl' and 'original correctness'."
    },
    "naive_correctness_vs_correctness_diff": {
        "description": "Analysis of cases where 'naive correctness' and 'Correctness' differ.",
        "count": 23,
        "original_agreement_count": "6",
        "original_agreement_percentage": 26.08695652173913
    },
    "naive_correctness_vs_correctness_same": {
        "description": "Analysis of cases where 'naive correctness' and 'Correctness' are the same.",
        "count": 37,
        "original_agreement_count": "28",
        "original_disagreement_count": "9"
    }
}