{
    "total_valid_rows": {
        "value": 308,
        "description": "Total number of valid rows after preprocessing and removing invalid entries."
    },
    "tester": {
        "agreement_count": "170",
        "agreement_percentage": 55.1948051948052,
        "mcc": 0.17201465372429875,
        "accuracy": 0.551948051948052,
        "precision": 1.0,
        "recall": 0.0547945205479452,
        "f1_score": 0.10389610389610389,
        "balanced_accuracy": 0.5273972602739726,
        "description": "Agreement analysis between 'tester' and 'original correctness'."
    }
}