{
    "total_valid_rows": {
        "value": 130,
        "description": "Total number of valid rows after preprocessing and removing invalid entries."
    },
    "Function summary": {
        "agreement_count": "83",
        "agreement_percentage": 63.84615384615384,
        "mcc": 0.2877524092433597,
        "accuracy": 0.6384615384615384,
        "precision": 0.5588235294117647,
        "recall": 0.6909090909090909,
        "f1_score": 0.6178861788617886,
        "balanced_accuracy": 0.6454545454545455,
        "description": "Agreement analysis between 'Correctness' and 'original correctness'."
    },
    "Naive": {
        "agreement_count": "82",
        "agreement_percentage": 63.07692307692307,
        "mcc": 0.2335496832484569,
        "accuracy": 0.6307692307692307,
        "precision": 0.5714285714285714,
        "recall": 0.509090909090909,
        "f1_score": 0.5384615384615383,
        "balanced_accuracy": 0.6145454545454545,
        "description": "Agreement analysis between 'naive correctness' and 'original correctness'."
    },
    "Complex tree": {
        "agreement_count": "80",
        "agreement_percentage": 61.53846153846154,
        "mcc": 0.2805067624201043,
        "accuracy": 0.6153846153846154,
        "precision": 0.5308641975308642,
        "recall": 0.7818181818181819,
        "f1_score": 0.6323529411764706,
        "balanced_accuracy": 0.6375757575757576,
        "description": "Agreement analysis between 'annotated correctness' and 'original correctness'."
    },
    "Simple tree": {
        "agreement_count": "81",
        "agreement_percentage": 62.30769230769231,
        "mcc": 0.3080878533030927,
        "accuracy": 0.6230769230769231,
        "precision": 0.5357142857142857,
        "recall": 0.8181818181818182,
        "f1_score": 0.6474820143884892,
        "balanced_accuracy": 0.6490909090909092,
        "description": "Agreement analysis between 'annotated correctness simple' and 'original correctness'."
    },
    "Naive No FSL": {
        "agreement_count": "89",
        "agreement_percentage": 68.46153846153847,
        "mcc": 0.36277748497874507,
        "accuracy": 0.6846153846153846,
        "precision": 0.6166666666666667,
        "recall": 0.6727272727272727,
        "f1_score": 0.6434782608695652,
        "balanced_accuracy": 0.6830303030303031,
        "description": "Agreement analysis between 'naive no fsl correctness' and 'original correctness'."
    },
    "naive_correctness_vs_correctness_diff": {
        "description": "Analysis of cases where 'naive correctness' and 'Correctness' differ.",
        "count": 53,
        "original_agreement_count": "26",
        "original_agreement_percentage": 49.056603773584904
    },
    "naive_correctness_vs_correctness_same": {
        "description": "Analysis of cases where 'naive correctness' and 'Correctness' are the same.",
        "count": 77,
        "original_agreement_count": "56",
        "original_disagreement_count": "21"
    }
}