{
    "total_valid_rows": {
        "value": 68,
        "description": "Total number of valid rows after preprocessing and removing invalid entries."
    },
    "summary fsl": {
        "agreement_count": "35",
        "agreement_percentage": 51.470588235294116,
        "mcc": 0.20254787341673333,
        "accuracy": 0.5147058823529411,
        "precision": 1.0,
        "recall": 0.08333333333333333,
        "f1_score": 0.15384615384615385,
        "balanced_accuracy": 0.5416666666666666,
        "description": "Agreement analysis between 'summary fsl' and 'original correctness'."
    },
    "naive correctness fsl": {
        "agreement_count": "29",
        "agreement_percentage": 42.64705882352941,
        "mcc": -0.1534291029830539,
        "accuracy": 0.4264705882352941,
        "precision": 0.3333333333333333,
        "recall": 0.08333333333333333,
        "f1_score": 0.13333333333333333,
        "balanced_accuracy": 0.4479166666666667,
        "description": "Agreement analysis between 'naive correctness fsl' and 'original correctness'."
    },
    "simple tree": {
        "agreement_count": "42",
        "agreement_percentage": 61.76470588235294,
        "mcc": 0.23570226039551584,
        "accuracy": 0.6176470588235294,
        "precision": 0.6,
        "recall": 0.8333333333333334,
        "f1_score": 0.6976744186046512,
        "balanced_accuracy": 0.6041666666666667,
        "description": "Agreement analysis between 'simple tree' and 'original correctness'."
    },
    "complex tree": {
        "agreement_count": "44",
        "agreement_percentage": 64.70588235294117,
        "mcc": 0.29266486444563816,
        "accuracy": 0.6470588235294118,
        "precision": 0.6304347826086957,
        "recall": 0.8055555555555556,
        "f1_score": 0.7073170731707318,
        "balanced_accuracy": 0.6371527777777778,
        "description": "Agreement analysis between 'complex tree' and 'original correctness'."
    },
    "vanilla": {
        "agreement_count": "38",
        "agreement_percentage": 55.88235294117647,
        "mcc": 0.10213764617139019,
        "accuracy": 0.5588235294117647,
        "precision": 0.56,
        "recall": 0.7777777777777778,
        "f1_score": 0.6511627906976745,
        "balanced_accuracy": 0.5451388888888888,
        "description": "Agreement analysis between 'vanilla' and 'original correctness'."
    },
    "vanilla_no_cot": {
        "agreement_count": "29",
        "agreement_percentage": 42.64705882352941,
        "mcc": -0.13793171220826775,
        "accuracy": 0.4264705882352941,
        "precision": 0.4,
        "recall": 0.16666666666666666,
        "f1_score": 0.23529411764705882,
        "balanced_accuracy": 0.4427083333333333,
        "description": "Agreement analysis between 'vanilla_no_cot' and 'original correctness'."
    },
    "summary": {
        "agreement_count": "40",
        "agreement_percentage": 58.82352941176471,
        "mcc": 0.17103201255244233,
        "accuracy": 0.5882352941176471,
        "precision": 0.6052631578947368,
        "recall": 0.6388888888888888,
        "f1_score": 0.6216216216216216,
        "balanced_accuracy": 0.5850694444444444,
        "description": "Agreement analysis between 'summary' and 'original correctness'."
    },
    "simple verify": {
        "agreement_count": "28",
        "agreement_percentage": 41.17647058823529,
        "mcc": -0.21116325662533386,
        "accuracy": 0.4117647058823529,
        "precision": 0.45652173913043476,
        "recall": 0.5833333333333334,
        "f1_score": 0.5121951219512195,
        "balanced_accuracy": 0.4010416666666667,
        "description": "Agreement analysis between 'simple verify' and 'original correctness'."
    },
    "complex verify": {
        "agreement_count": "36",
        "agreement_percentage": 52.94117647058824,
        "mcc": 0.04351941398892446,
        "accuracy": 0.5294117647058824,
        "precision": 0.5454545454545454,
        "recall": 0.6666666666666666,
        "f1_score": 0.6,
        "balanced_accuracy": 0.5208333333333333,
        "description": "Agreement analysis between 'complex verify' and 'original correctness'."
    },
    "summary verify": {
        "agreement_count": "34",
        "agreement_percentage": 50.0,
        "mcc": 0.0,
        "accuracy": 0.5,
        "precision": 0.5294117647058824,
        "recall": 0.5,
        "f1_score": 0.5142857142857143,
        "balanced_accuracy": 0.5,
        "description": "Agreement analysis between 'summary verify' and 'original correctness'."
    },
    "simple verify fsl": {
        "agreement_count": "31",
        "agreement_percentage": 45.588235294117645,
        "mcc": -0.07127361329600441,
        "accuracy": 0.45588235294117646,
        "precision": 0.47619047619047616,
        "recall": 0.2777777777777778,
        "f1_score": 0.3508771929824561,
        "balanced_accuracy": 0.4670138888888889,
        "description": "Agreement analysis between 'simple verify fsl' and 'original correctness'."
    },
    "complex verify fsl": {
        "agreement_count": "26",
        "agreement_percentage": 38.23529411764706,
        "mcc": -0.23202136116538288,
        "accuracy": 0.38235294117647056,
        "precision": 0.35,
        "recall": 0.19444444444444445,
        "f1_score": 0.25,
        "balanced_accuracy": 0.3940972222222222,
        "description": "Agreement analysis between 'complex verify fsl' and 'original correctness'."
    },
    "summary verify fsl": {
        "agreement_count": "33",
        "agreement_percentage": 48.529411764705884,
        "mcc": -0.024358474310896928,
        "accuracy": 0.4852941176470588,
        "precision": 0.5161290322580645,
        "recall": 0.4444444444444444,
        "f1_score": 0.4776119402985074,
        "balanced_accuracy": 0.4878472222222222,
        "description": "Agreement analysis between 'summary verify fsl' and 'original correctness'."
    }
}