{
    "total_valid_rows": {
        "value": 250,
        "description": "Total number of valid rows after preprocessing and removing invalid entries."
    },
    "Function summary": {
        "agreement_count": "179",
        "agreement_percentage": 71.6,
        "mcc": 0.19167145115705003,
        "accuracy": 0.716,
        "precision": 0.755868544600939,
        "recall": 0.8944444444444445,
        "f1_score": 0.8193384223918576,
        "balanced_accuracy": 0.5757936507936507,
        "description": "Agreement analysis between 'Correctness' and 'original correctness'."
    },
    "Naive": {
        "agreement_count": "188",
        "agreement_percentage": 75.2,
        "mcc": 0.33889703183198805,
        "accuracy": 0.752,
        "precision": 0.797979797979798,
        "recall": 0.8777777777777778,
        "f1_score": 0.835978835978836,
        "balanced_accuracy": 0.6531746031746032,
        "description": "Agreement analysis between 'naive correctness' and 'original correctness'."
    },
    "Complex tree": {
        "agreement_count": "176",
        "agreement_percentage": 70.39999999999999,
        "mcc": 0.04184643567240767,
        "accuracy": 0.704,
        "precision": 0.7245762711864406,
        "recall": 0.95,
        "f1_score": 0.8221153846153846,
        "balanced_accuracy": 0.5107142857142857,
        "description": "Agreement analysis between 'annotated correctness' and 'original correctness'."
    },
    "Simple tree": {
        "agreement_count": "173",
        "agreement_percentage": 69.19999999999999,
        "mcc": -0.025679635850579755,
        "accuracy": 0.692,
        "precision": 0.7172995780590717,
        "recall": 0.9444444444444444,
        "f1_score": 0.815347721822542,
        "balanced_accuracy": 0.4936507936507936,
        "description": "Agreement analysis between 'annotated correctness simple' and 'original correctness'."
    },
    "Naive No FSL": {
        "agreement_count": "174",
        "agreement_percentage": 69.6,
        "mcc": 0.16369700370432247,
        "accuracy": 0.696,
        "precision": 0.7549019607843137,
        "recall": 0.8555555555555555,
        "f1_score": 0.8020833333333333,
        "balanced_accuracy": 0.5706349206349206,
        "description": "Agreement analysis between 'naive no fsl correctness' and 'original correctness'."
    },
    "naive_correctness_vs_correctness_diff": {
        "description": "Analysis of cases where 'naive correctness' and 'Correctness' differ.",
        "count": 53,
        "original_agreement_count": "31",
        "original_agreement_percentage": 58.490566037735846
    },
    "naive_correctness_vs_correctness_same": {
        "description": "Analysis of cases where 'naive correctness' and 'Correctness' are the same.",
        "count": 197,
        "original_agreement_count": "157",
        "original_disagreement_count": "40"
    }
}