{
    "total_valid_rows": {
        "value": 33,
        "description": "Total number of valid rows after preprocessing and removing invalid entries."
    },
    "Function summary": {
        "agreement_count": "14",
        "agreement_percentage": 42.42424242424242,
        "mcc": -0.013363062095621218,
        "accuracy": 0.42424242424242425,
        "precision": 0.75,
        "recall": 0.36,
        "f1_score": 0.48648648648648657,
        "balanced_accuracy": 0.4925,
        "description": "Agreement analysis between 'Correctness' and 'original correctness'."
    },
    "Naive": {
        "agreement_count": "18",
        "agreement_percentage": 54.54545454545454,
        "mcc": 0.2806243040080456,
        "accuracy": 0.5454545454545454,
        "precision": 0.9166666666666666,
        "recall": 0.44,
        "f1_score": 0.5945945945945945,
        "balanced_accuracy": 0.6575,
        "description": "Agreement analysis between 'naive correctness' and 'original correctness'."
    },
    "Complex tree": {
        "agreement_count": "16",
        "agreement_percentage": 48.484848484848484,
        "mcc": -0.0903696114115064,
        "accuracy": 0.48484848484848486,
        "precision": 0.7222222222222222,
        "recall": 0.52,
        "f1_score": 0.6046511627906976,
        "balanced_accuracy": 0.4475,
        "description": "Agreement analysis between 'annotated correctness' and 'original correctness'."
    },
    "Simple tree": {
        "agreement_count": "15",
        "agreement_percentage": 45.45454545454545,
        "mcc": -0.2806243040080456,
        "accuracy": 0.45454545454545453,
        "precision": 0.6666666666666666,
        "recall": 0.56,
        "f1_score": 0.6086956521739131,
        "balanced_accuracy": 0.3425,
        "description": "Agreement analysis between 'annotated correctness simple' and 'original correctness'."
    },
    "Naive No FSL": {
        "agreement_count": "13",
        "agreement_percentage": 39.39393939393939,
        "mcc": -0.12278812270298409,
        "accuracy": 0.3939393939393939,
        "precision": 0.6923076923076923,
        "recall": 0.36,
        "f1_score": 0.47368421052631576,
        "balanced_accuracy": 0.43,
        "description": "Agreement analysis between 'naive no fsl correctness' and 'original correctness'."
    },
    "Function summary no FSL": {
        "agreement_count": "11",
        "agreement_percentage": 33.33333333333333,
        "mcc": -0.052414241836095915,
        "accuracy": 0.3333333333333333,
        "precision": 0.7142857142857143,
        "recall": 0.2,
        "f1_score": 0.3125,
        "balanced_accuracy": 0.475,
        "description": "Agreement analysis between 'Correctness no fsl' and 'original correctness'."
    },
    "Simple verify": {
        "agreement_count": "19",
        "agreement_percentage": 57.57575757575758,
        "mcc": 0.086710996952412,
        "accuracy": 0.5757575757575758,
        "precision": 0.7894736842105263,
        "recall": 0.6,
        "f1_score": 0.6818181818181819,
        "balanced_accuracy": 0.55,
        "description": "Agreement analysis between 'simple verify' and 'original correctness'."
    },
    "Complex verify": {
        "agreement_count": "20",
        "agreement_percentage": 60.60606060606061,
        "mcc": 0.19364916731037085,
        "accuracy": 0.6060606060606061,
        "precision": 0.8333333333333334,
        "recall": 0.6,
        "f1_score": 0.6976744186046512,
        "balanced_accuracy": 0.6125,
        "description": "Agreement analysis between 'complex verify' and 'original correctness'."
    },
    "Default verify": {
        "agreement_count": "20",
        "agreement_percentage": 60.60606060606061,
        "mcc": 0.19364916731037085,
        "accuracy": 0.6060606060606061,
        "precision": 0.8333333333333334,
        "recall": 0.6,
        "f1_score": 0.6976744186046512,
        "balanced_accuracy": 0.6125,
        "description": "Agreement analysis between 'default verify' and 'original correctness'."
    },
    "Simple verify no FSL": {
        "agreement_count": "20",
        "agreement_percentage": 60.60606060606061,
        "mcc": -0.1205527562230206,
        "accuracy": 0.6060606060606061,
        "precision": 0.7307692307692307,
        "recall": 0.76,
        "f1_score": 0.7450980392156863,
        "balanced_accuracy": 0.4425,
        "description": "Agreement analysis between 'simple verify no fsl' and 'original correctness'."
    },
    "Complex verify no FSL": {
        "agreement_count": "19",
        "agreement_percentage": 57.57575757575758,
        "mcc": -0.155,
        "accuracy": 0.5757575757575758,
        "precision": 0.72,
        "recall": 0.72,
        "f1_score": 0.72,
        "balanced_accuracy": 0.4225,
        "description": "Agreement analysis between 'complex verify no fsl' and 'original correctness'."
    },
    "Default verify no FSL": {
        "agreement_count": "19",
        "agreement_percentage": 57.57575757575758,
        "mcc": 0.23237900077244503,
        "accuracy": 0.5757575757575758,
        "precision": 0.8666666666666667,
        "recall": 0.52,
        "f1_score": 0.65,
        "balanced_accuracy": 0.635,
        "description": "Agreement analysis between 'default verify no fsl' and 'original correctness'."
    },
    "naive_correctness_vs_correctness_diff": {
        "description": "Analysis of cases where 'naive correctness' and 'Correctness' differ.",
        "count": 10,
        "original_agreement_count": "7",
        "original_agreement_percentage": 70.0
    },
    "naive_correctness_vs_correctness_same": {
        "description": "Analysis of cases where 'naive correctness' and 'Correctness' are the same.",
        "count": 23,
        "original_agreement_count": "11",
        "original_disagreement_count": "12"
    }
}