{
    "tester": {
        "Agreement Count": 1001,
        "Balanced Accuracy": 0.5180592628715158,
        "True Positive Rate (TPR)": 0.05475206611570248,
        "False Negative Rate (FNR) / Miss Rate": 0.9452479338842975,
        "False Positive Rate (FPR)": 0.018633540372670808,
        "MCC": 0.09603303521616013
    }
}