{
    "total_valid_rows": {
        "value": 1934,
        "description": "Total number of valid rows after preprocessing and removing invalid entries."
    },
    "tester": {
        "agreement_count": "1001",
        "agreement_percentage": 51.75801447776629,
        "mcc": 0.09603303521616013,
        "accuracy": 0.5175801447776629,
        "precision": 0.7464788732394366,
        "recall": 0.05475206611570248,
        "f1_score": 0.10202117420596728,
        "balanced_accuracy": 0.5180592628715158,
        "description": "Agreement analysis between 'tester' and 'original correctness'."
    }
}