{
    "total_valid_rows": {
        "value": 98,
        "description": "Total number of valid rows after preprocessing and removing invalid entries."
    },
    "vanilla": {
        "agreement_count": "52",
        "agreement_percentage": 53.06122448979592,
        "mcc": 0.058138773284825404,
        "accuracy": 0.5306122448979592,
        "precision": 0.5333333333333333,
        "recall": 0.64,
        "f1_score": 0.5818181818181818,
        "balanced_accuracy": 0.5283333333333333,
        "description": "Agreement analysis between 'vanilla' and 'original correctness'."
    }
}