{
    "total_valid_rows": {
        "value": 92,
        "description": "Total number of valid rows after preprocessing and removing invalid entries."
    },
    "vanilla": {
        "agreement_count": "61",
        "agreement_percentage": 66.30434782608695,
        "mcc": 0.3024249308989917,
        "accuracy": 0.6630434782608695,
        "precision": 0.7090909090909091,
        "recall": 0.7222222222222222,
        "f1_score": 0.7155963302752293,
        "balanced_accuracy": 0.6505847953216375,
        "description": "Agreement analysis between 'vanilla' and 'original correctness'."
    }
}