{
    "total_valid_rows": {
        "value": 90,
        "description": "Total number of valid rows after preprocessing and removing invalid entries."
    },
    "vanilla": {
        "agreement_count": "50",
        "agreement_percentage": 55.55555555555556,
        "mcc": 0.13159231029990198,
        "accuracy": 0.5555555555555556,
        "precision": 0.5254237288135594,
        "recall": 0.7209302325581395,
        "f1_score": 0.607843137254902,
        "balanced_accuracy": 0.5625927758535378,
        "description": "Agreement analysis between 'vanilla' and 'original correctness'."
    }
}