{
    "total_valid_rows": {
        "value": 1701,
        "description": "Total number of valid rows after preprocessing and removing invalid entries."
    },
    "summary fsl": {
        "agreement_count": "889",
        "agreement_percentage": 52.2633744855967,
        "mcc": 0.1056386279935936,
        "accuracy": 0.522633744855967,
        "precision": 0.7128712871287128,
        "recall": 0.08421052631578947,
        "f1_score": 0.15062761506276148,
        "balanced_accuracy": 0.5249657832524574,
        "description": "Agreement analysis between 'summary fsl' and 'original correctness'."
    },
    "naive correctness fsl": {
        "agreement_count": "928",
        "agreement_percentage": 54.55614344503233,
        "mcc": 0.15188716533065624,
        "accuracy": 0.5455614344503233,
        "precision": 0.7180851063829787,
        "recall": 0.15789473684210525,
        "f1_score": 0.25886864813039306,
        "balanced_accuracy": 0.5476234913524947,
        "description": "Agreement analysis between 'naive correctness fsl' and 'original correctness'."
    },
    "simple tree": {
        "agreement_count": "1040",
        "agreement_percentage": 61.140505584950034,
        "mcc": 0.2228079210211868,
        "accuracy": 0.6114050558495003,
        "precision": 0.6089887640449438,
        "recall": 0.6339181286549708,
        "f1_score": 0.6212034383954155,
        "balanced_accuracy": 0.6112853054622371,
        "description": "Agreement analysis between 'simple tree' and 'original correctness'."
    },
    "complex tree": {
        "agreement_count": "1055",
        "agreement_percentage": 62.02233980011758,
        "mcc": 0.24041505713487857,
        "accuracy": 0.6202233980011758,
        "precision": 0.6186152099886493,
        "recall": 0.6374269005847953,
        "f1_score": 0.6278801843317973,
        "balanced_accuracy": 0.6201318900087097,
        "description": "Agreement analysis between 'complex tree' and 'original correctness'."
    },
    "summary": {
        "agreement_count": "1055",
        "agreement_percentage": 62.02233980011758,
        "mcc": 0.24088093988006679,
        "accuracy": 0.6202233980011758,
        "precision": 0.6282208588957056,
        "recall": 0.5988304093567252,
        "f1_score": 0.6131736526946108,
        "balanced_accuracy": 0.6203371904939654,
        "description": "Agreement analysis between 'summary' and 'original correctness'."
    },
    "simple verify": {
        "agreement_count": "1031",
        "agreement_percentage": 60.6114050558495,
        "mcc": 0.21217780443773177,
        "accuracy": 0.606114050558495,
        "precision": 0.604994324631101,
        "recall": 0.623391812865497,
        "f1_score": 0.6140552995391705,
        "balanced_accuracy": 0.6060221475675003,
        "description": "Agreement analysis between 'simple verify' and 'original correctness'."
    },
    "complex verify": {
        "agreement_count": "1044",
        "agreement_percentage": 61.37566137566137,
        "mcc": 0.22748453922579706,
        "accuracy": 0.6137566137566137,
        "precision": 0.6119909502262444,
        "recall": 0.632748538011696,
        "f1_score": 0.6221966647498562,
        "balanced_accuracy": 0.6136555928829166,
        "description": "Agreement analysis between 'complex verify' and 'original correctness'."
    },
    "summary verify": {
        "agreement_count": "1016",
        "agreement_percentage": 59.72957084068196,
        "mcc": 0.19490925527946784,
        "accuracy": 0.5972957084068196,
        "precision": 0.6036585365853658,
        "recall": 0.5789473684210527,
        "f1_score": 0.591044776119403,
        "balanced_accuracy": 0.5973933059599352,
        "description": "Agreement analysis between 'summary verify' and 'original correctness'."
    },
    "simple verify fsl": {
        "agreement_count": "961",
        "agreement_percentage": 56.496178718400934,
        "mcc": 0.15362546257841447,
        "accuracy": 0.5649617871840094,
        "precision": 0.6365795724465558,
        "recall": 0.3134502923976608,
        "f1_score": 0.42006269592476486,
        "balanced_accuracy": 0.5662996142839368,
        "description": "Agreement analysis between 'simple verify fsl' and 'original correctness'."
    },
    "complex verify fsl": {
        "agreement_count": "982",
        "agreement_percentage": 57.73074661963551,
        "mcc": 0.17945786886661735,
        "accuracy": 0.5773074661963551,
        "precision": 0.6545454545454545,
        "recall": 0.3368421052631579,
        "f1_score": 0.4447876447876448,
        "balanced_accuracy": 0.5785865372651486,
        "description": "Agreement analysis between 'complex verify fsl' and 'original correctness'."
    },
    "summary verify fsl": {
        "agreement_count": "966",
        "agreement_percentage": 56.79012345679012,
        "mcc": 0.15976898150690433,
        "accuracy": 0.5679012345679012,
        "precision": 0.6408450704225352,
        "recall": 0.3192982456140351,
        "f1_score": 0.4262295081967213,
        "balanced_accuracy": 0.5692235908921239,
        "description": "Agreement analysis between 'summary verify fsl' and 'original correctness'."
    }
}