{
    "total_valid_rows": {
        "value": 97,
        "description": "Total number of valid rows after preprocessing and removing invalid entries."
    },
    "summary fsl": {
        "agreement_count": "55",
        "agreement_percentage": 56.70103092783505,
        "mcc": 0.14001375981376357,
        "accuracy": 0.5670103092783505,
        "precision": 0.7142857142857143,
        "recall": 0.1111111111111111,
        "f1_score": 0.19230769230769232,
        "balanced_accuracy": 0.5363247863247863,
        "description": "Agreement analysis between 'summary fsl' and 'original correctness'."
    },
    "naive correctness fsl": {
        "agreement_count": "58",
        "agreement_percentage": 59.79381443298969,
        "mcc": 0.22848097588527447,
        "accuracy": 0.5979381443298969,
        "precision": 0.8,
        "recall": 0.17777777777777778,
        "f1_score": 0.2909090909090909,
        "balanced_accuracy": 0.5696581196581196,
        "description": "Agreement analysis between 'naive correctness fsl' and 'original correctness'."
    },
    "simple tree": {
        "agreement_count": "55",
        "agreement_percentage": 56.70103092783505,
        "mcc": 0.13512405658958346,
        "accuracy": 0.5670103092783505,
        "precision": 0.5306122448979592,
        "recall": 0.5777777777777777,
        "f1_score": 0.5531914893617021,
        "balanced_accuracy": 0.5677350427350427,
        "description": "Agreement analysis between 'simple tree' and 'original correctness'."
    },
    "complex tree": {
        "agreement_count": "61",
        "agreement_percentage": 62.88659793814433,
        "mcc": 0.2518251288530171,
        "accuracy": 0.6288659793814433,
        "precision": 0.6046511627906976,
        "recall": 0.5777777777777777,
        "f1_score": 0.5909090909090908,
        "balanced_accuracy": 0.6254273504273504,
        "description": "Agreement analysis between 'complex tree' and 'original correctness'."
    },
    "summary": {
        "agreement_count": "61",
        "agreement_percentage": 62.88659793814433,
        "mcc": 0.2502269734127285,
        "accuracy": 0.6288659793814433,
        "precision": 0.6097560975609756,
        "recall": 0.5555555555555556,
        "f1_score": 0.5813953488372093,
        "balanced_accuracy": 0.6239316239316239,
        "description": "Agreement analysis between 'summary' and 'original correctness'."
    },
    "simple verify": {
        "agreement_count": "56",
        "agreement_percentage": 57.73195876288659,
        "mcc": 0.14897282113924154,
        "accuracy": 0.5773195876288659,
        "precision": 0.5454545454545454,
        "recall": 0.5333333333333333,
        "f1_score": 0.5393258426966293,
        "balanced_accuracy": 0.5743589743589743,
        "description": "Agreement analysis between 'simple verify' and 'original correctness'."
    },
    "complex verify": {
        "agreement_count": "56",
        "agreement_percentage": 57.73195876288659,
        "mcc": 0.14897282113924154,
        "accuracy": 0.5773195876288659,
        "precision": 0.5454545454545454,
        "recall": 0.5333333333333333,
        "f1_score": 0.5393258426966293,
        "balanced_accuracy": 0.5743589743589743,
        "description": "Agreement analysis between 'complex verify' and 'original correctness'."
    },
    "summary verify": {
        "agreement_count": "63",
        "agreement_percentage": 64.94845360824742,
        "mcc": 0.2934384806396315,
        "accuracy": 0.6494845360824743,
        "precision": 0.627906976744186,
        "recall": 0.6,
        "f1_score": 0.6136363636363636,
        "balanced_accuracy": 0.6461538461538461,
        "description": "Agreement analysis between 'summary verify' and 'original correctness'."
    },
    "simple verify fsl": {
        "agreement_count": "62",
        "agreement_percentage": 63.91752577319587,
        "mcc": 0.2741934430357213,
        "accuracy": 0.6391752577319587,
        "precision": 0.6785714285714286,
        "recall": 0.4222222222222222,
        "f1_score": 0.5205479452054794,
        "balanced_accuracy": 0.6245726495726496,
        "description": "Agreement analysis between 'simple verify fsl' and 'original correctness'."
    },
    "complex verify fsl": {
        "agreement_count": "62",
        "agreement_percentage": 63.91752577319587,
        "mcc": 0.2771396769381421,
        "accuracy": 0.6391752577319587,
        "precision": 0.6923076923076923,
        "recall": 0.4,
        "f1_score": 0.5070422535211268,
        "balanced_accuracy": 0.6230769230769231,
        "description": "Agreement analysis between 'complex verify fsl' and 'original correctness'."
    },
    "summary verify fsl": {
        "agreement_count": "63",
        "agreement_percentage": 64.94845360824742,
        "mcc": 0.29862132144094816,
        "accuracy": 0.6494845360824743,
        "precision": 0.7037037037037037,
        "recall": 0.4222222222222222,
        "f1_score": 0.5277777777777777,
        "balanced_accuracy": 0.6341880341880342,
        "description": "Agreement analysis between 'summary verify fsl' and 'original correctness'."
    }
}