{
    "total_valid_rows": {
        "value": 80,
        "description": "Total number of valid rows after preprocessing and removing invalid entries."
    },
    "Function summary": {
        "agreement_count": "50",
        "agreement_percentage": 62.5,
        "mcc": 0.21955590146050097,
        "accuracy": 0.625,
        "precision": 0.5483870967741935,
        "recall": 0.5151515151515151,
        "f1_score": 0.53125,
        "balanced_accuracy": 0.6086395873629916,
        "description": "Agreement analysis between 'Correctness' and 'original correctness'."
    },
    "Naive": {
        "agreement_count": "49",
        "agreement_percentage": 61.25000000000001,
        "mcc": 0.17754638680069465,
        "accuracy": 0.6125,
        "precision": 0.5384615384615384,
        "recall": 0.42424242424242425,
        "f1_score": 0.47457627118644075,
        "balanced_accuracy": 0.584461637653127,
        "description": "Agreement analysis between 'naive correctness' and 'original correctness'."
    },
    "Complex tree": {
        "agreement_count": "53",
        "agreement_percentage": 66.25,
        "mcc": 0.37318224814267376,
        "accuracy": 0.6625,
        "precision": 0.5625,
        "recall": 0.8181818181818182,
        "f1_score": 0.6666666666666666,
        "balanced_accuracy": 0.6856866537717602,
        "description": "Agreement analysis between 'annotated correctness' and 'original correctness'."
    },
    "Simple tree": {
        "agreement_count": "50",
        "agreement_percentage": 62.5,
        "mcc": 0.3639654111024838,
        "accuracy": 0.625,
        "precision": 0.5263157894736842,
        "recall": 0.9090909090909091,
        "f1_score": 0.6666666666666666,
        "balanced_accuracy": 0.6673114119922631,
        "description": "Agreement analysis between 'annotated correctness simple' and 'original correctness'."
    },
    "Naive No FSL": {
        "agreement_count": "55",
        "agreement_percentage": 68.75,
        "mcc": 0.33899778652803364,
        "accuracy": 0.6875,
        "precision": 0.7222222222222222,
        "recall": 0.3939393939393939,
        "f1_score": 0.5098039215686274,
        "balanced_accuracy": 0.6437782076079948,
        "description": "Agreement analysis between 'naive no fsl correctness' and 'original correctness'."
    },
    "naive_correctness_vs_correctness_diff": {
        "description": "Analysis of cases where 'naive correctness' and 'Correctness' differ.",
        "count": 25,
        "original_agreement_count": "12",
        "original_agreement_percentage": 48.0
    },
    "naive_correctness_vs_correctness_same": {
        "description": "Analysis of cases where 'naive correctness' and 'Correctness' are the same.",
        "count": 55,
        "original_agreement_count": "37",
        "original_disagreement_count": "18"
    }
}