{
    "total_valid_rows": {
        "value": 149,
        "description": "Total number of valid rows after preprocessing and removing invalid entries."
    },
    "Function summary": {
        "agreement_count": "101",
        "agreement_percentage": 67.78523489932886,
        "mcc": 0.2455318145191493,
        "accuracy": 0.6778523489932886,
        "precision": 0.46808510638297873,
        "recall": 0.4888888888888889,
        "f1_score": 0.47826086956521735,
        "balanced_accuracy": 0.6242521367521368,
        "description": "Agreement analysis between 'Correctness' and 'original correctness'."
    },
    "Naive": {
        "agreement_count": "110",
        "agreement_percentage": 73.8255033557047,
        "mcc": 0.3323045466562188,
        "accuracy": 0.738255033557047,
        "precision": 0.59375,
        "recall": 0.4222222222222222,
        "f1_score": 0.49350649350649345,
        "balanced_accuracy": 0.6486111111111111,
        "description": "Agreement analysis between 'naive correctness' and 'original correctness'."
    },
    "Complex tree": {
        "agreement_count": "109",
        "agreement_percentage": 73.15436241610739,
        "mcc": 0.4238667110267814,
        "accuracy": 0.7315436241610739,
        "precision": 0.5423728813559322,
        "recall": 0.7111111111111111,
        "f1_score": 0.6153846153846154,
        "balanced_accuracy": 0.7257478632478633,
        "description": "Agreement analysis between 'annotated correctness' and 'original correctness'."
    },
    "Simple tree": {
        "agreement_count": "102",
        "agreement_percentage": 68.45637583892618,
        "mcc": 0.4107504761981755,
        "accuracy": 0.6845637583892618,
        "precision": 0.4868421052631579,
        "recall": 0.8222222222222222,
        "f1_score": 0.6115702479338843,
        "balanced_accuracy": 0.7236111111111111,
        "description": "Agreement analysis between 'annotated correctness simple' and 'original correctness'."
    },
    "Naive No FSL": {
        "agreement_count": "117",
        "agreement_percentage": 78.52348993288591,
        "mcc": 0.44789400898701764,
        "accuracy": 0.785234899328859,
        "precision": 0.76,
        "recall": 0.4222222222222222,
        "f1_score": 0.5428571428571428,
        "balanced_accuracy": 0.6822649572649573,
        "description": "Agreement analysis between 'naive no fsl correctness' and 'original correctness'."
    },
    "naive_correctness_vs_correctness_diff": {
        "description": "Analysis of cases where 'naive correctness' and 'Correctness' differ.",
        "count": 41,
        "original_agreement_count": "25",
        "original_agreement_percentage": 60.97560975609756
    },
    "naive_correctness_vs_correctness_same": {
        "description": "Analysis of cases where 'naive correctness' and 'Correctness' are the same.",
        "count": 108,
        "original_agreement_count": "85",
        "original_disagreement_count": "23"
    }
}