{
    "total_valid_rows": {
        "value": 27,
        "description": "Total number of valid rows after preprocessing and removing invalid entries."
    },
    "Function summary": {
        "agreement_count": "16",
        "agreement_percentage": 59.25925925925925,
        "mcc": 0.29880715233359845,
        "accuracy": 0.5925925925925926,
        "precision": 0.9166666666666666,
        "recall": 0.5238095238095238,
        "f1_score": 0.6666666666666667,
        "balanced_accuracy": 0.6785714285714286,
        "description": "Agreement analysis between 'Correctness' and 'original correctness'."
    },
    "Naive": {
        "agreement_count": "15",
        "agreement_percentage": 55.55555555555556,
        "mcc": 0.05976143046671969,
        "accuracy": 0.5555555555555556,
        "precision": 0.8,
        "recall": 0.5714285714285714,
        "f1_score": 0.6666666666666666,
        "balanced_accuracy": 0.5357142857142857,
        "description": "Agreement analysis between 'naive correctness' and 'original correctness'."
    },
    "Complex tree": {
        "agreement_count": "14",
        "agreement_percentage": 51.85185185185185,
        "mcc": 0.01981072129375818,
        "accuracy": 0.5185185185185185,
        "precision": 0.7857142857142857,
        "recall": 0.5238095238095238,
        "f1_score": 0.6285714285714286,
        "balanced_accuracy": 0.5119047619047619,
        "description": "Agreement analysis between 'annotated correctness' and 'original correctness'."
    },
    "Simple tree": {
        "agreement_count": "16",
        "agreement_percentage": 59.25925925925925,
        "mcc": 0.10072787050317253,
        "accuracy": 0.5925925925925926,
        "precision": 0.8125,
        "recall": 0.6190476190476191,
        "f1_score": 0.7027027027027026,
        "balanced_accuracy": 0.5595238095238095,
        "description": "Agreement analysis between 'annotated correctness simple' and 'original correctness'."
    },
    "Naive No FSL": {
        "agreement_count": "18",
        "agreement_percentage": 66.66666666666666,
        "mcc": 0.2820380374088831,
        "accuracy": 0.6666666666666666,
        "precision": 0.875,
        "recall": 0.6666666666666666,
        "f1_score": 0.7567567567567567,
        "balanced_accuracy": 0.6666666666666666,
        "description": "Agreement analysis between 'naive no fsl correctness' and 'original correctness'."
    },
    "naive_correctness_vs_correctness_diff": {
        "description": "Analysis of cases where 'naive correctness' and 'Correctness' differ.",
        "count": 11,
        "original_agreement_count": "5",
        "original_agreement_percentage": 45.45454545454545
    },
    "naive_correctness_vs_correctness_same": {
        "description": "Analysis of cases where 'naive correctness' and 'Correctness' are the same.",
        "count": 16,
        "original_agreement_count": "10",
        "original_disagreement_count": "6"
    }
}