{
    "total_valid_rows": {
        "value": 316,
        "description": "Total number of valid rows after preprocessing and removing invalid entries."
    },
    "tester": {
        "agreement_count": "177",
        "agreement_percentage": 56.0126582278481,
        "mcc": 0.19138345394018708,
        "accuracy": 0.560126582278481,
        "precision": 1.0,
        "recall": 0.06711409395973154,
        "f1_score": 0.12578616352201258,
        "balanced_accuracy": 0.5335570469798657,
        "description": "Agreement analysis between 'tester' and 'original correctness'."
    }
}