{
    "total_valid_rows": {
        "value": 16,
        "description": "Total number of valid rows after preprocessing and removing invalid entries."
    },
    "summary fsl": {
        "agreement_count": "12",
        "agreement_percentage": 75.0,
        "mcc": 0.41818181818181815,
        "accuracy": 0.75,
        "precision": 0.8181818181818182,
        "recall": 0.8181818181818182,
        "f1_score": 0.8181818181818182,
        "balanced_accuracy": 0.7090909090909091,
        "description": "Agreement analysis between 'summary fsl' and 'original correctness'."
    },
    "naive correctness fsl": {
        "agreement_count": "7",
        "agreement_percentage": 43.75,
        "mcc": 0.0778498944161523,
        "accuracy": 0.4375,
        "precision": 0.75,
        "recall": 0.2727272727272727,
        "f1_score": 0.39999999999999997,
        "balanced_accuracy": 0.5363636363636364,
        "description": "Agreement analysis between 'naive correctness fsl' and 'original correctness'."
    },
    "simple tree": {
        "agreement_count": "7",
        "agreement_percentage": 43.75,
        "mcc": -0.13483997249264842,
        "accuracy": 0.4375,
        "precision": 0.625,
        "recall": 0.45454545454545453,
        "f1_score": 0.5263157894736842,
        "balanced_accuracy": 0.42727272727272725,
        "description": "Agreement analysis between 'simple tree' and 'original correctness'."
    },
    "complex tree": {
        "agreement_count": "10",
        "agreement_percentage": 62.5,
        "mcc": 0.021591675854376522,
        "accuracy": 0.625,
        "precision": 0.6923076923076923,
        "recall": 0.8181818181818182,
        "f1_score": 0.7500000000000001,
        "balanced_accuracy": 0.5090909090909091,
        "description": "Agreement analysis between 'complex tree' and 'original correctness'."
    },
    "vanilla": {
        "agreement_count": "7",
        "agreement_percentage": 43.75,
        "mcc": -0.13483997249264842,
        "accuracy": 0.4375,
        "precision": 0.625,
        "recall": 0.45454545454545453,
        "f1_score": 0.5263157894736842,
        "balanced_accuracy": 0.42727272727272725,
        "description": "Agreement analysis between 'vanilla' and 'original correctness'."
    },
    "vanilla_no_cot": {
        "agreement_count": "7",
        "agreement_percentage": 43.75,
        "mcc": 0.0778498944161523,
        "accuracy": 0.4375,
        "precision": 0.75,
        "recall": 0.2727272727272727,
        "f1_score": 0.39999999999999997,
        "balanced_accuracy": 0.5363636363636364,
        "description": "Agreement analysis between 'vanilla_no_cot' and 'original correctness'."
    },
    "summary": {
        "agreement_count": "14",
        "agreement_percentage": 87.5,
        "mcc": 0.7090909090909091,
        "accuracy": 0.875,
        "precision": 0.9090909090909091,
        "recall": 0.9090909090909091,
        "f1_score": 0.9090909090909091,
        "balanced_accuracy": 0.8545454545454545,
        "description": "Agreement analysis between 'summary' and 'original correctness'."
    },
    "simple verify": {
        "agreement_count": "8",
        "agreement_percentage": 50.0,
        "mcc": -0.050964719143762556,
        "accuracy": 0.5,
        "precision": 0.6666666666666666,
        "recall": 0.5454545454545454,
        "f1_score": 0.6,
        "balanced_accuracy": 0.4727272727272727,
        "description": "Agreement analysis between 'simple verify' and 'original correctness'."
    },
    "complex verify": {
        "agreement_count": "8",
        "agreement_percentage": 50.0,
        "mcc": -0.050964719143762556,
        "accuracy": 0.5,
        "precision": 0.6666666666666666,
        "recall": 0.5454545454545454,
        "f1_score": 0.6,
        "balanced_accuracy": 0.4727272727272727,
        "description": "Agreement analysis between 'complex verify' and 'original correctness'."
    },
    "summary verify": {
        "agreement_count": "8",
        "agreement_percentage": 50.0,
        "mcc": -0.050964719143762556,
        "accuracy": 0.5,
        "precision": 0.6666666666666666,
        "recall": 0.5454545454545454,
        "f1_score": 0.6,
        "balanced_accuracy": 0.4727272727272727,
        "description": "Agreement analysis between 'summary verify' and 'original correctness'."
    },
    "simple verify fsl": {
        "agreement_count": "9",
        "agreement_percentage": 56.25,
        "mcc": 0.13483997249264842,
        "accuracy": 0.5625,
        "precision": 0.75,
        "recall": 0.5454545454545454,
        "f1_score": 0.631578947368421,
        "balanced_accuracy": 0.5727272727272728,
        "description": "Agreement analysis between 'simple verify fsl' and 'original correctness'."
    },
    "complex verify fsl": {
        "agreement_count": "8",
        "agreement_percentage": 50.0,
        "mcc": 0.050964719143762556,
        "accuracy": 0.5,
        "precision": 0.7142857142857143,
        "recall": 0.45454545454545453,
        "f1_score": 0.5555555555555556,
        "balanced_accuracy": 0.5272727272727272,
        "description": "Agreement analysis between 'complex verify fsl' and 'original correctness'."
    },
    "summary verify fsl": {
        "agreement_count": "8",
        "agreement_percentage": 50.0,
        "mcc": 0.16363636363636364,
        "accuracy": 0.5,
        "precision": 0.8,
        "recall": 0.36363636363636365,
        "f1_score": 0.5000000000000001,
        "balanced_accuracy": 0.5818181818181818,
        "description": "Agreement analysis between 'summary verify fsl' and 'original correctness'."
    }
}