{
    "total_valid_rows": {
        "value": 7,
        "description": "Total number of valid rows after preprocessing and removing invalid entries."
    },
    "summary fsl": {
        "agreement_count": "6",
        "agreement_percentage": 85.71428571428571,
        "mcc": 0.7302967433402214,
        "accuracy": 0.8571428571428571,
        "precision": 0.8,
        "recall": 1.0,
        "f1_score": 0.888888888888889,
        "balanced_accuracy": 0.8333333333333333,
        "description": "Agreement analysis between 'summary fsl' and 'original correctness'."
    },
    "naive correctness fsl": {
        "agreement_count": "4",
        "agreement_percentage": 57.14285714285714,
        "mcc": 0.3535533905932738,
        "accuracy": 0.5714285714285714,
        "precision": 1.0,
        "recall": 0.25,
        "f1_score": 0.4,
        "balanced_accuracy": 0.625,
        "description": "Agreement analysis between 'naive correctness fsl' and 'original correctness'."
    },
    "simple tree": {
        "agreement_count": "4",
        "agreement_percentage": 57.14285714285714,
        "mcc": 0.09128709291752768,
        "accuracy": 0.5714285714285714,
        "precision": 0.6,
        "recall": 0.75,
        "f1_score": 0.6666666666666665,
        "balanced_accuracy": 0.5416666666666666,
        "description": "Agreement analysis between 'simple tree' and 'original correctness'."
    },
    "complex tree": {
        "agreement_count": "4",
        "agreement_percentage": 57.14285714285714,
        "mcc": 0,
        "accuracy": 0.5714285714285714,
        "precision": 0.5714285714285714,
        "recall": 1.0,
        "f1_score": 0.7272727272727273,
        "balanced_accuracy": 0.5,
        "description": "Agreement analysis between 'complex tree' and 'original correctness'."
    },
    "vanilla": {
        "agreement_count": "3",
        "agreement_percentage": 42.857142857142854,
        "mcc": -0.16666666666666666,
        "accuracy": 0.42857142857142855,
        "precision": 0.5,
        "recall": 0.5,
        "f1_score": 0.5,
        "balanced_accuracy": 0.41666666666666663,
        "description": "Agreement analysis between 'vanilla' and 'original correctness'."
    },
    "vanilla_no_cot": {
        "agreement_count": "3",
        "agreement_percentage": 42.857142857142854,
        "mcc": -0.09128709291752768,
        "accuracy": 0.42857142857142855,
        "precision": 0.5,
        "recall": 0.25,
        "f1_score": 0.3333333333333333,
        "balanced_accuracy": 0.4583333333333333,
        "description": "Agreement analysis between 'vanilla_no_cot' and 'original correctness'."
    },
    "summary": {
        "agreement_count": "7",
        "agreement_percentage": 100.0,
        "mcc": 1.0,
        "accuracy": 1.0,
        "precision": 1.0,
        "recall": 1.0,
        "f1_score": 1.0,
        "balanced_accuracy": 1.0,
        "description": "Agreement analysis between 'summary' and 'original correctness'."
    },
    "simple verify": {
        "agreement_count": "3",
        "agreement_percentage": 42.857142857142854,
        "mcc": -0.16666666666666666,
        "accuracy": 0.42857142857142855,
        "precision": 0.5,
        "recall": 0.5,
        "f1_score": 0.5,
        "balanced_accuracy": 0.41666666666666663,
        "description": "Agreement analysis between 'simple verify' and 'original correctness'."
    },
    "complex verify": {
        "agreement_count": "4",
        "agreement_percentage": 57.14285714285714,
        "mcc": 0.09128709291752768,
        "accuracy": 0.5714285714285714,
        "precision": 0.6,
        "recall": 0.75,
        "f1_score": 0.6666666666666665,
        "balanced_accuracy": 0.5416666666666666,
        "description": "Agreement analysis between 'complex verify' and 'original correctness'."
    },
    "summary verify": {
        "agreement_count": "4",
        "agreement_percentage": 57.14285714285714,
        "mcc": 0.09128709291752768,
        "accuracy": 0.5714285714285714,
        "precision": 0.6,
        "recall": 0.75,
        "f1_score": 0.6666666666666665,
        "balanced_accuracy": 0.5416666666666666,
        "description": "Agreement analysis between 'summary verify' and 'original correctness'."
    },
    "simple verify fsl": {
        "agreement_count": "4",
        "agreement_percentage": 57.14285714285714,
        "mcc": 0.16666666666666666,
        "accuracy": 0.5714285714285714,
        "precision": 0.6666666666666666,
        "recall": 0.5,
        "f1_score": 0.5714285714285715,
        "balanced_accuracy": 0.5833333333333333,
        "description": "Agreement analysis between 'simple verify fsl' and 'original correctness'."
    },
    "complex verify fsl": {
        "agreement_count": "3",
        "agreement_percentage": 42.857142857142854,
        "mcc": -0.09128709291752768,
        "accuracy": 0.42857142857142855,
        "precision": 0.5,
        "recall": 0.25,
        "f1_score": 0.3333333333333333,
        "balanced_accuracy": 0.4583333333333333,
        "description": "Agreement analysis between 'complex verify fsl' and 'original correctness'."
    },
    "summary verify fsl": {
        "agreement_count": "4",
        "agreement_percentage": 57.14285714285714,
        "mcc": 0.3535533905932738,
        "accuracy": 0.5714285714285714,
        "precision": 1.0,
        "recall": 0.25,
        "f1_score": 0.4,
        "balanced_accuracy": 0.625,
        "description": "Agreement analysis between 'summary verify fsl' and 'original correctness'."
    }
}