{
    "total_valid_rows": {
        "value": 22,
        "description": "Total number of valid rows after preprocessing and removing invalid entries."
    },
    "summary fsl": {
        "agreement_count": "7",
        "agreement_percentage": 31.818181818181817,
        "mcc": 0.1336306209562122,
        "accuracy": 0.3181818181818182,
        "precision": 1.0,
        "recall": 0.0625,
        "f1_score": 0.11764705882352941,
        "balanced_accuracy": 0.53125,
        "description": "Agreement analysis between 'summary fsl' and 'original correctness'."
    },
    "naive correctness fsl": {
        "agreement_count": "11",
        "agreement_percentage": 50.0,
        "mcc": 0.33210558207753577,
        "accuracy": 0.5,
        "precision": 1.0,
        "recall": 0.3125,
        "f1_score": 0.47619047619047616,
        "balanced_accuracy": 0.65625,
        "description": "Agreement analysis between 'naive correctness fsl' and 'original correctness'."
    },
    "simple tree": {
        "agreement_count": "16",
        "agreement_percentage": 72.72727272727273,
        "mcc": 0,
        "accuracy": 0.7272727272727273,
        "precision": 0.7272727272727273,
        "recall": 1.0,
        "f1_score": 0.8421052631578948,
        "balanced_accuracy": 0.5,
        "description": "Agreement analysis between 'simple tree' and 'original correctness'."
    },
    "complex tree": {
        "agreement_count": "15",
        "agreement_percentage": 68.18181818181817,
        "mcc": -0.1336306209562122,
        "accuracy": 0.6818181818181818,
        "precision": 0.7142857142857143,
        "recall": 0.9375,
        "f1_score": 0.8108108108108109,
        "balanced_accuracy": 0.46875,
        "description": "Agreement analysis between 'complex tree' and 'original correctness'."
    },
    "vanilla": {
        "agreement_count": "16",
        "agreement_percentage": 72.72727272727273,
        "mcc": 0,
        "accuracy": 0.7272727272727273,
        "precision": 0.7272727272727273,
        "recall": 1.0,
        "f1_score": 0.8421052631578948,
        "balanced_accuracy": 0.5,
        "description": "Agreement analysis between 'vanilla' and 'original correctness'."
    },
    "vanilla_no_cot": {
        "agreement_count": "16",
        "agreement_percentage": 72.72727272727273,
        "mcc": 0,
        "accuracy": 0.7272727272727273,
        "precision": 0.7272727272727273,
        "recall": 1.0,
        "f1_score": 0.8421052631578948,
        "balanced_accuracy": 0.5,
        "description": "Agreement analysis between 'vanilla_no_cot' and 'original correctness'."
    },
    "summary": {
        "agreement_count": "15",
        "agreement_percentage": 68.18181818181817,
        "mcc": 0.05407380704358752,
        "accuracy": 0.6818181818181818,
        "precision": 0.7368421052631579,
        "recall": 0.875,
        "f1_score": 0.7999999999999999,
        "balanced_accuracy": 0.5208333333333334,
        "description": "Agreement analysis between 'summary' and 'original correctness'."
    },
    "simple verify": {
        "agreement_count": "16",
        "agreement_percentage": 72.72727272727273,
        "mcc": 0.1613743060919757,
        "accuracy": 0.7272727272727273,
        "precision": 0.75,
        "recall": 0.9375,
        "f1_score": 0.8333333333333334,
        "balanced_accuracy": 0.5520833333333334,
        "description": "Agreement analysis between 'simple verify' and 'original correctness'."
    },
    "complex verify": {
        "agreement_count": "16",
        "agreement_percentage": 72.72727272727273,
        "mcc": 0,
        "accuracy": 0.7272727272727273,
        "precision": 0.7272727272727273,
        "recall": 1.0,
        "f1_score": 0.8421052631578948,
        "balanced_accuracy": 0.5,
        "description": "Agreement analysis between 'complex verify' and 'original correctness'."
    },
    "summary verify": {
        "agreement_count": "16",
        "agreement_percentage": 72.72727272727273,
        "mcc": 0.1613743060919757,
        "accuracy": 0.7272727272727273,
        "precision": 0.75,
        "recall": 0.9375,
        "f1_score": 0.8333333333333334,
        "balanced_accuracy": 0.5520833333333334,
        "description": "Agreement analysis between 'summary verify' and 'original correctness'."
    },
    "simple verify fsl": {
        "agreement_count": "12",
        "agreement_percentage": 54.54545454545454,
        "mcc": 0.25074294368839933,
        "accuracy": 0.5454545454545454,
        "precision": 0.875,
        "recall": 0.4375,
        "f1_score": 0.5833333333333334,
        "balanced_accuracy": 0.6354166666666667,
        "description": "Agreement analysis between 'simple verify fsl' and 'original correctness'."
    },
    "complex verify fsl": {
        "agreement_count": "12",
        "agreement_percentage": 54.54545454545454,
        "mcc": 0.14907119849998599,
        "accuracy": 0.5454545454545454,
        "precision": 0.8,
        "recall": 0.5,
        "f1_score": 0.6153846153846154,
        "balanced_accuracy": 0.5833333333333333,
        "description": "Agreement analysis between 'complex verify fsl' and 'original correctness'."
    },
    "summary verify fsl": {
        "agreement_count": "12",
        "agreement_percentage": 54.54545454545454,
        "mcc": 0.25074294368839933,
        "accuracy": 0.5454545454545454,
        "precision": 0.875,
        "recall": 0.4375,
        "f1_score": 0.5833333333333334,
        "balanced_accuracy": 0.6354166666666667,
        "description": "Agreement analysis between 'summary verify fsl' and 'original correctness'."
    }
}