{
    "total_valid_rows": {
        "value": 42,
        "description": "Total number of valid rows after preprocessing and removing invalid entries."
    },
    "Function summary": {
        "agreement_count": "22",
        "agreement_percentage": 52.38095238095239,
        "mcc": 0.023124864503144014,
        "accuracy": 0.5238095238095238,
        "precision": 0.8181818181818182,
        "recall": 0.5294117647058824,
        "f1_score": 0.6428571428571428,
        "balanced_accuracy": 0.5147058823529411,
        "description": "Agreement analysis between 'Correctness' and 'original correctness'."
    },
    "Naive": {
        "agreement_count": "19",
        "agreement_percentage": 45.23809523809524,
        "mcc": 0.029411764705882353,
        "accuracy": 0.4523809523809524,
        "precision": 0.8235294117647058,
        "recall": 0.4117647058823529,
        "f1_score": 0.5490196078431372,
        "balanced_accuracy": 0.5183823529411764,
        "description": "Agreement analysis between 'naive correctness' and 'original correctness'."
    },
    "Complex tree": {
        "agreement_count": "15",
        "agreement_percentage": 35.714285714285715,
        "mcc": -0.36380343755449945,
        "accuracy": 0.35714285714285715,
        "precision": 0.6666666666666666,
        "recall": 0.4117647058823529,
        "f1_score": 0.509090909090909,
        "balanced_accuracy": 0.26838235294117646,
        "description": "Agreement analysis between 'annotated correctness' and 'original correctness'."
    },
    "Simple tree": {
        "agreement_count": "16",
        "agreement_percentage": 38.095238095238095,
        "mcc": -0.42008402520840293,
        "accuracy": 0.38095238095238093,
        "precision": 0.6666666666666666,
        "recall": 0.47058823529411764,
        "f1_score": 0.5517241379310345,
        "balanced_accuracy": 0.23529411764705882,
        "description": "Agreement analysis between 'annotated correctness simple' and 'original correctness'."
    },
    "Naive No FSL": {
        "agreement_count": "14",
        "agreement_percentage": 33.33333333333333,
        "mcc": -0.2437713907541782,
        "accuracy": 0.3333333333333333,
        "precision": 0.6875,
        "recall": 0.3235294117647059,
        "f1_score": 0.44000000000000006,
        "balanced_accuracy": 0.3492647058823529,
        "description": "Agreement analysis between 'naive no fsl correctness' and 'original correctness'."
    },
    "Function summary no FSL": {
        "agreement_count": "13",
        "agreement_percentage": 30.952380952380953,
        "mcc": 0.05423261445466404,
        "accuracy": 0.30952380952380953,
        "precision": 0.8571428571428571,
        "recall": 0.17647058823529413,
        "f1_score": 0.29268292682926833,
        "balanced_accuracy": 0.5257352941176471,
        "description": "Agreement analysis between 'Correctness no fsl' and 'original correctness'."
    },
    "Simple verify": {
        "agreement_count": "24",
        "agreement_percentage": 57.14285714285714,
        "mcc": 0.0700140042014005,
        "accuracy": 0.5714285714285714,
        "precision": 0.8333333333333334,
        "recall": 0.5882352941176471,
        "f1_score": 0.6896551724137931,
        "balanced_accuracy": 0.5441176470588236,
        "description": "Agreement analysis between 'simple verify' and 'original correctness'."
    },
    "Complex verify": {
        "agreement_count": "24",
        "agreement_percentage": 57.14285714285714,
        "mcc": 0.0700140042014005,
        "accuracy": 0.5714285714285714,
        "precision": 0.8333333333333334,
        "recall": 0.5882352941176471,
        "f1_score": 0.6896551724137931,
        "balanced_accuracy": 0.5441176470588236,
        "description": "Agreement analysis between 'complex verify' and 'original correctness'."
    },
    "Default verify": {
        "agreement_count": "23",
        "agreement_percentage": 54.761904761904766,
        "mcc": 0.19723488999328598,
        "accuracy": 0.5476190476190477,
        "precision": 0.8947368421052632,
        "recall": 0.5,
        "f1_score": 0.6415094339622641,
        "balanced_accuracy": 0.625,
        "description": "Agreement analysis between 'default verify' and 'original correctness'."
    },
    "Simple verify no FSL": {
        "agreement_count": "18",
        "agreement_percentage": 42.857142857142854,
        "mcc": -0.21968621277986813,
        "accuracy": 0.42857142857142855,
        "precision": 0.7272727272727273,
        "recall": 0.47058823529411764,
        "f1_score": 0.5714285714285714,
        "balanced_accuracy": 0.3602941176470588,
        "description": "Agreement analysis between 'simple verify no fsl' and 'original correctness'."
    },
    "Complex verify no FSL": {
        "agreement_count": "21",
        "agreement_percentage": 50.0,
        "mcc": -0.15294117647058825,
        "accuracy": 0.5,
        "precision": 0.76,
        "recall": 0.5588235294117647,
        "f1_score": 0.6440677966101696,
        "balanced_accuracy": 0.40441176470588236,
        "description": "Agreement analysis between 'complex verify no fsl' and 'original correctness'."
    },
    "Default verify no FSL": {
        "agreement_count": "19",
        "agreement_percentage": 45.23809523809524,
        "mcc": 0.1084652289093281,
        "accuracy": 0.4523809523809524,
        "precision": 0.8666666666666667,
        "recall": 0.38235294117647056,
        "f1_score": 0.5306122448979592,
        "balanced_accuracy": 0.5661764705882353,
        "description": "Agreement analysis between 'default verify no fsl' and 'original correctness'."
    },
    "naive_correctness_vs_correctness_diff": {
        "description": "Analysis of cases where 'naive correctness' and 'Correctness' differ.",
        "count": 11,
        "original_agreement_count": "4",
        "original_agreement_percentage": 36.36363636363637
    },
    "naive_correctness_vs_correctness_same": {
        "description": "Analysis of cases where 'naive correctness' and 'Correctness' are the same.",
        "count": 31,
        "original_agreement_count": "15",
        "original_disagreement_count": "16"
    }
}