{
    "total_valid_rows": {
        "value": 117,
        "description": "Total number of valid rows after preprocessing and removing invalid entries."
    },
    "Function summary": {
        "agreement_count": "59",
        "agreement_percentage": 50.427350427350426,
        "mcc": 0.002889521799151183,
        "accuracy": 0.5042735042735043,
        "precision": 0.8983050847457628,
        "recall": 0.5047619047619047,
        "f1_score": 0.6463414634146342,
        "balanced_accuracy": 0.5023809523809524,
        "description": "Agreement analysis between 'Correctness' and 'original correctness'."
    },
    "Naive": {
        "agreement_count": "58",
        "agreement_percentage": 49.572649572649574,
        "mcc": -0.09262724917368921,
        "accuracy": 0.49572649572649574,
        "precision": 0.8709677419354839,
        "recall": 0.5142857142857142,
        "f1_score": 0.6467065868263472,
        "balanced_accuracy": 0.42380952380952375,
        "description": "Agreement analysis between 'naive correctness' and 'original correctness'."
    },
    "Complex tree": {
        "agreement_count": "62",
        "agreement_percentage": 52.991452991452995,
        "mcc": -0.20935463949806576,
        "accuracy": 0.5299145299145299,
        "precision": 0.8472222222222222,
        "recall": 0.580952380952381,
        "f1_score": 0.6892655367231639,
        "balanced_accuracy": 0.3321428571428572,
        "description": "Agreement analysis between 'annotated correctness' and 'original correctness'."
    },
    "Simple tree": {
        "agreement_count": "73",
        "agreement_percentage": 62.39316239316239,
        "mcc": -0.20742519153669262,
        "accuracy": 0.6239316239316239,
        "precision": 0.8588235294117647,
        "recall": 0.6952380952380952,
        "f1_score": 0.7684210526315789,
        "balanced_accuracy": 0.3476190476190476,
        "description": "Agreement analysis between 'annotated correctness simple' and 'original correctness'."
    },
    "Naive No FSL": {
        "agreement_count": "54",
        "agreement_percentage": 46.15384615384615,
        "mcc": -0.11558087196604733,
        "accuracy": 0.46153846153846156,
        "precision": 0.8620689655172413,
        "recall": 0.47619047619047616,
        "f1_score": 0.6134969325153374,
        "balanced_accuracy": 0.40476190476190477,
        "description": "Agreement analysis between 'naive no fsl correctness' and 'original correctness'."
    },
    "Function summary no FSL": {
        "agreement_count": "36",
        "agreement_percentage": 30.76923076923077,
        "mcc": -0.09386625457047489,
        "accuracy": 0.3076923076923077,
        "precision": 0.8529411764705882,
        "recall": 0.2761904761904762,
        "f1_score": 0.4172661870503597,
        "balanced_accuracy": 0.4297619047619048,
        "description": "Agreement analysis between 'Correctness no fsl' and 'original correctness'."
    },
    "Simple verify": {
        "agreement_count": "65",
        "agreement_percentage": 55.55555555555556,
        "mcc": -0.14614174528030688,
        "accuracy": 0.5555555555555556,
        "precision": 0.863013698630137,
        "recall": 0.6,
        "f1_score": 0.7078651685393258,
        "balanced_accuracy": 0.3833333333333333,
        "description": "Agreement analysis between 'simple verify' and 'original correctness'."
    },
    "Complex verify": {
        "agreement_count": "67",
        "agreement_percentage": 57.26495726495726,
        "mcc": -0.08798329562793986,
        "accuracy": 0.5726495726495726,
        "precision": 0.8767123287671232,
        "recall": 0.6095238095238096,
        "f1_score": 0.7191011235955056,
        "balanced_accuracy": 0.4297619047619048,
        "description": "Agreement analysis between 'complex verify' and 'original correctness'."
    },
    "Default verify": {
        "agreement_count": "60",
        "agreement_percentage": 51.28205128205128,
        "mcc": -0.03618251920847235,
        "accuracy": 0.5128205128205128,
        "precision": 0.8870967741935484,
        "recall": 0.5238095238095238,
        "f1_score": 0.6586826347305389,
        "balanced_accuracy": 0.47023809523809523,
        "description": "Agreement analysis between 'default verify' and 'original correctness'."
    },
    "Simple verify no FSL": {
        "agreement_count": "70",
        "agreement_percentage": 59.82905982905983,
        "mcc": -0.07115986501633903,
        "accuracy": 0.5982905982905983,
        "precision": 0.881578947368421,
        "recall": 0.638095238095238,
        "f1_score": 0.7403314917127072,
        "balanced_accuracy": 0.444047619047619,
        "description": "Agreement analysis between 'simple verify no fsl' and 'original correctness'."
    },
    "Complex verify no FSL": {
        "agreement_count": "64",
        "agreement_percentage": 54.700854700854705,
        "mcc": -0.10461558354910619,
        "accuracy": 0.5470085470085471,
        "precision": 0.8714285714285714,
        "recall": 0.580952380952381,
        "f1_score": 0.6971428571428571,
        "balanced_accuracy": 0.4154761904761905,
        "description": "Agreement analysis between 'complex verify no fsl' and 'original correctness'."
    },
    "Default verify no FSL": {
        "agreement_count": "58",
        "agreement_percentage": 49.572649572649574,
        "mcc": -0.0476910483238266,
        "accuracy": 0.49572649572649574,
        "precision": 0.8833333333333333,
        "recall": 0.5047619047619047,
        "f1_score": 0.6424242424242425,
        "balanced_accuracy": 0.46071428571428574,
        "description": "Agreement analysis between 'default verify no fsl' and 'original correctness'."
    },
    "naive_correctness_vs_correctness_diff": {
        "description": "Analysis of cases where 'naive correctness' and 'Correctness' differ.",
        "count": 51,
        "original_agreement_count": "25",
        "original_agreement_percentage": 49.01960784313725
    },
    "naive_correctness_vs_correctness_same": {
        "description": "Analysis of cases where 'naive correctness' and 'Correctness' are the same.",
        "count": 66,
        "original_agreement_count": "33",
        "original_disagreement_count": "33"
    }
}