{
    "total_valid_rows": {
        "value": 128,
        "description": "Total number of valid rows after preprocessing and removing invalid entries."
    },
    "Function summary": {
        "agreement_count": "65",
        "agreement_percentage": 50.78125,
        "mcc": 0.11366238586580713,
        "accuracy": 0.5078125,
        "precision": 0.8148148148148148,
        "recall": 0.4536082474226804,
        "f1_score": 0.5827814569536424,
        "balanced_accuracy": 0.565513801130695,
        "description": "Agreement analysis between 'Correctness' and 'original correctness'."
    },
    "Naive": {
        "agreement_count": "67",
        "agreement_percentage": 52.34375,
        "mcc": 0.21188497924502367,
        "accuracy": 0.5234375,
        "precision": 0.875,
        "recall": 0.4329896907216495,
        "f1_score": 0.5793103448275861,
        "balanced_accuracy": 0.6197206518124376,
        "description": "Agreement analysis between 'naive correctness' and 'original correctness'."
    },
    "Complex tree": {
        "agreement_count": "56",
        "agreement_percentage": 43.75,
        "mcc": -0.2129881775625231,
        "accuracy": 0.4375,
        "precision": 0.676056338028169,
        "recall": 0.4948453608247423,
        "f1_score": 0.5714285714285714,
        "balanced_accuracy": 0.37645493847688727,
        "description": "Agreement analysis between 'annotated correctness' and 'original correctness'."
    },
    "Simple tree": {
        "agreement_count": "66",
        "agreement_percentage": 51.5625,
        "mcc": -0.2157440152543759,
        "accuracy": 0.515625,
        "precision": 0.6966292134831461,
        "recall": 0.6391752577319587,
        "f1_score": 0.6666666666666667,
        "balanced_accuracy": 0.3841037578982374,
        "description": "Agreement analysis between 'annotated correctness simple' and 'original correctness'."
    },
    "Naive No FSL": {
        "agreement_count": "55",
        "agreement_percentage": 42.96875,
        "mcc": -0.052215245359524175,
        "accuracy": 0.4296875,
        "precision": 0.7307692307692307,
        "recall": 0.3917525773195876,
        "f1_score": 0.5100671140939597,
        "balanced_accuracy": 0.47006983704689054,
        "description": "Agreement analysis between 'naive no fsl correctness' and 'original correctness'."
    },
    "Function summary no FSL": {
        "agreement_count": "44",
        "agreement_percentage": 34.375,
        "mcc": 0.11376708401348024,
        "accuracy": 0.34375,
        "precision": 0.8823529411764706,
        "recall": 0.15463917525773196,
        "f1_score": 0.26315789473684215,
        "balanced_accuracy": 0.5450615231127369,
        "description": "Agreement analysis between 'Correctness no fsl' and 'original correctness'."
    },
    "Simple verify": {
        "agreement_count": "75",
        "agreement_percentage": 58.59375,
        "mcc": 0.16330490645358495,
        "accuracy": 0.5859375,
        "precision": 0.8235294117647058,
        "recall": 0.5773195876288659,
        "f1_score": 0.6787878787878787,
        "balanced_accuracy": 0.5951114067176588,
        "description": "Agreement analysis between 'simple verify' and 'original correctness'."
    },
    "Complex verify": {
        "agreement_count": "76",
        "agreement_percentage": 59.375,
        "mcc": 0.20945641789014194,
        "accuracy": 0.59375,
        "precision": 0.8461538461538461,
        "recall": 0.5670103092783505,
        "f1_score": 0.6790123456790124,
        "balanced_accuracy": 0.6222148320585301,
        "description": "Agreement analysis between 'complex verify' and 'original correctness'."
    },
    "Default verify": {
        "agreement_count": "67",
        "agreement_percentage": 52.34375,
        "mcc": 0.21188497924502367,
        "accuracy": 0.5234375,
        "precision": 0.875,
        "recall": 0.4329896907216495,
        "f1_score": 0.5793103448275861,
        "balanced_accuracy": 0.6197206518124376,
        "description": "Agreement analysis between 'default verify' and 'original correctness'."
    },
    "Simple verify no FSL": {
        "agreement_count": "70",
        "agreement_percentage": 54.6875,
        "mcc": -0.032534540627406947,
        "accuracy": 0.546875,
        "precision": 0.7468354430379747,
        "recall": 0.6082474226804123,
        "f1_score": 0.6704545454545453,
        "balanced_accuracy": 0.48154306617891585,
        "description": "Agreement analysis between 'simple verify no fsl' and 'original correctness'."
    },
    "Complex verify no FSL": {
        "agreement_count": "62",
        "agreement_percentage": 48.4375,
        "mcc": -0.10291084218700645,
        "accuracy": 0.484375,
        "precision": 0.7183098591549296,
        "recall": 0.5257731958762887,
        "f1_score": 0.6071428571428571,
        "balanced_accuracy": 0.440305952776854,
        "description": "Agreement analysis between 'complex verify no fsl' and 'original correctness'."
    },
    "Default verify no FSL": {
        "agreement_count": "64",
        "agreement_percentage": 50.0,
        "mcc": 0.12484183038308061,
        "accuracy": 0.5,
        "precision": 0.8235294117647058,
        "recall": 0.4329896907216495,
        "f1_score": 0.5675675675675675,
        "balanced_accuracy": 0.5713335550382441,
        "description": "Agreement analysis between 'default verify no fsl' and 'original correctness'."
    },
    "naive_correctness_vs_correctness_diff": {
        "description": "Analysis of cases where 'naive correctness' and 'Correctness' differ.",
        "count": 52,
        "original_agreement_count": "27",
        "original_agreement_percentage": 51.92307692307693
    },
    "naive_correctness_vs_correctness_same": {
        "description": "Analysis of cases where 'naive correctness' and 'Correctness' are the same.",
        "count": 76,
        "original_agreement_count": "40",
        "original_disagreement_count": "36"
    }
}