{
    "total_valid_rows": {
        "value": 75,
        "description": "Total number of valid rows after preprocessing and removing invalid entries."
    },
    "summary fsl": {
        "agreement_count": "36",
        "agreement_percentage": 48.0,
        "mcc": 0,
        "accuracy": 0.48,
        "precision": 0,
        "recall": 0.0,
        "f1_score": 0,
        "balanced_accuracy": 0.5,
        "description": "Agreement analysis between 'summary fsl' and 'original correctness'."
    },
    "naive correctness fsl": {
        "agreement_count": "38",
        "agreement_percentage": 50.66666666666667,
        "mcc": 0.15902760362413895,
        "accuracy": 0.5066666666666667,
        "precision": 1.0,
        "recall": 0.05128205128205128,
        "f1_score": 0.09756097560975609,
        "balanced_accuracy": 0.5256410256410257,
        "description": "Agreement analysis between 'naive correctness fsl' and 'original correctness'."
    },
    "simple tree": {
        "agreement_count": "44",
        "agreement_percentage": 58.666666666666664,
        "mcc": 0.17356175529609247,
        "accuracy": 0.5866666666666667,
        "precision": 0.5740740740740741,
        "recall": 0.7948717948717948,
        "f1_score": 0.6666666666666666,
        "balanced_accuracy": 0.5779914529914529,
        "description": "Agreement analysis between 'simple tree' and 'original correctness'."
    },
    "complex tree": {
        "agreement_count": "46",
        "agreement_percentage": 61.33333333333333,
        "mcc": 0.2447769259667324,
        "accuracy": 0.6133333333333333,
        "precision": 0.5862068965517241,
        "recall": 0.8717948717948718,
        "f1_score": 0.7010309278350514,
        "balanced_accuracy": 0.6025641025641025,
        "description": "Agreement analysis between 'complex tree' and 'original correctness'."
    },
    "vanilla": {
        "agreement_count": "46",
        "agreement_percentage": 61.33333333333333,
        "mcc": 0.22645540682891915,
        "accuracy": 0.6133333333333333,
        "precision": 0.6,
        "recall": 0.7692307692307693,
        "f1_score": 0.6741573033707865,
        "balanced_accuracy": 0.6068376068376069,
        "description": "Agreement analysis between 'vanilla' and 'original correctness'."
    },
    "vanilla_no_cot": {
        "agreement_count": "42",
        "agreement_percentage": 56.00000000000001,
        "mcc": 0.20092126037170102,
        "accuracy": 0.56,
        "precision": 0.75,
        "recall": 0.23076923076923078,
        "f1_score": 0.3529411764705882,
        "balanced_accuracy": 0.5737179487179487,
        "description": "Agreement analysis between 'vanilla_no_cot' and 'original correctness'."
    },
    "summary": {
        "agreement_count": "50",
        "agreement_percentage": 66.66666666666666,
        "mcc": 0.34495177134191557,
        "accuracy": 0.6666666666666666,
        "precision": 0.6346153846153846,
        "recall": 0.8461538461538461,
        "f1_score": 0.7252747252747251,
        "balanced_accuracy": 0.6591880341880342,
        "description": "Agreement analysis between 'summary' and 'original correctness'."
    },
    "simple verify": {
        "agreement_count": "43",
        "agreement_percentage": 57.333333333333336,
        "mcc": 0.16984155512168936,
        "accuracy": 0.5733333333333334,
        "precision": 0.64,
        "recall": 0.41025641025641024,
        "f1_score": 0.5,
        "balanced_accuracy": 0.5801282051282051,
        "description": "Agreement analysis between 'simple verify' and 'original correctness'."
    },
    "complex verify": {
        "agreement_count": "41",
        "agreement_percentage": 54.666666666666664,
        "mcc": 0.11807074052642748,
        "accuracy": 0.5466666666666666,
        "precision": 0.6086956521739131,
        "recall": 0.358974358974359,
        "f1_score": 0.45161290322580644,
        "balanced_accuracy": 0.5544871794871795,
        "description": "Agreement analysis between 'complex verify' and 'original correctness'."
    },
    "summary verify": {
        "agreement_count": "41",
        "agreement_percentage": 54.666666666666664,
        "mcc": 0.11807074052642748,
        "accuracy": 0.5466666666666666,
        "precision": 0.6086956521739131,
        "recall": 0.358974358974359,
        "f1_score": 0.45161290322580644,
        "balanced_accuracy": 0.5544871794871795,
        "description": "Agreement analysis between 'summary verify' and 'original correctness'."
    },
    "simple verify fsl": {
        "agreement_count": "44",
        "agreement_percentage": 58.666666666666664,
        "mcc": 0.208678848815802,
        "accuracy": 0.5866666666666667,
        "precision": 0.6818181818181818,
        "recall": 0.38461538461538464,
        "f1_score": 0.4918032786885246,
        "balanced_accuracy": 0.5950854700854701,
        "description": "Agreement analysis between 'simple verify fsl' and 'original correctness'."
    },
    "complex verify fsl": {
        "agreement_count": "44",
        "agreement_percentage": 58.666666666666664,
        "mcc": 0.18980524415010713,
        "accuracy": 0.5866666666666667,
        "precision": 0.6428571428571429,
        "recall": 0.46153846153846156,
        "f1_score": 0.537313432835821,
        "balanced_accuracy": 0.5918803418803419,
        "description": "Agreement analysis between 'complex verify fsl' and 'original correctness'."
    },
    "summary verify fsl": {
        "agreement_count": "36",
        "agreement_percentage": 48.0,
        "mcc": -0.03453412578549853,
        "accuracy": 0.48,
        "precision": 0.5,
        "recall": 0.41025641025641024,
        "f1_score": 0.4507042253521127,
        "balanced_accuracy": 0.4829059829059829,
        "description": "Agreement analysis between 'summary verify fsl' and 'original correctness'."
    }
}