{
    "total_valid_rows": {
        "value": 14,
        "description": "Total number of valid rows after preprocessing and removing invalid entries."
    },
    "summary fsl": {
        "agreement_count": "5",
        "agreement_percentage": 35.714285714285715,
        "mcc": 0,
        "accuracy": 0.35714285714285715,
        "precision": 0,
        "recall": 0.0,
        "f1_score": 0,
        "balanced_accuracy": 0.5,
        "description": "Agreement analysis between 'summary fsl' and 'original correctness'."
    },
    "naive correctness fsl": {
        "agreement_count": "7",
        "agreement_percentage": 50.0,
        "mcc": 0.3042903097250923,
        "accuracy": 0.5,
        "precision": 1.0,
        "recall": 0.2222222222222222,
        "f1_score": 0.3636363636363636,
        "balanced_accuracy": 0.6111111111111112,
        "description": "Agreement analysis between 'naive correctness fsl' and 'original correctness'."
    },
    "simple tree": {
        "agreement_count": "9",
        "agreement_percentage": 64.28571428571429,
        "mcc": 0.12171612389003691,
        "accuracy": 0.6428571428571429,
        "precision": 0.6666666666666666,
        "recall": 0.8888888888888888,
        "f1_score": 0.761904761904762,
        "balanced_accuracy": 0.5444444444444444,
        "description": "Agreement analysis between 'simple tree' and 'original correctness'."
    },
    "complex tree": {
        "agreement_count": "9",
        "agreement_percentage": 64.28571428571429,
        "mcc": 0.12171612389003691,
        "accuracy": 0.6428571428571429,
        "precision": 0.6666666666666666,
        "recall": 0.8888888888888888,
        "f1_score": 0.761904761904762,
        "balanced_accuracy": 0.5444444444444444,
        "description": "Agreement analysis between 'complex tree' and 'original correctness'."
    },
    "vanilla": {
        "agreement_count": "9",
        "agreement_percentage": 64.28571428571429,
        "mcc": 0,
        "accuracy": 0.6428571428571429,
        "precision": 0.6428571428571429,
        "recall": 1.0,
        "f1_score": 0.782608695652174,
        "balanced_accuracy": 0.5,
        "description": "Agreement analysis between 'vanilla' and 'original correctness'."
    },
    "vanilla_no_cot": {
        "agreement_count": "10",
        "agreement_percentage": 71.42857142857143,
        "mcc": 0.37777777777777777,
        "accuracy": 0.7142857142857143,
        "precision": 0.7777777777777778,
        "recall": 0.7777777777777778,
        "f1_score": 0.7777777777777778,
        "balanced_accuracy": 0.6888888888888889,
        "description": "Agreement analysis between 'vanilla_no_cot' and 'original correctness'."
    },
    "summary": {
        "agreement_count": "9",
        "agreement_percentage": 64.28571428571429,
        "mcc": 0,
        "accuracy": 0.6428571428571429,
        "precision": 0.6428571428571429,
        "recall": 1.0,
        "f1_score": 0.782608695652174,
        "balanced_accuracy": 0.5,
        "description": "Agreement analysis between 'summary' and 'original correctness'."
    },
    "simple verify": {
        "agreement_count": "10",
        "agreement_percentage": 71.42857142857143,
        "mcc": 0.3721042037676254,
        "accuracy": 0.7142857142857143,
        "precision": 0.6923076923076923,
        "recall": 1.0,
        "f1_score": 0.8181818181818181,
        "balanced_accuracy": 0.6,
        "description": "Agreement analysis between 'simple verify' and 'original correctness'."
    },
    "complex verify": {
        "agreement_count": "11",
        "agreement_percentage": 78.57142857142857,
        "mcc": 0.5477225575051662,
        "accuracy": 0.7857142857142857,
        "precision": 0.75,
        "recall": 1.0,
        "f1_score": 0.8571428571428571,
        "balanced_accuracy": 0.7,
        "description": "Agreement analysis between 'complex verify' and 'original correctness'."
    },
    "summary verify": {
        "agreement_count": "10",
        "agreement_percentage": 71.42857142857143,
        "mcc": 0.3373495424699933,
        "accuracy": 0.7142857142857143,
        "precision": 0.7272727272727273,
        "recall": 0.8888888888888888,
        "f1_score": 0.7999999999999999,
        "balanced_accuracy": 0.6444444444444444,
        "description": "Agreement analysis between 'summary verify' and 'original correctness'."
    },
    "simple verify fsl": {
        "agreement_count": "8",
        "agreement_percentage": 57.14285714285714,
        "mcc": 0.24444444444444444,
        "accuracy": 0.5714285714285714,
        "precision": 0.8,
        "recall": 0.4444444444444444,
        "f1_score": 0.5714285714285714,
        "balanced_accuracy": 0.6222222222222222,
        "description": "Agreement analysis between 'simple verify fsl' and 'original correctness'."
    },
    "complex verify fsl": {
        "agreement_count": "8",
        "agreement_percentage": 57.14285714285714,
        "mcc": 0.24444444444444444,
        "accuracy": 0.5714285714285714,
        "precision": 0.8,
        "recall": 0.4444444444444444,
        "f1_score": 0.5714285714285714,
        "balanced_accuracy": 0.6222222222222222,
        "description": "Agreement analysis between 'complex verify fsl' and 'original correctness'."
    },
    "summary verify fsl": {
        "agreement_count": "6",
        "agreement_percentage": 42.857142857142854,
        "mcc": -0.06666666666666667,
        "accuracy": 0.42857142857142855,
        "precision": 0.6,
        "recall": 0.3333333333333333,
        "f1_score": 0.42857142857142855,
        "balanced_accuracy": 0.4666666666666667,
        "description": "Agreement analysis between 'summary verify fsl' and 'original correctness'."
    }
}