{
    "total_valid_rows": {
        "value": 95,
        "description": "Total number of valid rows after preprocessing and removing invalid entries."
    },
    "summary fsl": {
        "agreement_count": "63",
        "agreement_percentage": 66.3157894736842,
        "mcc": 0.3262525886518633,
        "accuracy": 0.6631578947368421,
        "precision": 0.696969696969697,
        "recall": 0.5111111111111111,
        "f1_score": 0.5897435897435898,
        "balanced_accuracy": 0.6555555555555556,
        "description": "Agreement analysis between 'summary fsl' and 'original correctness'."
    },
    "naive correctness fsl": {
        "agreement_count": "56",
        "agreement_percentage": 58.94736842105262,
        "mcc": 0.20033286038009282,
        "accuracy": 0.5894736842105263,
        "precision": 0.7142857142857143,
        "recall": 0.2222222222222222,
        "f1_score": 0.3389830508474576,
        "balanced_accuracy": 0.5711111111111111,
        "description": "Agreement analysis between 'naive correctness fsl' and 'original correctness'."
    },
    "simple tree": {
        "agreement_count": "52",
        "agreement_percentage": 54.736842105263165,
        "mcc": 0.08606629658238704,
        "accuracy": 0.5473684210526316,
        "precision": 0.5263157894736842,
        "recall": 0.4444444444444444,
        "f1_score": 0.4819277108433735,
        "balanced_accuracy": 0.5422222222222222,
        "description": "Agreement analysis between 'simple tree' and 'original correctness'."
    },
    "complex tree": {
        "agreement_count": "62",
        "agreement_percentage": 65.26315789473685,
        "mcc": 0.30262599290624653,
        "accuracy": 0.6526315789473685,
        "precision": 0.6363636363636364,
        "recall": 0.6222222222222222,
        "f1_score": 0.6292134831460675,
        "balanced_accuracy": 0.6511111111111112,
        "description": "Agreement analysis between 'complex tree' and 'original correctness'."
    },
    "vanilla": {
        "agreement_count": "56",
        "agreement_percentage": 58.94736842105262,
        "mcc": 0.17127977705267852,
        "accuracy": 0.5894736842105263,
        "precision": 0.5882352941176471,
        "recall": 0.4444444444444444,
        "f1_score": 0.5063291139240507,
        "balanced_accuracy": 0.5822222222222222,
        "description": "Agreement analysis between 'vanilla' and 'original correctness'."
    },
    "vanilla_no_cot": {
        "agreement_count": "56",
        "agreement_percentage": 58.94736842105262,
        "mcc": 0.1868706368604627,
        "accuracy": 0.5894736842105263,
        "precision": 0.6666666666666666,
        "recall": 0.26666666666666666,
        "f1_score": 0.3809523809523809,
        "balanced_accuracy": 0.5733333333333334,
        "description": "Agreement analysis between 'vanilla_no_cot' and 'original correctness'."
    },
    "summary": {
        "agreement_count": "62",
        "agreement_percentage": 65.26315789473685,
        "mcc": 0.30114260523358144,
        "accuracy": 0.6526315789473685,
        "precision": 0.65,
        "recall": 0.5777777777777777,
        "f1_score": 0.6117647058823529,
        "balanced_accuracy": 0.6488888888888888,
        "description": "Agreement analysis between 'summary' and 'original correctness'."
    },
    "simple verify": {
        "agreement_count": "58",
        "agreement_percentage": 61.05263157894737,
        "mcc": 0.21525701710674464,
        "accuracy": 0.6105263157894737,
        "precision": 0.6176470588235294,
        "recall": 0.4666666666666667,
        "f1_score": 0.5316455696202531,
        "balanced_accuracy": 0.6033333333333333,
        "description": "Agreement analysis between 'simple verify' and 'original correctness'."
    },
    "complex verify": {
        "agreement_count": "55",
        "agreement_percentage": 57.89473684210527,
        "mcc": 0.14914404052656607,
        "accuracy": 0.5789473684210527,
        "precision": 0.5757575757575758,
        "recall": 0.4222222222222222,
        "f1_score": 0.4871794871794872,
        "balanced_accuracy": 0.5711111111111111,
        "description": "Agreement analysis between 'complex verify' and 'original correctness'."
    },
    "summary verify": {
        "agreement_count": "59",
        "agreement_percentage": 62.10526315789474,
        "mcc": 0.24093937451091968,
        "accuracy": 0.6210526315789474,
        "precision": 0.6551724137931034,
        "recall": 0.4222222222222222,
        "f1_score": 0.5135135135135135,
        "balanced_accuracy": 0.6111111111111112,
        "description": "Agreement analysis between 'summary verify' and 'original correctness'."
    },
    "simple verify fsl": {
        "agreement_count": "62",
        "agreement_percentage": 65.26315789473685,
        "mcc": 0.3115102188397702,
        "accuracy": 0.6526315789473685,
        "precision": 0.7142857142857143,
        "recall": 0.4444444444444444,
        "f1_score": 0.5479452054794521,
        "balanced_accuracy": 0.6422222222222222,
        "description": "Agreement analysis between 'simple verify fsl' and 'original correctness'."
    },
    "complex verify fsl": {
        "agreement_count": "56",
        "agreement_percentage": 58.94736842105262,
        "mcc": 0.17420698558420294,
        "accuracy": 0.5894736842105263,
        "precision": 0.6153846153846154,
        "recall": 0.35555555555555557,
        "f1_score": 0.4507042253521127,
        "balanced_accuracy": 0.5777777777777778,
        "description": "Agreement analysis between 'complex verify fsl' and 'original correctness'."
    },
    "summary verify fsl": {
        "agreement_count": "55",
        "agreement_percentage": 57.89473684210527,
        "mcc": 0.15811388300841897,
        "accuracy": 0.5789473684210527,
        "precision": 0.631578947368421,
        "recall": 0.26666666666666666,
        "f1_score": 0.37500000000000006,
        "balanced_accuracy": 0.5633333333333334,
        "description": "Agreement analysis between 'summary verify fsl' and 'original correctness'."
    }
}