{
    "total_valid_rows": {
        "value": 244,
        "description": "Total number of valid rows after preprocessing and removing invalid entries."
    },
    "summary fsl": {
        "agreement_count": "135",
        "agreement_percentage": 55.32786885245902,
        "mcc": 0.1321827077673017,
        "accuracy": 0.5532786885245902,
        "precision": 0.7333333333333333,
        "recall": 0.09482758620689655,
        "f1_score": 0.16793893129770993,
        "balanced_accuracy": 0.5317887931034483,
        "description": "Agreement analysis between 'summary fsl' and 'original correctness'."
    },
    "naive correctness fsl": {
        "agreement_count": "133",
        "agreement_percentage": 54.50819672131148,
        "mcc": 0.08429223147223619,
        "accuracy": 0.5450819672131147,
        "precision": 0.6,
        "recall": 0.12931034482758622,
        "f1_score": 0.21276595744680854,
        "balanced_accuracy": 0.5255926724137931,
        "description": "Agreement analysis between 'naive correctness fsl' and 'original correctness'."
    },
    "simple tree": {
        "agreement_count": "135",
        "agreement_percentage": 55.32786885245902,
        "mcc": 0.12465222020004253,
        "accuracy": 0.5532786885245902,
        "precision": 0.5225806451612903,
        "recall": 0.6982758620689655,
        "f1_score": 0.5977859778597785,
        "balanced_accuracy": 0.5600754310344828,
        "description": "Agreement analysis between 'simple tree' and 'original correctness'."
    },
    "complex tree": {
        "agreement_count": "141",
        "agreement_percentage": 57.786885245901644,
        "mcc": 0.16209615043478273,
        "accuracy": 0.5778688524590164,
        "precision": 0.5481481481481482,
        "recall": 0.6379310344827587,
        "f1_score": 0.5896414342629483,
        "balanced_accuracy": 0.5806842672413793,
        "description": "Agreement analysis between 'complex tree' and 'original correctness'."
    },
    "vanilla": {
        "agreement_count": "129",
        "agreement_percentage": 52.86885245901639,
        "mcc": 0.07595743084012835,
        "accuracy": 0.5286885245901639,
        "precision": 0.5031446540880503,
        "recall": 0.6896551724137931,
        "f1_score": 0.5818181818181819,
        "balanced_accuracy": 0.5362338362068966,
        "description": "Agreement analysis between 'vanilla' and 'original correctness'."
    },
    "vanilla_no_cot": {
        "agreement_count": "136",
        "agreement_percentage": 55.73770491803278,
        "mcc": 0.1047678668860615,
        "accuracy": 0.5573770491803278,
        "precision": 0.5476190476190477,
        "recall": 0.39655172413793105,
        "f1_score": 0.4600000000000001,
        "balanced_accuracy": 0.5498383620689655,
        "description": "Agreement analysis between 'vanilla_no_cot' and 'original correctness'."
    },
    "summary": {
        "agreement_count": "133",
        "agreement_percentage": 54.50819672131148,
        "mcc": 0.09606700067503818,
        "accuracy": 0.5450819672131147,
        "precision": 0.5185185185185185,
        "recall": 0.603448275862069,
        "f1_score": 0.5577689243027888,
        "balanced_accuracy": 0.5478178879310345,
        "description": "Agreement analysis between 'summary' and 'original correctness'."
    },
    "simple verify": {
        "agreement_count": "128",
        "agreement_percentage": 52.459016393442624,
        "mcc": 0.058098023413396864,
        "accuracy": 0.5245901639344263,
        "precision": 0.5,
        "recall": 0.6120689655172413,
        "f1_score": 0.5503875968992248,
        "balanced_accuracy": 0.5286907327586207,
        "description": "Agreement analysis between 'simple verify' and 'original correctness'."
    },
    "complex verify": {
        "agreement_count": "140",
        "agreement_percentage": 57.377049180327866,
        "mcc": 0.1566995711201481,
        "accuracy": 0.5737704918032787,
        "precision": 0.5428571428571428,
        "recall": 0.6551724137931034,
        "f1_score": 0.5937499999999999,
        "balanced_accuracy": 0.5775862068965517,
        "description": "Agreement analysis between 'complex verify' and 'original correctness'."
    },
    "summary verify": {
        "agreement_count": "128",
        "agreement_percentage": 52.459016393442624,
        "mcc": 0.05434671867482896,
        "accuracy": 0.5245901639344263,
        "precision": 0.5,
        "recall": 0.5775862068965517,
        "f1_score": 0.536,
        "balanced_accuracy": 0.5270743534482758,
        "description": "Agreement analysis between 'summary verify' and 'original correctness'."
    },
    "simple verify fsl": {
        "agreement_count": "151",
        "agreement_percentage": 61.885245901639344,
        "mcc": 0.24175549023862636,
        "accuracy": 0.6188524590163934,
        "precision": 0.6716417910447762,
        "recall": 0.3879310344827586,
        "f1_score": 0.49180327868852464,
        "balanced_accuracy": 0.6080280172413793,
        "description": "Agreement analysis between 'simple verify fsl' and 'original correctness'."
    },
    "complex verify fsl": {
        "agreement_count": "142",
        "agreement_percentage": 58.19672131147541,
        "mcc": 0.16069331748731389,
        "accuracy": 0.5819672131147541,
        "precision": 0.6129032258064516,
        "recall": 0.3275862068965517,
        "f1_score": 0.42696629213483145,
        "balanced_accuracy": 0.5700431034482758,
        "description": "Agreement analysis between 'complex verify fsl' and 'original correctness'."
    },
    "summary verify fsl": {
        "agreement_count": "135",
        "agreement_percentage": 55.32786885245902,
        "mcc": 0.09465239892135745,
        "accuracy": 0.5532786885245902,
        "precision": 0.5522388059701493,
        "recall": 0.31896551724137934,
        "f1_score": 0.40437158469945356,
        "balanced_accuracy": 0.5422952586206897,
        "description": "Agreement analysis between 'summary verify fsl' and 'original correctness'."
    }
}