{
    "total_valid_rows": {
        "value": 68,
        "description": "Total number of valid rows after preprocessing and removing invalid entries."
    },
    "vanilla": {
        "agreement_count": "44",
        "agreement_percentage": 64.70588235294117,
        "mcc": 0.2885789014821273,
        "accuracy": 0.6470588235294118,
        "precision": 0.6129032258064516,
        "recall": 0.6129032258064516,
        "f1_score": 0.6129032258064516,
        "balanced_accuracy": 0.6442894507410637,
        "description": "Agreement analysis between 'vanilla' and 'original correctness'."
    }
}