{
    "total_valid_rows": {
        "value": 17,
        "description": "Total number of valid rows after preprocessing and removing invalid entries."
    },
    "summary fsl": {
        "agreement_count": "10",
        "agreement_percentage": 58.82352941176471,
        "mcc": 0.40967324519935133,
        "accuracy": 0.5882352941176471,
        "precision": 1.0,
        "recall": 0.46153846153846156,
        "f1_score": 0.631578947368421,
        "balanced_accuracy": 0.7307692307692308,
        "description": "Agreement analysis between 'summary fsl' and 'original correctness'."
    },
    "naive correctness fsl": {
        "agreement_count": "6",
        "agreement_percentage": 35.294117647058826,
        "mcc": -0.019230769230769232,
        "accuracy": 0.35294117647058826,
        "precision": 0.75,
        "recall": 0.23076923076923078,
        "f1_score": 0.3529411764705882,
        "balanced_accuracy": 0.4903846153846154,
        "description": "Agreement analysis between 'naive correctness fsl' and 'original correctness'."
    },
    "simple tree": {
        "agreement_count": "9",
        "agreement_percentage": 52.94117647058824,
        "mcc": -0.1194880298498108,
        "accuracy": 0.5294117647058824,
        "precision": 0.7272727272727273,
        "recall": 0.6153846153846154,
        "f1_score": 0.6666666666666667,
        "balanced_accuracy": 0.4326923076923077,
        "description": "Agreement analysis between 'simple tree' and 'original correctness'."
    },
    "complex tree": {
        "agreement_count": "12",
        "agreement_percentage": 70.58823529411765,
        "mcc": 0.10699012312772822,
        "accuracy": 0.7058823529411765,
        "precision": 0.7857142857142857,
        "recall": 0.8461538461538461,
        "f1_score": 0.8148148148148148,
        "balanced_accuracy": 0.5480769230769231,
        "description": "Agreement analysis between 'complex tree' and 'original correctness'."
    },
    "vanilla": {
        "agreement_count": "6",
        "agreement_percentage": 35.294117647058826,
        "mcc": -0.1706971854997297,
        "accuracy": 0.35294117647058826,
        "precision": 0.6666666666666666,
        "recall": 0.3076923076923077,
        "f1_score": 0.42105263157894735,
        "balanced_accuracy": 0.40384615384615385,
        "description": "Agreement analysis between 'vanilla' and 'original correctness'."
    },
    "vanilla_no_cot": {
        "agreement_count": "5",
        "agreement_percentage": 29.411764705882355,
        "mcc": -0.10699012312772822,
        "accuracy": 0.29411764705882354,
        "precision": 0.6666666666666666,
        "recall": 0.15384615384615385,
        "f1_score": 0.25,
        "balanced_accuracy": 0.4519230769230769,
        "description": "Agreement analysis between 'vanilla_no_cot' and 'original correctness'."
    },
    "summary": {
        "agreement_count": "11",
        "agreement_percentage": 64.70588235294117,
        "mcc": 0.019230769230769232,
        "accuracy": 0.6470588235294118,
        "precision": 0.7692307692307693,
        "recall": 0.7692307692307693,
        "f1_score": 0.7692307692307693,
        "balanced_accuracy": 0.5096153846153846,
        "description": "Agreement analysis between 'summary' and 'original correctness'."
    },
    "simple verify": {
        "agreement_count": "6",
        "agreement_percentage": 35.294117647058826,
        "mcc": -0.3105172139687914,
        "accuracy": 0.35294117647058826,
        "precision": 0.625,
        "recall": 0.38461538461538464,
        "f1_score": 0.4761904761904762,
        "balanced_accuracy": 0.3173076923076923,
        "description": "Agreement analysis between 'simple verify' and 'original correctness'."
    },
    "complex verify": {
        "agreement_count": "7",
        "agreement_percentage": 41.17647058823529,
        "mcc": -0.24514516892273003,
        "accuracy": 0.4117647058823529,
        "precision": 0.6666666666666666,
        "recall": 0.46153846153846156,
        "f1_score": 0.5454545454545455,
        "balanced_accuracy": 0.3557692307692308,
        "description": "Agreement analysis between 'complex verify' and 'original correctness'."
    },
    "summary verify": {
        "agreement_count": "7",
        "agreement_percentage": 41.17647058823529,
        "mcc": -0.09944903161976938,
        "accuracy": 0.4117647058823529,
        "precision": 0.7142857142857143,
        "recall": 0.38461538461538464,
        "f1_score": 0.5,
        "balanced_accuracy": 0.4423076923076923,
        "description": "Agreement analysis between 'summary verify' and 'original correctness'."
    },
    "simple verify fsl": {
        "agreement_count": "10",
        "agreement_percentage": 58.82352941176471,
        "mcc": 0.09944903161976938,
        "accuracy": 0.5882352941176471,
        "precision": 0.8,
        "recall": 0.6153846153846154,
        "f1_score": 0.6956521739130435,
        "balanced_accuracy": 0.5576923076923077,
        "description": "Agreement analysis between 'simple verify fsl' and 'original correctness'."
    },
    "complex verify fsl": {
        "agreement_count": "10",
        "agreement_percentage": 58.82352941176471,
        "mcc": 0.09944903161976938,
        "accuracy": 0.5882352941176471,
        "precision": 0.8,
        "recall": 0.6153846153846154,
        "f1_score": 0.6956521739130435,
        "balanced_accuracy": 0.5576923076923077,
        "description": "Agreement analysis between 'complex verify fsl' and 'original correctness'."
    },
    "summary verify fsl": {
        "agreement_count": "6",
        "agreement_percentage": 35.294117647058826,
        "mcc": -0.019230769230769232,
        "accuracy": 0.35294117647058826,
        "precision": 0.75,
        "recall": 0.23076923076923078,
        "f1_score": 0.3529411764705882,
        "balanced_accuracy": 0.4903846153846154,
        "description": "Agreement analysis between 'summary verify fsl' and 'original correctness'."
    }
}