{
    "total_valid_rows": {
        "value": 97,
        "description": "Total number of valid rows after preprocessing and removing invalid entries."
    },
    "vanilla": {
        "agreement_count": "53",
        "agreement_percentage": 54.63917525773196,
        "mcc": 0.102117082924384,
        "accuracy": 0.5463917525773195,
        "precision": 0.5178571428571429,
        "recall": 0.6304347826086957,
        "f1_score": 0.5686274509803922,
        "balanced_accuracy": 0.5505115089514067,
        "description": "Agreement analysis between 'vanilla' and 'original correctness'."
    }
}