{
    "total_valid_rows": {
        "value": 99,
        "description": "Total number of valid rows after preprocessing and removing invalid entries."
    },
    "summary fsl": {
        "agreement_count": "45",
        "agreement_percentage": 45.45454545454545,
        "mcc": 0.03952847075210474,
        "accuracy": 0.45454545454545453,
        "precision": 0.6666666666666666,
        "recall": 0.03636363636363636,
        "f1_score": 0.06896551724137931,
        "balanced_accuracy": 0.5068181818181818,
        "description": "Agreement analysis between 'summary fsl' and 'original correctness'."
    },
    "naive correctness fsl": {
        "agreement_count": "44",
        "agreement_percentage": 44.44444444444444,
        "mcc": -0.02839809171235324,
        "accuracy": 0.4444444444444444,
        "precision": 0.5,
        "recall": 0.05454545454545454,
        "f1_score": 0.09836065573770492,
        "balanced_accuracy": 0.49318181818181817,
        "description": "Agreement analysis between 'naive correctness fsl' and 'original correctness'."
    },
    "simple tree": {
        "agreement_count": "55",
        "agreement_percentage": 55.55555555555556,
        "mcc": 0.07726674092862558,
        "accuracy": 0.5555555555555556,
        "precision": 0.582089552238806,
        "recall": 0.7090909090909091,
        "f1_score": 0.6393442622950819,
        "balanced_accuracy": 0.5363636363636364,
        "description": "Agreement analysis between 'simple tree' and 'original correctness'."
    },
    "complex tree": {
        "agreement_count": "59",
        "agreement_percentage": 59.59595959595959,
        "mcc": 0.16419182447332936,
        "accuracy": 0.5959595959595959,
        "precision": 0.6119402985074627,
        "recall": 0.7454545454545455,
        "f1_score": 0.6721311475409837,
        "balanced_accuracy": 0.5772727272727273,
        "description": "Agreement analysis between 'complex tree' and 'original correctness'."
    },
    "vanilla": {
        "agreement_count": "56",
        "agreement_percentage": 56.56565656565656,
        "mcc": 0.11463548842333035,
        "accuracy": 0.5656565656565656,
        "precision": 0.603448275862069,
        "recall": 0.6363636363636364,
        "f1_score": 0.6194690265486726,
        "balanced_accuracy": 0.5568181818181819,
        "description": "Agreement analysis between 'vanilla' and 'original correctness'."
    },
    "vanilla_no_cot": {
        "agreement_count": "45",
        "agreement_percentage": 45.45454545454545,
        "mcc": -0.02867696673382022,
        "accuracy": 0.45454545454545453,
        "precision": 0.5263157894736842,
        "recall": 0.18181818181818182,
        "f1_score": 0.2702702702702703,
        "balanced_accuracy": 0.48863636363636365,
        "description": "Agreement analysis between 'vanilla_no_cot' and 'original correctness'."
    },
    "summary": {
        "agreement_count": "55",
        "agreement_percentage": 55.55555555555556,
        "mcc": 0.09597148699373932,
        "accuracy": 0.5555555555555556,
        "precision": 0.5964912280701754,
        "recall": 0.6181818181818182,
        "f1_score": 0.607142857142857,
        "balanced_accuracy": 0.5477272727272727,
        "description": "Agreement analysis between 'summary' and 'original correctness'."
    },
    "simple verify": {
        "agreement_count": "51",
        "agreement_percentage": 51.515151515151516,
        "mcc": 0.045567663536030575,
        "accuracy": 0.5151515151515151,
        "precision": 0.5813953488372093,
        "recall": 0.45454545454545453,
        "f1_score": 0.5102040816326531,
        "balanced_accuracy": 0.5227272727272727,
        "description": "Agreement analysis between 'simple verify' and 'original correctness'."
    },
    "complex verify": {
        "agreement_count": "51",
        "agreement_percentage": 51.515151515151516,
        "mcc": 0.036184651012597,
        "accuracy": 0.5151515151515151,
        "precision": 0.574468085106383,
        "recall": 0.4909090909090909,
        "f1_score": 0.5294117647058822,
        "balanced_accuracy": 0.5181818181818182,
        "description": "Agreement analysis between 'complex verify' and 'original correctness'."
    },
    "summary verify": {
        "agreement_count": "51",
        "agreement_percentage": 51.515151515151516,
        "mcc": 0.03162277660168379,
        "accuracy": 0.5151515151515151,
        "precision": 0.5714285714285714,
        "recall": 0.509090909090909,
        "f1_score": 0.5384615384615383,
        "balanced_accuracy": 0.5159090909090909,
        "description": "Agreement analysis between 'summary verify' and 'original correctness'."
    },
    "simple verify fsl": {
        "agreement_count": "51",
        "agreement_percentage": 51.515151515151516,
        "mcc": 0.050439614906265355,
        "accuracy": 0.5151515151515151,
        "precision": 0.5853658536585366,
        "recall": 0.43636363636363634,
        "f1_score": 0.5,
        "balanced_accuracy": 0.525,
        "description": "Agreement analysis between 'simple verify fsl' and 'original correctness'."
    },
    "complex verify fsl": {
        "agreement_count": "50",
        "agreement_percentage": 50.505050505050505,
        "mcc": 0.03715508621180127,
        "accuracy": 0.5050505050505051,
        "precision": 0.5789473684210527,
        "recall": 0.4,
        "f1_score": 0.4731182795698925,
        "balanced_accuracy": 0.5181818181818182,
        "description": "Agreement analysis between 'complex verify fsl' and 'original correctness'."
    },
    "summary verify fsl": {
        "agreement_count": "46",
        "agreement_percentage": 46.464646464646464,
        "mcc": -0.04644385776475158,
        "accuracy": 0.46464646464646464,
        "precision": 0.5263157894736842,
        "recall": 0.36363636363636365,
        "f1_score": 0.43010752688172044,
        "balanced_accuracy": 0.4772727272727273,
        "description": "Agreement analysis between 'summary verify fsl' and 'original correctness'."
    }
}