{
    "total_valid_rows": {
        "value": 149,
        "description": "Total number of valid rows after preprocessing and removing invalid entries."
    },
    "Function summary": {
        "agreement_count": "110",
        "agreement_percentage": 73.8255033557047,
        "mcc": 0.29843240366301643,
        "accuracy": 0.738255033557047,
        "precision": 0.65,
        "recall": 0.28888888888888886,
        "f1_score": 0.39999999999999997,
        "balanced_accuracy": 0.6107905982905983,
        "description": "Agreement analysis between 'Correctness' and 'original correctness'."
    },
    "Naive": {
        "agreement_count": "106",
        "agreement_percentage": 71.14093959731544,
        "mcc": 0.26930298910517075,
        "accuracy": 0.7114093959731543,
        "precision": 0.5294117647058824,
        "recall": 0.4,
        "f1_score": 0.4556962025316456,
        "balanced_accuracy": 0.6230769230769231,
        "description": "Agreement analysis between 'naive correctness' and 'original correctness'."
    },
    "Complex tree": {
        "agreement_count": "100",
        "agreement_percentage": 67.11409395973155,
        "mcc": 0.29445182808301534,
        "accuracy": 0.6711409395973155,
        "precision": 0.4666666666666667,
        "recall": 0.6222222222222222,
        "f1_score": 0.5333333333333333,
        "balanced_accuracy": 0.6572649572649573,
        "description": "Agreement analysis between 'annotated correctness' and 'original correctness'."
    },
    "Simple tree": {
        "agreement_count": "99",
        "agreement_percentage": 66.44295302013423,
        "mcc": 0.3495205915475158,
        "accuracy": 0.6644295302013423,
        "precision": 0.4657534246575342,
        "recall": 0.7555555555555555,
        "f1_score": 0.5762711864406779,
        "balanced_accuracy": 0.6902777777777778,
        "description": "Agreement analysis between 'annotated correctness simple' and 'original correctness'."
    },
    "Naive No FSL": {
        "agreement_count": "112",
        "agreement_percentage": 75.16778523489933,
        "mcc": 0.35711243172553553,
        "accuracy": 0.7516778523489933,
        "precision": 0.6428571428571429,
        "recall": 0.4,
        "f1_score": 0.4931506849315069,
        "balanced_accuracy": 0.6519230769230769,
        "description": "Agreement analysis between 'naive no fsl correctness' and 'original correctness'."
    },
    "Function summary no FSL": {
        "agreement_count": "112",
        "agreement_percentage": 75.16778523489933,
        "mcc": 0.3493392450541886,
        "accuracy": 0.7516778523489933,
        "precision": 0.9,
        "recall": 0.2,
        "f1_score": 0.32727272727272727,
        "balanced_accuracy": 0.5951923076923077,
        "description": "Agreement analysis between 'Correctness no fsl' and 'original correctness'."
    },
    "Simple verify": {
        "agreement_count": "106",
        "agreement_percentage": 71.14093959731544,
        "mcc": 0.2942109347053772,
        "accuracy": 0.7114093959731543,
        "precision": 0.525,
        "recall": 0.4666666666666667,
        "f1_score": 0.49411764705882355,
        "balanced_accuracy": 0.6419871794871794,
        "description": "Agreement analysis between 'simple verify' and 'original correctness'."
    },
    "Complex verify": {
        "agreement_count": "105",
        "agreement_percentage": 70.46979865771812,
        "mcc": 0.2820579149067535,
        "accuracy": 0.7046979865771812,
        "precision": 0.5121951219512195,
        "recall": 0.4666666666666667,
        "f1_score": 0.48837209302325585,
        "balanced_accuracy": 0.6371794871794871,
        "description": "Agreement analysis between 'complex verify' and 'original correctness'."
    },
    "Default verify": {
        "agreement_count": "108",
        "agreement_percentage": 72.48322147651007,
        "mcc": 0.27528810834966994,
        "accuracy": 0.7248322147651006,
        "precision": 0.5769230769230769,
        "recall": 0.3333333333333333,
        "f1_score": 0.4225352112676057,
        "balanced_accuracy": 0.6137820512820513,
        "description": "Agreement analysis between 'default verify' and 'original correctness'."
    },
    "Simple verify no FSL": {
        "agreement_count": "114",
        "agreement_percentage": 76.51006711409396,
        "mcc": 0.4086298827741654,
        "accuracy": 0.7651006711409396,
        "precision": 0.6470588235294118,
        "recall": 0.4888888888888889,
        "f1_score": 0.5569620253164557,
        "balanced_accuracy": 0.6867521367521368,
        "description": "Agreement analysis between 'simple verify no fsl' and 'original correctness'."
    },
    "Complex verify no FSL": {
        "agreement_count": "111",
        "agreement_percentage": 74.49664429530202,
        "mcc": 0.36627018472208217,
        "accuracy": 0.7449664429530202,
        "precision": 0.5945945945945946,
        "recall": 0.4888888888888889,
        "f1_score": 0.5365853658536586,
        "balanced_accuracy": 0.6723290598290598,
        "description": "Agreement analysis between 'complex verify no fsl' and 'original correctness'."
    },
    "Default verify no FSL": {
        "agreement_count": "113",
        "agreement_percentage": 75.83892617449665,
        "mcc": 0.3736331401431073,
        "accuracy": 0.7583892617449665,
        "precision": 0.6666666666666666,
        "recall": 0.4,
        "f1_score": 0.5,
        "balanced_accuracy": 0.6567307692307692,
        "description": "Agreement analysis between 'default verify no fsl' and 'original correctness'."
    },
    "naive_correctness_vs_correctness_diff": {
        "description": "Analysis of cases where 'naive correctness' and 'Correctness' differ.",
        "count": 30,
        "original_agreement_count": "13",
        "original_agreement_percentage": 43.333333333333336
    },
    "naive_correctness_vs_correctness_same": {
        "description": "Analysis of cases where 'naive correctness' and 'Correctness' are the same.",
        "count": 119,
        "original_agreement_count": "93",
        "original_disagreement_count": "26"
    }
}