{
    "total_valid_rows": {
        "value": 148,
        "description": "Total number of valid rows after preprocessing and removing invalid entries."
    },
    "Function summary": {
        "agreement_count": "114",
        "agreement_percentage": 77.02702702702703,
        "mcc": 0.40570584513314345,
        "accuracy": 0.7702702702702703,
        "precision": 0.7391304347826086,
        "recall": 0.37777777777777777,
        "f1_score": 0.5,
        "balanced_accuracy": 0.6597626752966559,
        "description": "Agreement analysis between 'Correctness' and 'original correctness'."
    },
    "Naive": {
        "agreement_count": "97",
        "agreement_percentage": 65.54054054054053,
        "mcc": 0.22119712114739323,
        "accuracy": 0.6554054054054054,
        "precision": 0.4423076923076923,
        "recall": 0.5111111111111111,
        "f1_score": 0.4742268041237113,
        "balanced_accuracy": 0.6147788565264294,
        "description": "Agreement analysis between 'naive correctness' and 'original correctness'."
    },
    "Complex tree": {
        "agreement_count": "88",
        "agreement_percentage": 59.45945945945946,
        "mcc": 0.22309012666798236,
        "accuracy": 0.5945945945945946,
        "precision": 0.4025974025974026,
        "recall": 0.6888888888888889,
        "f1_score": 0.5081967213114754,
        "balanced_accuracy": 0.621143473570658,
        "description": "Agreement analysis between 'annotated correctness' and 'original correctness'."
    },
    "Simple tree": {
        "agreement_count": "101",
        "agreement_percentage": 68.24324324324324,
        "mcc": 0.32181125788015563,
        "accuracy": 0.6824324324324325,
        "precision": 0.48333333333333334,
        "recall": 0.6444444444444445,
        "f1_score": 0.5523809523809524,
        "balanced_accuracy": 0.6717367853290184,
        "description": "Agreement analysis between 'annotated correctness simple' and 'original correctness'."
    },
    "Naive No FSL": {
        "agreement_count": "107",
        "agreement_percentage": 72.2972972972973,
        "mcc": 0.3332908785264483,
        "accuracy": 0.722972972972973,
        "precision": 0.5476190476190477,
        "recall": 0.5111111111111111,
        "f1_score": 0.5287356321839081,
        "balanced_accuracy": 0.6633225458468177,
        "description": "Agreement analysis between 'naive no fsl correctness' and 'original correctness'."
    },
    "Function summary no FSL": {
        "agreement_count": "110",
        "agreement_percentage": 74.32432432432432,
        "mcc": 0.3246194642017387,
        "accuracy": 0.7432432432432432,
        "precision": 0.6521739130434783,
        "recall": 0.3333333333333333,
        "f1_score": 0.44117647058823534,
        "balanced_accuracy": 0.627831715210356,
        "description": "Agreement analysis between 'Correctness no fsl' and 'original correctness'."
    },
    "Simple verify": {
        "agreement_count": "100",
        "agreement_percentage": 67.56756756756756,
        "mcc": 0.2625061323149324,
        "accuracy": 0.6756756756756757,
        "precision": 0.47058823529411764,
        "recall": 0.5333333333333333,
        "f1_score": 0.5,
        "balanced_accuracy": 0.6355987055016181,
        "description": "Agreement analysis between 'simple verify' and 'original correctness'."
    },
    "Complex verify": {
        "agreement_count": "98",
        "agreement_percentage": 66.21621621621621,
        "mcc": 0.2616638114561178,
        "accuracy": 0.6621621621621622,
        "precision": 0.45614035087719296,
        "recall": 0.5777777777777777,
        "f1_score": 0.5098039215686275,
        "balanced_accuracy": 0.6384034519956849,
        "description": "Agreement analysis between 'complex verify' and 'original correctness'."
    },
    "Default verify": {
        "agreement_count": "103",
        "agreement_percentage": 69.5945945945946,
        "mcc": 0.22372737300692155,
        "accuracy": 0.6959459459459459,
        "precision": 0.5,
        "recall": 0.35555555555555557,
        "f1_score": 0.41558441558441556,
        "balanced_accuracy": 0.6001078748651564,
        "description": "Agreement analysis between 'default verify' and 'original correctness'."
    },
    "Simple verify no FSL": {
        "agreement_count": "106",
        "agreement_percentage": 71.62162162162163,
        "mcc": 0.3129091964466964,
        "accuracy": 0.7162162162162162,
        "precision": 0.5365853658536586,
        "recall": 0.4888888888888889,
        "f1_score": 0.5116279069767442,
        "balanced_accuracy": 0.6522114347357065,
        "description": "Agreement analysis between 'simple verify no fsl' and 'original correctness'."
    },
    "Complex verify no FSL": {
        "agreement_count": "109",
        "agreement_percentage": 73.64864864864865,
        "mcc": 0.36587149280776554,
        "accuracy": 0.7364864864864865,
        "precision": 0.5714285714285714,
        "recall": 0.5333333333333333,
        "f1_score": 0.5517241379310344,
        "balanced_accuracy": 0.6792880258899676,
        "description": "Agreement analysis between 'complex verify no fsl' and 'original correctness'."
    },
    "Default verify no FSL": {
        "agreement_count": "107",
        "agreement_percentage": 72.2972972972973,
        "mcc": 0.2670978175814586,
        "accuracy": 0.722972972972973,
        "precision": 0.5833333333333334,
        "recall": 0.3111111111111111,
        "f1_score": 0.4057971014492754,
        "balanced_accuracy": 0.6070118662351672,
        "description": "Agreement analysis between 'default verify no fsl' and 'original correctness'."
    },
    "naive_correctness_vs_correctness_diff": {
        "description": "Analysis of cases where 'naive correctness' and 'Correctness' differ.",
        "count": 35,
        "original_agreement_count": "9",
        "original_agreement_percentage": 25.71428571428571
    },
    "naive_correctness_vs_correctness_same": {
        "description": "Analysis of cases where 'naive correctness' and 'Correctness' are the same.",
        "count": 113,
        "original_agreement_count": "88",
        "original_disagreement_count": "25"
    }
}