{
    "total_valid_rows": {
        "value": 19,
        "description": "Total number of valid rows after preprocessing and removing invalid entries."
    },
    "Function summary": {
        "agreement_count": "13",
        "agreement_percentage": 68.42105263157895,
        "mcc": 0.2677248350482026,
        "accuracy": 0.6842105263157895,
        "precision": 0.6666666666666666,
        "recall": 0.2857142857142857,
        "f1_score": 0.4,
        "balanced_accuracy": 0.6011904761904762,
        "description": "Agreement analysis between 'Correctness' and 'original correctness'."
    },
    "Naive": {
        "agreement_count": "5",
        "agreement_percentage": 26.31578947368421,
        "mcc": -0.4200412794412907,
        "accuracy": 0.2631578947368421,
        "precision": 0.23076923076923078,
        "recall": 0.42857142857142855,
        "f1_score": 0.3,
        "balanced_accuracy": 0.2976190476190476,
        "description": "Agreement analysis between 'naive correctness' and 'original correctness'."
    },
    "Complex tree": {
        "agreement_count": "4",
        "agreement_percentage": 21.052631578947366,
        "mcc": -0.5346815442312336,
        "accuracy": 0.21052631578947367,
        "precision": 0.21428571428571427,
        "recall": 0.42857142857142855,
        "f1_score": 0.2857142857142857,
        "balanced_accuracy": 0.25595238095238093,
        "description": "Agreement analysis between 'annotated correctness' and 'original correctness'."
    },
    "Simple tree": {
        "agreement_count": "6",
        "agreement_percentage": 31.57894736842105,
        "mcc": -0.28690229202651557,
        "accuracy": 0.3157894736842105,
        "precision": 0.2857142857142857,
        "recall": 0.5714285714285714,
        "f1_score": 0.38095238095238093,
        "balanced_accuracy": 0.369047619047619,
        "description": "Agreement analysis between 'annotated correctness simple' and 'original correctness'."
    },
    "Naive No FSL": {
        "agreement_count": "12",
        "agreement_percentage": 63.1578947368421,
        "mcc": 0.2875273163926476,
        "accuracy": 0.631578947368421,
        "precision": 0.5,
        "recall": 0.7142857142857143,
        "f1_score": 0.588235294117647,
        "balanced_accuracy": 0.6488095238095238,
        "description": "Agreement analysis between 'naive no fsl correctness' and 'original correctness'."
    },
    "Function summary no FSL": {
        "agreement_count": "13",
        "agreement_percentage": 68.42105263157895,
        "mcc": 0.3086066999241838,
        "accuracy": 0.6842105263157895,
        "precision": 1.0,
        "recall": 0.14285714285714285,
        "f1_score": 0.25,
        "balanced_accuracy": 0.5714285714285714,
        "description": "Agreement analysis between 'Correctness no fsl' and 'original correctness'."
    },
    "Simple verify": {
        "agreement_count": "7",
        "agreement_percentage": 36.84210526315789,
        "mcc": -0.18531232916527532,
        "accuracy": 0.3684210526315789,
        "precision": 0.3076923076923077,
        "recall": 0.5714285714285714,
        "f1_score": 0.4,
        "balanced_accuracy": 0.4107142857142857,
        "description": "Agreement analysis between 'simple verify' and 'original correctness'."
    },
    "Complex verify": {
        "agreement_count": "6",
        "agreement_percentage": 31.57894736842105,
        "mcc": -0.28690229202651557,
        "accuracy": 0.3157894736842105,
        "precision": 0.2857142857142857,
        "recall": 0.5714285714285714,
        "f1_score": 0.38095238095238093,
        "balanced_accuracy": 0.369047619047619,
        "description": "Agreement analysis between 'complex verify' and 'original correctness'."
    },
    "Default verify": {
        "agreement_count": "9",
        "agreement_percentage": 47.368421052631575,
        "mcc": -0.13095238095238096,
        "accuracy": 0.47368421052631576,
        "precision": 0.2857142857142857,
        "recall": 0.2857142857142857,
        "f1_score": 0.2857142857142857,
        "balanced_accuracy": 0.43452380952380953,
        "description": "Agreement analysis between 'default verify' and 'original correctness'."
    },
    "Simple verify no FSL": {
        "agreement_count": "11",
        "agreement_percentage": 57.89473684210527,
        "mcc": 0.20935894733965593,
        "accuracy": 0.5789473684210527,
        "precision": 0.45454545454545453,
        "recall": 0.7142857142857143,
        "f1_score": 0.5555555555555556,
        "balanced_accuracy": 0.6071428571428572,
        "description": "Agreement analysis between 'simple verify no fsl' and 'original correctness'."
    },
    "Complex verify no FSL": {
        "agreement_count": "12",
        "agreement_percentage": 63.1578947368421,
        "mcc": 0.2875273163926476,
        "accuracy": 0.631578947368421,
        "precision": 0.5,
        "recall": 0.7142857142857143,
        "f1_score": 0.588235294117647,
        "balanced_accuracy": 0.6488095238095238,
        "description": "Agreement analysis between 'complex verify no fsl' and 'original correctness'."
    },
    "Default verify no FSL": {
        "agreement_count": "11",
        "agreement_percentage": 57.89473684210527,
        "mcc": 0.09523809523809523,
        "accuracy": 0.5789473684210527,
        "precision": 0.42857142857142855,
        "recall": 0.42857142857142855,
        "f1_score": 0.42857142857142855,
        "balanced_accuracy": 0.5476190476190476,
        "description": "Agreement analysis between 'default verify no fsl' and 'original correctness'."
    },
    "naive_correctness_vs_correctness_diff": {
        "description": "Analysis of cases where 'naive correctness' and 'Correctness' differ.",
        "count": 10,
        "original_agreement_count": "1",
        "original_agreement_percentage": 10.0
    },
    "naive_correctness_vs_correctness_same": {
        "description": "Analysis of cases where 'naive correctness' and 'Correctness' are the same.",
        "count": 9,
        "original_agreement_count": "4",
        "original_disagreement_count": "5"
    }
}