{
    "total_valid_rows": {
        "value": 21,
        "description": "Total number of valid rows after preprocessing and removing invalid entries."
    },
    "Function summary": {
        "agreement_count": "14",
        "agreement_percentage": 66.66666666666666,
        "mcc": 0.2401922307076307,
        "accuracy": 0.6666666666666666,
        "precision": 0.6666666666666666,
        "recall": 0.25,
        "f1_score": 0.36363636363636365,
        "balanced_accuracy": 0.5865384615384616,
        "description": "Agreement analysis between 'Correctness' and 'original correctness'."
    },
    "Naive": {
        "agreement_count": "4",
        "agreement_percentage": 19.047619047619047,
        "mcc": -0.6264144833056663,
        "accuracy": 0.19047619047619047,
        "precision": 0.09090909090909091,
        "recall": 0.125,
        "f1_score": 0.10526315789473685,
        "balanced_accuracy": 0.1778846153846154,
        "description": "Agreement analysis between 'naive correctness' and 'original correctness'."
    },
    "Complex tree": {
        "agreement_count": "10",
        "agreement_percentage": 47.61904761904761,
        "mcc": 0.062017367294604234,
        "accuracy": 0.47619047619047616,
        "precision": 0.4,
        "recall": 0.75,
        "f1_score": 0.5217391304347827,
        "balanced_accuracy": 0.5288461538461539,
        "description": "Agreement analysis between 'annotated correctness' and 'original correctness'."
    },
    "Simple tree": {
        "agreement_count": "11",
        "agreement_percentage": 52.38095238095239,
        "mcc": 0.1386750490563073,
        "accuracy": 0.5238095238095238,
        "precision": 0.42857142857142855,
        "recall": 0.75,
        "f1_score": 0.5454545454545454,
        "balanced_accuracy": 0.5673076923076923,
        "description": "Agreement analysis between 'annotated correctness simple' and 'original correctness'."
    },
    "Naive No FSL": {
        "agreement_count": "13",
        "agreement_percentage": 61.904761904761905,
        "mcc": 0.15504341823651058,
        "accuracy": 0.6190476190476191,
        "precision": 0.5,
        "recall": 0.375,
        "f1_score": 0.42857142857142855,
        "balanced_accuracy": 0.5721153846153846,
        "description": "Agreement analysis between 'naive no fsl correctness' and 'original correctness'."
    },
    "Function summary no FSL": {
        "agreement_count": "15",
        "agreement_percentage": 71.42857142857143,
        "mcc": 0.3686299079697329,
        "accuracy": 0.7142857142857143,
        "precision": 0.75,
        "recall": 0.375,
        "f1_score": 0.5,
        "balanced_accuracy": 0.6490384615384616,
        "description": "Agreement analysis between 'Correctness no fsl' and 'original correctness'."
    },
    "Simple verify": {
        "agreement_count": "8",
        "agreement_percentage": 38.095238095238095,
        "mcc": -0.2337367475021143,
        "accuracy": 0.38095238095238093,
        "precision": 0.2727272727272727,
        "recall": 0.375,
        "f1_score": 0.3157894736842105,
        "balanced_accuracy": 0.3798076923076923,
        "description": "Agreement analysis between 'simple verify' and 'original correctness'."
    },
    "Complex verify": {
        "agreement_count": "7",
        "agreement_percentage": 33.33333333333333,
        "mcc": -0.2773500981126146,
        "accuracy": 0.3333333333333333,
        "precision": 0.2857142857142857,
        "recall": 0.5,
        "f1_score": 0.36363636363636365,
        "balanced_accuracy": 0.3653846153846154,
        "description": "Agreement analysis between 'complex verify' and 'original correctness'."
    },
    "Default verify": {
        "agreement_count": "10",
        "agreement_percentage": 47.61904761904761,
        "mcc": -0.1386750490563073,
        "accuracy": 0.47619047619047616,
        "precision": 0.2857142857142857,
        "recall": 0.25,
        "f1_score": 0.26666666666666666,
        "balanced_accuracy": 0.4326923076923077,
        "description": "Agreement analysis between 'default verify' and 'original correctness'."
    },
    "Simple verify no FSL": {
        "agreement_count": "11",
        "agreement_percentage": 52.38095238095239,
        "mcc": -0.009615384615384616,
        "accuracy": 0.5238095238095238,
        "precision": 0.375,
        "recall": 0.375,
        "f1_score": 0.375,
        "balanced_accuracy": 0.4951923076923077,
        "description": "Agreement analysis between 'simple verify no fsl' and 'original correctness'."
    },
    "Complex verify no FSL": {
        "agreement_count": "12",
        "agreement_percentage": 57.14285714285714,
        "mcc": 0.06933752452815364,
        "accuracy": 0.5714285714285714,
        "precision": 0.42857142857142855,
        "recall": 0.375,
        "f1_score": 0.39999999999999997,
        "balanced_accuracy": 0.5336538461538461,
        "description": "Agreement analysis between 'complex verify no fsl' and 'original correctness'."
    },
    "Default verify no FSL": {
        "agreement_count": "12",
        "agreement_percentage": 57.14285714285714,
        "mcc": 0.021926450482675733,
        "accuracy": 0.5714285714285714,
        "precision": 0.4,
        "recall": 0.25,
        "f1_score": 0.3076923076923077,
        "balanced_accuracy": 0.5096153846153846,
        "description": "Agreement analysis between 'default verify no fsl' and 'original correctness'."
    },
    "naive_correctness_vs_correctness_diff": {
        "description": "Analysis of cases where 'naive correctness' and 'Correctness' differ.",
        "count": 12,
        "original_agreement_count": "1",
        "original_agreement_percentage": 8.333333333333332
    },
    "naive_correctness_vs_correctness_same": {
        "description": "Analysis of cases where 'naive correctness' and 'Correctness' are the same.",
        "count": 9,
        "original_agreement_count": "3",
        "original_disagreement_count": "6"
    }
}