{
    "total_valid_rows": {
        "value": 79,
        "description": "Total number of valid rows after preprocessing and removing invalid entries."
    },
    "vanilla": {
        "agreement_count": "51",
        "agreement_percentage": 64.55696202531645,
        "mcc": 0.28050097341283187,
        "accuracy": 0.6455696202531646,
        "precision": 0.5555555555555556,
        "recall": 0.625,
        "f1_score": 0.5882352941176471,
        "balanced_accuracy": 0.6422872340425532,
        "description": "Agreement analysis between 'vanilla' and 'original correctness'."
    }
}