{
    "total_valid_rows": {
        "value": 19,
        "description": "Total number of valid rows after preprocessing and removing invalid entries."
    },
    "summary fsl": {
        "agreement_count": "11",
        "agreement_percentage": 57.89473684210527,
        "mcc": 0.19096396641051544,
        "accuracy": 0.5789473684210527,
        "precision": 0.7777777777777778,
        "recall": 0.5384615384615384,
        "f1_score": 0.6363636363636364,
        "balanced_accuracy": 0.6025641025641025,
        "description": "Agreement analysis between 'summary fsl' and 'original correctness'."
    },
    "naive correctness fsl": {
        "agreement_count": "8",
        "agreement_percentage": 42.10526315789473,
        "mcc": -0.02564102564102564,
        "accuracy": 0.42105263157894735,
        "precision": 0.6666666666666666,
        "recall": 0.3076923076923077,
        "f1_score": 0.42105263157894735,
        "balanced_accuracy": 0.48717948717948717,
        "description": "Agreement analysis between 'naive correctness fsl' and 'original correctness'."
    },
    "simple tree": {
        "agreement_count": "12",
        "agreement_percentage": 63.1578947368421,
        "mcc": 0.10826639239215334,
        "accuracy": 0.631578947368421,
        "precision": 0.7142857142857143,
        "recall": 0.7692307692307693,
        "f1_score": 0.7407407407407408,
        "balanced_accuracy": 0.5512820512820513,
        "description": "Agreement analysis between 'simple tree' and 'original correctness'."
    },
    "complex tree": {
        "agreement_count": "15",
        "agreement_percentage": 78.94736842105263,
        "mcc": 0.5128205128205128,
        "accuracy": 0.7894736842105263,
        "precision": 0.8461538461538461,
        "recall": 0.8461538461538461,
        "f1_score": 0.8461538461538461,
        "balanced_accuracy": 0.7564102564102564,
        "description": "Agreement analysis between 'complex tree' and 'original correctness'."
    },
    "vanilla": {
        "agreement_count": "11",
        "agreement_percentage": 57.89473684210527,
        "mcc": 0.19096396641051544,
        "accuracy": 0.5789473684210527,
        "precision": 0.7777777777777778,
        "recall": 0.5384615384615384,
        "f1_score": 0.6363636363636364,
        "balanced_accuracy": 0.6025641025641025,
        "description": "Agreement analysis between 'vanilla' and 'original correctness'."
    },
    "vanilla_no_cot": {
        "agreement_count": "6",
        "agreement_percentage": 31.57894736842105,
        "mcc": -0.20464687117164013,
        "accuracy": 0.3157894736842105,
        "precision": 0.5,
        "recall": 0.15384615384615385,
        "f1_score": 0.23529411764705882,
        "balanced_accuracy": 0.41025641025641024,
        "description": "Agreement analysis between 'vanilla_no_cot' and 'original correctness'."
    },
    "summary": {
        "agreement_count": "13",
        "agreement_percentage": 68.42105263157895,
        "mcc": 0.2692307692307692,
        "accuracy": 0.6842105263157895,
        "precision": 0.7692307692307693,
        "recall": 0.7692307692307693,
        "f1_score": 0.7692307692307693,
        "balanced_accuracy": 0.6346153846153846,
        "description": "Agreement analysis between 'summary' and 'original correctness'."
    },
    "simple verify": {
        "agreement_count": "9",
        "agreement_percentage": 47.368421052631575,
        "mcc": 0.049416621110740085,
        "accuracy": 0.47368421052631576,
        "precision": 0.7142857142857143,
        "recall": 0.38461538461538464,
        "f1_score": 0.5,
        "balanced_accuracy": 0.5256410256410257,
        "description": "Agreement analysis between 'simple verify' and 'original correctness'."
    },
    "complex verify": {
        "agreement_count": "8",
        "agreement_percentage": 42.10526315789473,
        "mcc": -0.02564102564102564,
        "accuracy": 0.42105263157894735,
        "precision": 0.6666666666666666,
        "recall": 0.3076923076923077,
        "f1_score": 0.42105263157894735,
        "balanced_accuracy": 0.48717948717948717,
        "description": "Agreement analysis between 'complex verify' and 'original correctness'."
    },
    "summary verify": {
        "agreement_count": "9",
        "agreement_percentage": 47.368421052631575,
        "mcc": 0.049416621110740085,
        "accuracy": 0.47368421052631576,
        "precision": 0.7142857142857143,
        "recall": 0.38461538461538464,
        "f1_score": 0.5,
        "balanced_accuracy": 0.5256410256410257,
        "description": "Agreement analysis between 'summary verify' and 'original correctness'."
    },
    "simple verify fsl": {
        "agreement_count": "8",
        "agreement_percentage": 42.10526315789473,
        "mcc": -0.02564102564102564,
        "accuracy": 0.42105263157894735,
        "precision": 0.6666666666666666,
        "recall": 0.3076923076923077,
        "f1_score": 0.42105263157894735,
        "balanced_accuracy": 0.48717948717948717,
        "description": "Agreement analysis between 'simple verify fsl' and 'original correctness'."
    },
    "complex verify fsl": {
        "agreement_count": "11",
        "agreement_percentage": 57.89473684210527,
        "mcc": 0.28414557138675545,
        "accuracy": 0.5789473684210527,
        "precision": 0.8571428571428571,
        "recall": 0.46153846153846156,
        "f1_score": 0.6,
        "balanced_accuracy": 0.6474358974358975,
        "description": "Agreement analysis between 'complex verify fsl' and 'original correctness'."
    },
    "summary verify fsl": {
        "agreement_count": "8",
        "agreement_percentage": 42.10526315789473,
        "mcc": -0.02564102564102564,
        "accuracy": 0.42105263157894735,
        "precision": 0.6666666666666666,
        "recall": 0.3076923076923077,
        "f1_score": 0.42105263157894735,
        "balanced_accuracy": 0.48717948717948717,
        "description": "Agreement analysis between 'summary verify fsl' and 'original correctness'."
    }
}