{
    "total_valid_rows": {
        "value": 70,
        "description": "Total number of valid rows after preprocessing and removing invalid entries."
    },
    "Function summary": {
        "agreement_count": "37",
        "agreement_percentage": 52.85714285714286,
        "mcc": 0.1904101148539587,
        "accuracy": 0.5285714285714286,
        "precision": 0.8571428571428571,
        "recall": 0.4528301886792453,
        "f1_score": 0.5925925925925926,
        "balanced_accuracy": 0.6087680355160932,
        "description": "Agreement analysis between 'Correctness' and 'original correctness'."
    },
    "Naive": {
        "agreement_count": "39",
        "agreement_percentage": 55.714285714285715,
        "mcc": 0.1853414459949029,
        "accuracy": 0.5571428571428572,
        "precision": 0.84375,
        "recall": 0.5094339622641509,
        "f1_score": 0.6352941176470588,
        "balanced_accuracy": 0.6076581576026637,
        "description": "Agreement analysis between 'naive correctness' and 'original correctness'."
    },
    "Complex tree": {
        "agreement_count": "34",
        "agreement_percentage": 48.57142857142857,
        "mcc": -0.10251991366144537,
        "accuracy": 0.4857142857142857,
        "precision": 0.717948717948718,
        "recall": 0.5283018867924528,
        "f1_score": 0.6086956521739131,
        "balanced_accuracy": 0.4406215316315205,
        "description": "Agreement analysis between 'annotated correctness' and 'original correctness'."
    },
    "Simple tree": {
        "agreement_count": "42",
        "agreement_percentage": 60.0,
        "mcc": -0.0876803551609323,
        "accuracy": 0.6,
        "precision": 0.7358490566037735,
        "recall": 0.7358490566037735,
        "f1_score": 0.7358490566037735,
        "balanced_accuracy": 0.45615982241953384,
        "description": "Agreement analysis between 'annotated correctness simple' and 'original correctness'."
    },
    "Naive No FSL": {
        "agreement_count": "33",
        "agreement_percentage": 47.14285714285714,
        "mcc": -0.04951653415938994,
        "accuracy": 0.4714285714285714,
        "precision": 0.7352941176470589,
        "recall": 0.4716981132075472,
        "f1_score": 0.5747126436781609,
        "balanced_accuracy": 0.4711431742508324,
        "description": "Agreement analysis between 'naive no fsl correctness' and 'original correctness'."
    },
    "naive_correctness_vs_correctness_diff": {
        "description": "Analysis of cases where 'naive correctness' and 'Correctness' differ.",
        "count": 32,
        "original_agreement_count": "17",
        "original_agreement_percentage": 53.125
    },
    "naive_correctness_vs_correctness_same": {
        "description": "Analysis of cases where 'naive correctness' and 'Correctness' are the same.",
        "count": 38,
        "original_agreement_count": "22",
        "original_disagreement_count": "16"
    }
}