{
    "total_valid_rows": {
        "value": 47,
        "description": "Total number of valid rows after preprocessing and removing invalid entries."
    },
    "Function summary": {
        "agreement_count": "25",
        "agreement_percentage": 53.191489361702125,
        "mcc": 0.228744412712081,
        "accuracy": 0.5319148936170213,
        "precision": 0.8888888888888888,
        "recall": 0.4444444444444444,
        "f1_score": 0.5925925925925926,
        "balanced_accuracy": 0.6313131313131313,
        "description": "Agreement analysis between 'Correctness' and 'original correctness'."
    },
    "Naive": {
        "agreement_count": "23",
        "agreement_percentage": 48.93617021276596,
        "mcc": 0.1850228733669098,
        "accuracy": 0.48936170212765956,
        "precision": 0.875,
        "recall": 0.3888888888888889,
        "f1_score": 0.5384615384615385,
        "balanced_accuracy": 0.6035353535353536,
        "description": "Agreement analysis between 'naive correctness' and 'original correctness'."
    },
    "Complex tree": {
        "agreement_count": "20",
        "agreement_percentage": 42.5531914893617,
        "mcc": -0.21641752999951908,
        "accuracy": 0.425531914893617,
        "precision": 0.68,
        "recall": 0.4722222222222222,
        "f1_score": 0.5573770491803278,
        "balanced_accuracy": 0.37247474747474746,
        "description": "Agreement analysis between 'annotated correctness' and 'original correctness'."
    },
    "Simple tree": {
        "agreement_count": "26",
        "agreement_percentage": 55.319148936170215,
        "mcc": -0.20842350141084365,
        "accuracy": 0.5531914893617021,
        "precision": 0.7142857142857143,
        "recall": 0.6944444444444444,
        "f1_score": 0.7042253521126761,
        "balanced_accuracy": 0.3926767676767677,
        "description": "Agreement analysis between 'annotated correctness simple' and 'original correctness'."
    },
    "Naive No FSL": {
        "agreement_count": "20",
        "agreement_percentage": 42.5531914893617,
        "mcc": -0.10967970199465821,
        "accuracy": 0.425531914893617,
        "precision": 0.7142857142857143,
        "recall": 0.4166666666666667,
        "f1_score": 0.5263157894736842,
        "balanced_accuracy": 0.4356060606060606,
        "description": "Agreement analysis between 'naive no fsl correctness' and 'original correctness'."
    },
    "naive_correctness_vs_correctness_diff": {
        "description": "Analysis of cases where 'naive correctness' and 'Correctness' differ.",
        "count": 24,
        "original_agreement_count": "11",
        "original_agreement_percentage": 45.83333333333333
    },
    "naive_correctness_vs_correctness_same": {
        "description": "Analysis of cases where 'naive correctness' and 'Correctness' are the same.",
        "count": 23,
        "original_agreement_count": "12",
        "original_disagreement_count": "11"
    }
}