{
    "total_valid_rows": {
        "value": 87,
        "description": "Total number of valid rows after preprocessing and removing invalid entries."
    },
    "summary fsl": {
        "agreement_count": "48",
        "agreement_percentage": 55.172413793103445,
        "mcc": 0.20790225208260935,
        "accuracy": 0.5517241379310345,
        "precision": 0.8571428571428571,
        "recall": 0.13636363636363635,
        "f1_score": 0.2352941176470588,
        "balanced_accuracy": 0.5565539112050739,
        "description": "Agreement analysis between 'summary fsl' and 'original correctness'."
    },
    "naive correctness fsl": {
        "agreement_count": "46",
        "agreement_percentage": 52.87356321839081,
        "mcc": 0.10933052234373443,
        "accuracy": 0.5287356321839081,
        "precision": 0.6666666666666666,
        "recall": 0.13636363636363635,
        "f1_score": 0.22641509433962262,
        "balanced_accuracy": 0.5332980972515856,
        "description": "Agreement analysis between 'naive correctness fsl' and 'original correctness'."
    },
    "simple tree": {
        "agreement_count": "64",
        "agreement_percentage": 73.5632183908046,
        "mcc": 0.4750332733935902,
        "accuracy": 0.735632183908046,
        "precision": 0.7692307692307693,
        "recall": 0.6818181818181818,
        "f1_score": 0.7228915662650602,
        "balanced_accuracy": 0.7362579281183932,
        "description": "Agreement analysis between 'simple tree' and 'original correctness'."
    },
    "complex tree": {
        "agreement_count": "52",
        "agreement_percentage": 59.77011494252874,
        "mcc": 0.19640045943249632,
        "accuracy": 0.5977011494252874,
        "precision": 0.6097560975609756,
        "recall": 0.5681818181818182,
        "f1_score": 0.5882352941176471,
        "balanced_accuracy": 0.5980443974630021,
        "description": "Agreement analysis between 'complex tree' and 'original correctness'."
    },
    "vanilla": {
        "agreement_count": "60",
        "agreement_percentage": 68.96551724137932,
        "mcc": 0.3809391754720002,
        "accuracy": 0.6896551724137931,
        "precision": 0.673469387755102,
        "recall": 0.75,
        "f1_score": 0.7096774193548386,
        "balanced_accuracy": 0.688953488372093,
        "description": "Agreement analysis between 'vanilla' and 'original correctness'."
    },
    "vanilla_no_cot": {
        "agreement_count": "46",
        "agreement_percentage": 52.87356321839081,
        "mcc": 0.06682943484365403,
        "accuracy": 0.5287356321839081,
        "precision": 0.5555555555555556,
        "recall": 0.3409090909090909,
        "f1_score": 0.4225352112676057,
        "balanced_accuracy": 0.5309196617336152,
        "description": "Agreement analysis between 'vanilla_no_cot' and 'original correctness'."
    },
    "summary": {
        "agreement_count": "54",
        "agreement_percentage": 62.06896551724138,
        "mcc": 0.2458733177078495,
        "accuracy": 0.6206896551724138,
        "precision": 0.6486486486486487,
        "recall": 0.5454545454545454,
        "f1_score": 0.5925925925925926,
        "balanced_accuracy": 0.6215644820295982,
        "description": "Agreement analysis between 'summary' and 'original correctness'."
    },
    "simple verify": {
        "agreement_count": "50",
        "agreement_percentage": 57.47126436781609,
        "mcc": 0.1514367817865472,
        "accuracy": 0.5747126436781609,
        "precision": 0.5897435897435898,
        "recall": 0.5227272727272727,
        "f1_score": 0.5542168674698795,
        "balanced_accuracy": 0.5753171247357294,
        "description": "Agreement analysis between 'simple verify' and 'original correctness'."
    },
    "complex verify": {
        "agreement_count": "49",
        "agreement_percentage": 56.32183908045977,
        "mcc": 0.12893325939052314,
        "accuracy": 0.5632183908045977,
        "precision": 0.5789473684210527,
        "recall": 0.5,
        "f1_score": 0.5365853658536586,
        "balanced_accuracy": 0.563953488372093,
        "description": "Agreement analysis between 'complex verify' and 'original correctness'."
    },
    "summary verify": {
        "agreement_count": "45",
        "agreement_percentage": 51.724137931034484,
        "mcc": 0.03791054960850038,
        "accuracy": 0.5172413793103449,
        "precision": 0.5294117647058824,
        "recall": 0.4090909090909091,
        "f1_score": 0.46153846153846156,
        "balanced_accuracy": 0.5184989429175476,
        "description": "Agreement analysis between 'summary verify' and 'original correctness'."
    },
    "simple verify fsl": {
        "agreement_count": "47",
        "agreement_percentage": 54.02298850574713,
        "mcc": 0.09909666058645489,
        "accuracy": 0.5402298850574713,
        "precision": 0.5909090909090909,
        "recall": 0.29545454545454547,
        "f1_score": 0.393939393939394,
        "balanced_accuracy": 0.5430761099365751,
        "description": "Agreement analysis between 'simple verify fsl' and 'original correctness'."
    },
    "complex verify fsl": {
        "agreement_count": "50",
        "agreement_percentage": 57.47126436781609,
        "mcc": 0.17557114819078087,
        "accuracy": 0.5747126436781609,
        "precision": 0.6521739130434783,
        "recall": 0.3409090909090909,
        "f1_score": 0.44776119402985076,
        "balanced_accuracy": 0.577431289640592,
        "description": "Agreement analysis between 'complex verify fsl' and 'original correctness'."
    },
    "summary verify fsl": {
        "agreement_count": "48",
        "agreement_percentage": 55.172413793103445,
        "mcc": 0.1392875307428546,
        "accuracy": 0.5517241379310345,
        "precision": 0.6470588235294118,
        "recall": 0.25,
        "f1_score": 0.36065573770491804,
        "balanced_accuracy": 0.5552325581395349,
        "description": "Agreement analysis between 'summary verify fsl' and 'original correctness'."
    }
}