{
    "total_valid_rows": {
        "value": 455,
        "description": "Total number of valid rows after preprocessing and removing invalid entries."
    },
    "Function summary": {
        "agreement_count": "336",
        "agreement_percentage": 73.84615384615385,
        "mcc": 0.31945307186463245,
        "accuracy": 0.7384615384615385,
        "precision": 0.6046511627906976,
        "recall": 0.3795620437956204,
        "f1_score": 0.4663677130044843,
        "balanced_accuracy": 0.6363219024009549,
        "description": "Agreement analysis between 'Correctness' and 'original correctness'."
    },
    "Naive": {
        "agreement_count": "307",
        "agreement_percentage": 67.47252747252747,
        "mcc": 0.2560593354578387,
        "accuracy": 0.6747252747252748,
        "precision": 0.4645161290322581,
        "recall": 0.5255474452554745,
        "f1_score": 0.4931506849315068,
        "balanced_accuracy": 0.6322705779736492,
        "description": "Agreement analysis between 'naive correctness' and 'original correctness'."
    },
    "Complex tree": {
        "agreement_count": "266",
        "agreement_percentage": 58.46153846153847,
        "mcc": 0.24066674722635503,
        "accuracy": 0.5846153846153846,
        "precision": 0.3984375,
        "recall": 0.7445255474452555,
        "f1_score": 0.5190839694656488,
        "balanced_accuracy": 0.6301244089427536,
        "description": "Agreement analysis between 'annotated correctness' and 'original correctness'."
    },
    "Simple tree": {
        "agreement_count": "310",
        "agreement_percentage": 68.13186813186813,
        "mcc": 0.3182235500056115,
        "accuracy": 0.6813186813186813,
        "precision": 0.4782608695652174,
        "recall": 0.6423357664233577,
        "f1_score": 0.5482866043613708,
        "balanced_accuracy": 0.6702244869852637,
        "description": "Agreement analysis between 'annotated correctness simple' and 'original correctness'."
    },
    "Naive No FSL": {
        "agreement_count": "328",
        "agreement_percentage": 72.08791208791209,
        "mcc": 0.3165176341089039,
        "accuracy": 0.7208791208791209,
        "precision": 0.5409836065573771,
        "recall": 0.48175182481751827,
        "f1_score": 0.5096525096525097,
        "balanced_accuracy": 0.6528255979433504,
        "description": "Agreement analysis between 'naive no fsl correctness' and 'original correctness'."
    },
    "Function summary no FSL": {
        "agreement_count": "339",
        "agreement_percentage": 74.50549450549451,
        "mcc": 0.3207704691194712,
        "accuracy": 0.7450549450549451,
        "precision": 0.6615384615384615,
        "recall": 0.31386861313868614,
        "f1_score": 0.4257425742574257,
        "balanced_accuracy": 0.6223431116007896,
        "description": "Agreement analysis between 'Correctness no fsl' and 'original correctness'."
    },
    "Simple verify": {
        "agreement_count": "309",
        "agreement_percentage": 67.91208791208791,
        "mcc": 0.27256323855920966,
        "accuracy": 0.6791208791208792,
        "precision": 0.4716981132075472,
        "recall": 0.5474452554744526,
        "f1_score": 0.5067567567567567,
        "balanced_accuracy": 0.641647156039113,
        "description": "Agreement analysis between 'simple verify' and 'original correctness'."
    },
    "Complex verify": {
        "agreement_count": "307",
        "agreement_percentage": 67.47252747252747,
        "mcc": 0.2657509677498687,
        "accuracy": 0.6747252747252748,
        "precision": 0.4658385093167702,
        "recall": 0.5474452554744526,
        "f1_score": 0.5033557046979865,
        "balanced_accuracy": 0.6385025019510627,
        "description": "Agreement analysis between 'complex verify' and 'original correctness'."
    },
    "Default verify": {
        "agreement_count": "312",
        "agreement_percentage": 68.57142857142857,
        "mcc": 0.23930716091254747,
        "accuracy": 0.6857142857142857,
        "precision": 0.4765625,
        "recall": 0.44525547445255476,
        "f1_score": 0.46037735849056605,
        "balanced_accuracy": 0.6172818252765919,
        "description": "Agreement analysis between 'default verify' and 'original correctness'."
    },
    "Simple verify no FSL": {
        "agreement_count": "318",
        "agreement_percentage": 69.89010989010988,
        "mcc": 0.2712725464341863,
        "accuracy": 0.6989010989010989,
        "precision": 0.5,
        "recall": 0.46715328467153283,
        "f1_score": 0.4830188679245283,
        "balanced_accuracy": 0.6329477115181563,
        "description": "Agreement analysis between 'simple verify no fsl' and 'original correctness'."
    },
    "Complex verify no FSL": {
        "agreement_count": "321",
        "agreement_percentage": 70.54945054945055,
        "mcc": 0.28581960422658825,
        "accuracy": 0.7054945054945055,
        "precision": 0.5118110236220472,
        "recall": 0.4744525547445255,
        "f1_score": 0.4924242424242424,
        "balanced_accuracy": 0.639742000642703,
        "description": "Agreement analysis between 'complex verify no fsl' and 'original correctness'."
    },
    "Default verify no FSL": {
        "agreement_count": "317",
        "agreement_percentage": 69.67032967032966,
        "mcc": 0.23774791505108783,
        "accuracy": 0.6967032967032967,
        "precision": 0.4954128440366973,
        "recall": 0.39416058394160586,
        "f1_score": 0.43902439024390244,
        "balanced_accuracy": 0.6106023045494193,
        "description": "Agreement analysis between 'default verify no fsl' and 'original correctness'."
    },
    "naive_correctness_vs_correctness_diff": {
        "description": "Analysis of cases where 'naive correctness' and 'Correctness' differ.",
        "count": 97,
        "original_agreement_count": "34",
        "original_agreement_percentage": 35.051546391752574
    },
    "naive_correctness_vs_correctness_same": {
        "description": "Analysis of cases where 'naive correctness' and 'Correctness' are the same.",
        "count": 358,
        "original_agreement_count": "273",
        "original_disagreement_count": "85"
    }
}