{
    "total_valid_rows": {
        "value": 96,
        "description": "Total number of valid rows after preprocessing and removing invalid entries."
    },
    "summary fsl": {
        "agreement_count": "45",
        "agreement_percentage": 46.875,
        "mcc": 0.08760670211021505,
        "accuracy": 0.46875,
        "precision": 0.7,
        "recall": 0.12727272727272726,
        "f1_score": 0.2153846153846154,
        "balanced_accuracy": 0.5270509977827051,
        "description": "Agreement analysis between 'summary fsl' and 'original correctness'."
    },
    "naive correctness fsl": {
        "agreement_count": "50",
        "agreement_percentage": 52.083333333333336,
        "mcc": 0.16461740533760438,
        "accuracy": 0.5208333333333334,
        "precision": 0.7368421052631579,
        "recall": 0.2545454545454545,
        "f1_score": 0.37837837837837834,
        "balanced_accuracy": 0.5662971175166297,
        "description": "Agreement analysis between 'naive correctness fsl' and 'original correctness'."
    },
    "simple tree": {
        "agreement_count": "61",
        "agreement_percentage": 63.541666666666664,
        "mcc": 0.24125546936879075,
        "accuracy": 0.6354166666666666,
        "precision": 0.6612903225806451,
        "recall": 0.7454545454545455,
        "f1_score": 0.7008547008547009,
        "balanced_accuracy": 0.616629711751663,
        "description": "Agreement analysis between 'simple tree' and 'original correctness'."
    },
    "complex tree": {
        "agreement_count": "56",
        "agreement_percentage": 58.333333333333336,
        "mcc": 0.10741072919068749,
        "accuracy": 0.5833333333333334,
        "precision": 0.6027397260273972,
        "recall": 0.8,
        "f1_score": 0.6875,
        "balanced_accuracy": 0.5463414634146342,
        "description": "Agreement analysis between 'complex tree' and 'original correctness'."
    },
    "vanilla": {
        "agreement_count": "58",
        "agreement_percentage": 60.416666666666664,
        "mcc": 0.16246676498671425,
        "accuracy": 0.6041666666666666,
        "precision": 0.6231884057971014,
        "recall": 0.7818181818181819,
        "f1_score": 0.6935483870967741,
        "balanced_accuracy": 0.5738359201773836,
        "description": "Agreement analysis between 'vanilla' and 'original correctness'."
    },
    "vanilla_no_cot": {
        "agreement_count": "52",
        "agreement_percentage": 54.166666666666664,
        "mcc": 0.1289775796154229,
        "accuracy": 0.5416666666666666,
        "precision": 0.6571428571428571,
        "recall": 0.41818181818181815,
        "f1_score": 0.5111111111111111,
        "balanced_accuracy": 0.5627494456762749,
        "description": "Agreement analysis between 'vanilla_no_cot' and 'original correctness'."
    },
    "summary": {
        "agreement_count": "55",
        "agreement_percentage": 57.291666666666664,
        "mcc": 0.11418272204367774,
        "accuracy": 0.5729166666666666,
        "precision": 0.6166666666666667,
        "recall": 0.6727272727272727,
        "f1_score": 0.6434782608695652,
        "balanced_accuracy": 0.5558758314855876,
        "description": "Agreement analysis between 'summary' and 'original correctness'."
    },
    "simple verify": {
        "agreement_count": "59",
        "agreement_percentage": 61.458333333333336,
        "mcc": 0.19024803720975647,
        "accuracy": 0.6145833333333334,
        "precision": 0.6363636363636364,
        "recall": 0.7636363636363637,
        "f1_score": 0.694214876033058,
        "balanced_accuracy": 0.5891352549889135,
        "description": "Agreement analysis between 'simple verify' and 'original correctness'."
    },
    "complex verify": {
        "agreement_count": "60",
        "agreement_percentage": 62.5,
        "mcc": 0.2143904331539337,
        "accuracy": 0.625,
        "precision": 0.6461538461538462,
        "recall": 0.7636363636363637,
        "f1_score": 0.7000000000000001,
        "balanced_accuracy": 0.601330376940133,
        "description": "Agreement analysis between 'complex verify' and 'original correctness'."
    },
    "summary verify": {
        "agreement_count": "58",
        "agreement_percentage": 60.416666666666664,
        "mcc": 0.1772872030756166,
        "accuracy": 0.6041666666666666,
        "precision": 0.639344262295082,
        "recall": 0.7090909090909091,
        "f1_score": 0.6724137931034484,
        "balanced_accuracy": 0.5862527716186253,
        "description": "Agreement analysis between 'summary verify' and 'original correctness'."
    },
    "simple verify fsl": {
        "agreement_count": "57",
        "agreement_percentage": 59.375,
        "mcc": 0.26407563373891574,
        "accuracy": 0.59375,
        "precision": 0.7666666666666667,
        "recall": 0.41818181818181815,
        "f1_score": 0.5411764705882354,
        "balanced_accuracy": 0.6237250554323724,
        "description": "Agreement analysis between 'simple verify fsl' and 'original correctness'."
    },
    "complex verify fsl": {
        "agreement_count": "57",
        "agreement_percentage": 59.375,
        "mcc": 0.2531399269503094,
        "accuracy": 0.59375,
        "precision": 0.75,
        "recall": 0.43636363636363634,
        "f1_score": 0.5517241379310345,
        "balanced_accuracy": 0.6206208425720621,
        "description": "Agreement analysis between 'complex verify fsl' and 'original correctness'."
    },
    "summary verify fsl": {
        "agreement_count": "56",
        "agreement_percentage": 58.333333333333336,
        "mcc": 0.2258438877819747,
        "accuracy": 0.5833333333333334,
        "precision": 0.7272727272727273,
        "recall": 0.43636363636363634,
        "f1_score": 0.5454545454545455,
        "balanced_accuracy": 0.6084257206208425,
        "description": "Agreement analysis between 'summary verify fsl' and 'original correctness'."
    }
}