{
    "total_valid_rows": {
        "value": 34,
        "description": "Total number of valid rows after preprocessing and removing invalid entries."
    },
    "summary fsl": {
        "agreement_count": "26",
        "agreement_percentage": 76.47058823529412,
        "mcc": 0.5075725269652309,
        "accuracy": 0.7647058823529411,
        "precision": 0.7727272727272727,
        "recall": 0.85,
        "f1_score": 0.8095238095238095,
        "balanced_accuracy": 0.7464285714285714,
        "description": "Agreement analysis between 'summary fsl' and 'original correctness'."
    },
    "naive correctness fsl": {
        "agreement_count": "11",
        "agreement_percentage": 32.35294117647059,
        "mcc": -0.3255233679911786,
        "accuracy": 0.3235294117647059,
        "precision": 0.38461538461538464,
        "recall": 0.25,
        "f1_score": 0.30303030303030304,
        "balanced_accuracy": 0.3392857142857143,
        "description": "Agreement analysis between 'naive correctness fsl' and 'original correctness'."
    },
    "simple tree": {
        "agreement_count": "14",
        "agreement_percentage": 41.17647058823529,
        "mcc": -0.2427520781138061,
        "accuracy": 0.4117647058823529,
        "precision": 0.5,
        "recall": 0.55,
        "f1_score": 0.5238095238095238,
        "balanced_accuracy": 0.3821428571428572,
        "description": "Agreement analysis between 'simple tree' and 'original correctness'."
    },
    "complex tree": {
        "agreement_count": "20",
        "agreement_percentage": 58.82352941176471,
        "mcc": 0.13241022442571243,
        "accuracy": 0.5882352941176471,
        "precision": 0.6363636363636364,
        "recall": 0.7,
        "f1_score": 0.6666666666666666,
        "balanced_accuracy": 0.5642857142857143,
        "description": "Agreement analysis between 'complex tree' and 'original correctness'."
    },
    "vanilla": {
        "agreement_count": "17",
        "agreement_percentage": 50.0,
        "mcc": -0.021239769762143663,
        "accuracy": 0.5,
        "precision": 0.5789473684210527,
        "recall": 0.55,
        "f1_score": 0.5641025641025641,
        "balanced_accuracy": 0.4892857142857143,
        "description": "Agreement analysis between 'vanilla' and 'original correctness'."
    },
    "summary": {
        "agreement_count": "18",
        "agreement_percentage": 52.94117647058824,
        "mcc": 0.02857142857142857,
        "accuracy": 0.5294117647058824,
        "precision": 0.6,
        "recall": 0.6,
        "f1_score": 0.6,
        "balanced_accuracy": 0.5142857142857142,
        "description": "Agreement analysis between 'summary' and 'original correctness'."
    },
    "simple verify": {
        "agreement_count": "15",
        "agreement_percentage": 44.11764705882353,
        "mcc": -0.1663786103066024,
        "accuracy": 0.4411764705882353,
        "precision": 0.5238095238095238,
        "recall": 0.55,
        "f1_score": 0.5365853658536585,
        "balanced_accuracy": 0.41785714285714287,
        "description": "Agreement analysis between 'simple verify' and 'original correctness'."
    },
    "complex verify": {
        "agreement_count": "23",
        "agreement_percentage": 67.64705882352942,
        "mcc": 0.31075943842694237,
        "accuracy": 0.6764705882352942,
        "precision": 0.68,
        "recall": 0.85,
        "f1_score": 0.7555555555555556,
        "balanced_accuracy": 0.6392857142857142,
        "description": "Agreement analysis between 'complex verify' and 'original correctness'."
    },
    "summary verify": {
        "agreement_count": "19",
        "agreement_percentage": 55.88235294117647,
        "mcc": 0.03984095364447979,
        "accuracy": 0.5588235294117647,
        "precision": 0.6,
        "recall": 0.75,
        "f1_score": 0.6666666666666665,
        "balanced_accuracy": 0.5178571428571428,
        "description": "Agreement analysis between 'summary verify' and 'original correctness'."
    },
    "simple verify fsl": {
        "agreement_count": "10",
        "agreement_percentage": 29.411764705882355,
        "mcc": -0.49286027980681846,
        "accuracy": 0.29411764705882354,
        "precision": 0.4090909090909091,
        "recall": 0.45,
        "f1_score": 0.4285714285714286,
        "balanced_accuracy": 0.26071428571428573,
        "description": "Agreement analysis between 'simple verify fsl' and 'original correctness'."
    },
    "complex verify fsl": {
        "agreement_count": "16",
        "agreement_percentage": 47.05882352941176,
        "mcc": -0.049300664859163464,
        "accuracy": 0.47058823529411764,
        "precision": 0.5625,
        "recall": 0.45,
        "f1_score": 0.5,
        "balanced_accuracy": 0.475,
        "description": "Agreement analysis between 'complex verify fsl' and 'original correctness'."
    },
    "summary verify fsl": {
        "agreement_count": "23",
        "agreement_percentage": 67.64705882352942,
        "mcc": 0.31075943842694237,
        "accuracy": 0.6764705882352942,
        "precision": 0.68,
        "recall": 0.85,
        "f1_score": 0.7555555555555556,
        "balanced_accuracy": 0.6392857142857142,
        "description": "Agreement analysis between 'summary verify fsl' and 'original correctness'."
    }
}