{
    "total_valid_rows": {
        "value": 57,
        "description": "Total number of valid rows after preprocessing and removing invalid entries."
    },
    "summary fsl": {
        "agreement_count": "42",
        "agreement_percentage": 73.68421052631578,
        "mcc": 0.42841224443765613,
        "accuracy": 0.7368421052631579,
        "precision": 0.8571428571428571,
        "recall": 0.75,
        "f1_score": 0.7999999999999999,
        "balanced_accuracy": 0.7279411764705883,
        "description": "Agreement analysis between 'summary fsl' and 'original correctness'."
    },
    "naive correctness fsl": {
        "agreement_count": "20",
        "agreement_percentage": 35.08771929824561,
        "mcc": -0.18981415059132414,
        "accuracy": 0.3508771929824561,
        "precision": 0.5789473684210527,
        "recall": 0.275,
        "f1_score": 0.37288135593220345,
        "balanced_accuracy": 0.4022058823529412,
        "description": "Agreement analysis between 'naive correctness fsl' and 'original correctness'."
    },
    "simple tree": {
        "agreement_count": "28",
        "agreement_percentage": 49.122807017543856,
        "mcc": -0.15788748484168827,
        "accuracy": 0.49122807017543857,
        "precision": 0.6486486486486487,
        "recall": 0.6,
        "f1_score": 0.6233766233766234,
        "balanced_accuracy": 0.41764705882352937,
        "description": "Agreement analysis between 'simple tree' and 'original correctness'."
    },
    "complex tree": {
        "agreement_count": "33",
        "agreement_percentage": 57.89473684210527,
        "mcc": 0.05857791861290061,
        "accuracy": 0.5789473684210527,
        "precision": 0.7222222222222222,
        "recall": 0.65,
        "f1_score": 0.6842105263157895,
        "balanced_accuracy": 0.5308823529411765,
        "description": "Agreement analysis between 'complex tree' and 'original correctness'."
    },
    "vanilla": {
        "agreement_count": "30",
        "agreement_percentage": 52.63157894736842,
        "mcc": -0.04422319942582256,
        "accuracy": 0.5263157894736842,
        "precision": 0.6857142857142857,
        "recall": 0.6,
        "f1_score": 0.64,
        "balanced_accuracy": 0.4764705882352941,
        "description": "Agreement analysis between 'vanilla' and 'original correctness'."
    },
    "summary": {
        "agreement_count": "33",
        "agreement_percentage": 57.89473684210527,
        "mcc": 0.02711630722733202,
        "accuracy": 0.5789473684210527,
        "precision": 0.7105263157894737,
        "recall": 0.675,
        "f1_score": 0.6923076923076923,
        "balanced_accuracy": 0.5139705882352942,
        "description": "Agreement analysis between 'summary' and 'original correctness'."
    },
    "simple verify": {
        "agreement_count": "33",
        "agreement_percentage": 57.89473684210527,
        "mcc": 0.02711630722733202,
        "accuracy": 0.5789473684210527,
        "precision": 0.7105263157894737,
        "recall": 0.675,
        "f1_score": 0.6923076923076923,
        "balanced_accuracy": 0.5139705882352942,
        "description": "Agreement analysis between 'simple verify' and 'original correctness'."
    },
    "complex verify": {
        "agreement_count": "36",
        "agreement_percentage": 63.1578947368421,
        "mcc": 0.13460461064405077,
        "accuracy": 0.631578947368421,
        "precision": 0.7435897435897436,
        "recall": 0.725,
        "f1_score": 0.7341772151898733,
        "balanced_accuracy": 0.5683823529411764,
        "description": "Agreement analysis between 'complex verify' and 'original correctness'."
    },
    "summary verify": {
        "agreement_count": "35",
        "agreement_percentage": 61.40350877192983,
        "mcc": 0.045834924851410566,
        "accuracy": 0.6140350877192983,
        "precision": 0.7142857142857143,
        "recall": 0.75,
        "f1_score": 0.7317073170731706,
        "balanced_accuracy": 0.5220588235294118,
        "description": "Agreement analysis between 'summary verify' and 'original correctness'."
    },
    "simple verify fsl": {
        "agreement_count": "22",
        "agreement_percentage": 38.59649122807017,
        "mcc": -0.322947032957816,
        "accuracy": 0.38596491228070173,
        "precision": 0.5757575757575758,
        "recall": 0.475,
        "f1_score": 0.5205479452054794,
        "balanced_accuracy": 0.32573529411764707,
        "description": "Agreement analysis between 'simple verify fsl' and 'original correctness'."
    },
    "complex verify fsl": {
        "agreement_count": "29",
        "agreement_percentage": 50.877192982456144,
        "mcc": -0.035251199395531625,
        "accuracy": 0.5087719298245614,
        "precision": 0.6875,
        "recall": 0.55,
        "f1_score": 0.6111111111111112,
        "balanced_accuracy": 0.4808823529411765,
        "description": "Agreement analysis between 'complex verify fsl' and 'original correctness'."
    },
    "summary verify fsl": {
        "agreement_count": "40",
        "agreement_percentage": 70.17543859649122,
        "mcc": 0.27549355735383724,
        "accuracy": 0.7017543859649122,
        "precision": 0.7804878048780488,
        "recall": 0.8,
        "f1_score": 0.7901234567901235,
        "balanced_accuracy": 0.6352941176470588,
        "description": "Agreement analysis between 'summary verify fsl' and 'original correctness'."
    }
}