{
    "total_valid_rows": {
        "value": 51,
        "description": "Total number of valid rows after preprocessing and removing invalid entries."
    },
    "summary fsl": {
        "agreement_count": "17",
        "agreement_percentage": 33.33333333333333,
        "mcc": 0.13041013273932525,
        "accuracy": 0.3333333333333333,
        "precision": 1.0,
        "recall": 0.05555555555555555,
        "f1_score": 0.10526315789473684,
        "balanced_accuracy": 0.5277777777777778,
        "description": "Agreement analysis between 'summary fsl' and 'original correctness'."
    },
    "naive correctness fsl": {
        "agreement_count": "18",
        "agreement_percentage": 35.294117647058826,
        "mcc": 0.16137430609197573,
        "accuracy": 0.35294117647058826,
        "precision": 1.0,
        "recall": 0.08333333333333333,
        "f1_score": 0.15384615384615385,
        "balanced_accuracy": 0.5416666666666666,
        "description": "Agreement analysis between 'naive correctness fsl' and 'original correctness'."
    },
    "simple tree": {
        "agreement_count": "33",
        "agreement_percentage": 64.70588235294117,
        "mcc": 0.08000946913656627,
        "accuracy": 0.6470588235294118,
        "precision": 0.725,
        "recall": 0.8055555555555556,
        "f1_score": 0.7631578947368423,
        "balanced_accuracy": 0.5361111111111111,
        "description": "Agreement analysis between 'simple tree' and 'original correctness'."
    },
    "complex tree": {
        "agreement_count": "31",
        "agreement_percentage": 60.78431372549019,
        "mcc": 0.017425375883933072,
        "accuracy": 0.6078431372549019,
        "precision": 0.7105263157894737,
        "recall": 0.75,
        "f1_score": 0.7297297297297298,
        "balanced_accuracy": 0.5083333333333333,
        "description": "Agreement analysis between 'complex tree' and 'original correctness'."
    },
    "vanilla": {
        "agreement_count": "23",
        "agreement_percentage": 45.09803921568628,
        "mcc": -0.11646502721462165,
        "accuracy": 0.45098039215686275,
        "precision": 0.6538461538461539,
        "recall": 0.4722222222222222,
        "f1_score": 0.5483870967741936,
        "balanced_accuracy": 0.4361111111111111,
        "description": "Agreement analysis between 'vanilla' and 'original correctness'."
    },
    "vanilla_no_cot": {
        "agreement_count": "12",
        "agreement_percentage": 23.52941176470588,
        "mcc": -0.378489059622558,
        "accuracy": 0.23529411764705882,
        "precision": 0.3333333333333333,
        "recall": 0.08333333333333333,
        "f1_score": 0.13333333333333333,
        "balanced_accuracy": 0.3416666666666667,
        "description": "Agreement analysis between 'vanilla_no_cot' and 'original correctness'."
    },
    "summary": {
        "agreement_count": "27",
        "agreement_percentage": 52.94117647058824,
        "mcc": -0.05235673853646194,
        "accuracy": 0.5294117647058824,
        "precision": 0.6875,
        "recall": 0.6111111111111112,
        "f1_score": 0.6470588235294118,
        "balanced_accuracy": 0.4722222222222222,
        "description": "Agreement analysis between 'summary' and 'original correctness'."
    },
    "simple verify": {
        "agreement_count": "22",
        "agreement_percentage": 43.13725490196079,
        "mcc": -0.29663280554307314,
        "accuracy": 0.43137254901960786,
        "precision": 0.6060606060606061,
        "recall": 0.5555555555555556,
        "f1_score": 0.5797101449275361,
        "balanced_accuracy": 0.34444444444444444,
        "description": "Agreement analysis between 'simple verify' and 'original correctness'."
    },
    "complex verify": {
        "agreement_count": "28",
        "agreement_percentage": 54.90196078431373,
        "mcc": 0.010369516947304253,
        "accuracy": 0.5490196078431373,
        "precision": 0.7096774193548387,
        "recall": 0.6111111111111112,
        "f1_score": 0.6567164179104478,
        "balanced_accuracy": 0.5055555555555555,
        "description": "Agreement analysis between 'complex verify' and 'original correctness'."
    },
    "summary verify": {
        "agreement_count": "28",
        "agreement_percentage": 54.90196078431373,
        "mcc": 0.08114408259335794,
        "accuracy": 0.5490196078431373,
        "precision": 0.7407407407407407,
        "recall": 0.5555555555555556,
        "f1_score": 0.634920634920635,
        "balanced_accuracy": 0.5444444444444445,
        "description": "Agreement analysis between 'summary verify' and 'original correctness'."
    },
    "simple verify fsl": {
        "agreement_count": "29",
        "agreement_percentage": 56.86274509803921,
        "mcc": 0.2146660306201108,
        "accuracy": 0.5686274509803921,
        "precision": 0.8181818181818182,
        "recall": 0.5,
        "f1_score": 0.6206896551724137,
        "balanced_accuracy": 0.6166666666666667,
        "description": "Agreement analysis between 'simple verify fsl' and 'original correctness'."
    },
    "complex verify fsl": {
        "agreement_count": "27",
        "agreement_percentage": 52.94117647058824,
        "mcc": 0.02034892318891199,
        "accuracy": 0.5294117647058824,
        "precision": 0.7142857142857143,
        "recall": 0.5555555555555556,
        "f1_score": 0.6250000000000001,
        "balanced_accuracy": 0.5111111111111111,
        "description": "Agreement analysis between 'complex verify fsl' and 'original correctness'."
    },
    "summary verify fsl": {
        "agreement_count": "20",
        "agreement_percentage": 39.21568627450981,
        "mcc": -0.09128709291752768,
        "accuracy": 0.39215686274509803,
        "precision": 0.6470588235294118,
        "recall": 0.3055555555555556,
        "f1_score": 0.41509433962264153,
        "balanced_accuracy": 0.4527777777777778,
        "description": "Agreement analysis between 'summary verify fsl' and 'original correctness'."
    }
}