{
    "total_valid_rows": {
        "value": 320,
        "description": "Total number of valid rows after preprocessing and removing invalid entries."
    },
    "tester": {
        "agreement_count": "184",
        "agreement_percentage": 57.49999999999999,
        "mcc": 0.18962454643352591,
        "accuracy": 0.575,
        "precision": 0.8421052631578947,
        "recall": 0.10738255033557047,
        "f1_score": 0.1904761904761905,
        "balanced_accuracy": 0.5449193453432238,
        "description": "Agreement analysis between 'tester' and 'original correctness'."
    }
}