{
    "total_valid_rows": {
        "value": 90,
        "description": "Total number of valid rows after preprocessing and removing invalid entries."
    },
    "Function summary": {
        "agreement_count": "43",
        "agreement_percentage": 47.77777777777778,
        "mcc": 0.08406032989238582,
        "accuracy": 0.4777777777777778,
        "precision": 0.7333333333333333,
        "recall": 0.36065573770491804,
        "f1_score": 0.4835164835164835,
        "balanced_accuracy": 0.5423968343697004,
        "description": "Agreement analysis between 'Correctness' and 'original correctness'."
    },
    "Naive": {
        "agreement_count": "43",
        "agreement_percentage": 47.77777777777778,
        "mcc": 0.1038562437583959,
        "accuracy": 0.4777777777777778,
        "precision": 0.75,
        "recall": 0.3442622950819672,
        "f1_score": 0.4719101123595506,
        "balanced_accuracy": 0.5514414923685698,
        "description": "Agreement analysis between 'naive correctness' and 'original correctness'."
    },
    "Complex tree": {
        "agreement_count": "50",
        "agreement_percentage": 55.55555555555556,
        "mcc": 0.03522362697923348,
        "accuracy": 0.5555555555555556,
        "precision": 0.6909090909090909,
        "recall": 0.6229508196721312,
        "f1_score": 0.6551724137931035,
        "balanced_accuracy": 0.5183719615602035,
        "description": "Agreement analysis between 'annotated correctness' and 'original correctness'."
    },
    "Simple tree": {
        "agreement_count": "46",
        "agreement_percentage": 51.11111111111111,
        "mcc": -0.24016184888383607,
        "accuracy": 0.5111111111111111,
        "precision": 0.6197183098591549,
        "recall": 0.7213114754098361,
        "f1_score": 0.6666666666666666,
        "balanced_accuracy": 0.3951384963256077,
        "description": "Agreement analysis between 'annotated correctness simple' and 'original correctness'."
    },
    "Naive No FSL": {
        "agreement_count": "37",
        "agreement_percentage": 41.11111111111111,
        "mcc": -0.13264604156148116,
        "accuracy": 0.4111111111111111,
        "precision": 0.6052631578947368,
        "recall": 0.3770491803278688,
        "f1_score": 0.46464646464646464,
        "balanced_accuracy": 0.42990390050876204,
        "description": "Agreement analysis between 'naive no fsl correctness' and 'original correctness'."
    },
    "naive_correctness_vs_correctness_diff": {
        "description": "Analysis of cases where 'naive correctness' and 'Correctness' differ.",
        "count": 36,
        "original_agreement_count": "18",
        "original_agreement_percentage": 50.0
    },
    "naive_correctness_vs_correctness_same": {
        "description": "Analysis of cases where 'naive correctness' and 'Correctness' are the same.",
        "count": 54,
        "original_agreement_count": "25",
        "original_disagreement_count": "29"
    }
}