{
    "total_valid_rows": {
        "value": 450,
        "description": "Total number of valid rows after preprocessing and removing invalid entries."
    },
    "Function summary": {
        "agreement_count": "230",
        "agreement_percentage": 51.11111111111111,
        "mcc": 0.11860084000792524,
        "accuracy": 0.5111111111111111,
        "precision": 0.865,
        "recall": 0.4726775956284153,
        "f1_score": 0.6113074204946997,
        "balanced_accuracy": 0.5756245120999219,
        "description": "Agreement analysis between 'Correctness' and 'original correctness'."
    },
    "Naive": {
        "agreement_count": "265",
        "agreement_percentage": 58.88888888888889,
        "mcc": 0.13611607790039504,
        "accuracy": 0.5888888888888889,
        "precision": 0.8605577689243028,
        "recall": 0.5901639344262295,
        "f1_score": 0.7001620745542951,
        "balanced_accuracy": 0.5867486338797814,
        "description": "Agreement analysis between 'naive correctness' and 'original correctness'."
    },
    "Complex tree": {
        "agreement_count": "239",
        "agreement_percentage": 53.11111111111111,
        "mcc": 0.008397959607537439,
        "accuracy": 0.5311111111111111,
        "precision": 0.8163265306122449,
        "recall": 0.546448087431694,
        "f1_score": 0.6546644844517184,
        "balanced_accuracy": 0.5053669008587042,
        "description": "Agreement analysis between 'annotated correctness' and 'original correctness'."
    },
    "Simple tree": {
        "agreement_count": "291",
        "agreement_percentage": 64.66666666666666,
        "mcc": 0.013308810315337502,
        "accuracy": 0.6466666666666666,
        "precision": 0.8165137614678899,
        "recall": 0.7295081967213115,
        "f1_score": 0.7705627705627706,
        "balanced_accuracy": 0.5076112412177987,
        "description": "Agreement analysis between 'annotated correctness simple' and 'original correctness'."
    },
    "Naive No FSL": {
        "agreement_count": "253",
        "agreement_percentage": 56.222222222222214,
        "mcc": 0.05294229502305327,
        "accuracy": 0.5622222222222222,
        "precision": 0.8313725490196079,
        "recall": 0.5792349726775956,
        "f1_score": 0.6827697262479872,
        "balanced_accuracy": 0.5336651053864169,
        "description": "Agreement analysis between 'naive no fsl correctness' and 'original correctness'."
    },
    "naive_correctness_vs_correctness_diff": {
        "description": "Analysis of cases where 'naive correctness' and 'Correctness' differ.",
        "count": 167,
        "original_agreement_count": "101",
        "original_agreement_percentage": 60.47904191616767
    },
    "naive_correctness_vs_correctness_same": {
        "description": "Analysis of cases where 'naive correctness' and 'Correctness' are the same.",
        "count": 283,
        "original_agreement_count": "164",
        "original_disagreement_count": "119"
    }
}