{
    "total_valid_rows": {
        "value": 448,
        "description": "Total number of valid rows after preprocessing and removing invalid entries."
    },
    "Function summary": {
        "agreement_count": "251",
        "agreement_percentage": 56.02678571428571,
        "mcc": 0.1923237729313344,
        "accuracy": 0.5602678571428571,
        "precision": 0.7584269662921348,
        "recall": 0.4671280276816609,
        "f1_score": 0.5781584582441113,
        "balanced_accuracy": 0.5983438880546669,
        "description": "Agreement analysis between 'Correctness' and 'original correctness'."
    },
    "Naive": {
        "agreement_count": "295",
        "agreement_percentage": 65.84821428571429,
        "mcc": 0.37203684414314153,
        "accuracy": 0.6584821428571429,
        "precision": 0.8469387755102041,
        "recall": 0.5743944636678201,
        "f1_score": 0.6845360824742269,
        "balanced_accuracy": 0.6928576091924006,
        "description": "Agreement analysis between 'naive correctness' and 'original correctness'."
    },
    "Complex tree": {
        "agreement_count": "264",
        "agreement_percentage": 58.92857142857143,
        "mcc": 0.18795593182838846,
        "accuracy": 0.5892857142857143,
        "precision": 0.7354260089686099,
        "recall": 0.5674740484429066,
        "f1_score": 0.640625,
        "balanced_accuracy": 0.5982024330264848,
        "description": "Agreement analysis between 'annotated correctness' and 'original correctness'."
    },
    "Simple tree": {
        "agreement_count": "286",
        "agreement_percentage": 63.83928571428571,
        "mcc": 0.2058350329660201,
        "accuracy": 0.6383928571428571,
        "precision": 0.7167235494880546,
        "recall": 0.726643598615917,
        "f1_score": 0.7216494845360825,
        "balanced_accuracy": 0.6023155099997823,
        "description": "Agreement analysis between 'annotated correctness simple' and 'original correctness'."
    },
    "Naive No FSL": {
        "agreement_count": "281",
        "agreement_percentage": 62.72321428571429,
        "mcc": 0.29415408180976843,
        "accuracy": 0.6272321428571429,
        "precision": 0.7990196078431373,
        "recall": 0.5640138408304498,
        "f1_score": 0.6612576064908722,
        "balanced_accuracy": 0.6530761028051619,
        "description": "Agreement analysis between 'naive no fsl correctness' and 'original correctness'."
    },
    "naive_correctness_vs_correctness_diff": {
        "description": "Analysis of cases where 'naive correctness' and 'Correctness' differ.",
        "count": 154,
        "original_agreement_count": "99",
        "original_agreement_percentage": 64.28571428571429
    },
    "naive_correctness_vs_correctness_same": {
        "description": "Analysis of cases where 'naive correctness' and 'Correctness' are the same.",
        "count": 294,
        "original_agreement_count": "196",
        "original_disagreement_count": "98"
    }
}