{
    "total_valid_rows": {
        "value": 28,
        "description": "Total number of valid rows after preprocessing and removing invalid entries."
    },
    "summary fsl": {
        "agreement_count": "18",
        "agreement_percentage": 64.28571428571429,
        "mcc": 0.19421215222354457,
        "accuracy": 0.6428571428571429,
        "precision": 0.6666666666666666,
        "recall": 0.18181818181818182,
        "f1_score": 0.28571428571428575,
        "balanced_accuracy": 0.5614973262032086,
        "description": "Agreement analysis between 'summary fsl' and 'original correctness'."
    },
    "naive correctness fsl": {
        "agreement_count": "14",
        "agreement_percentage": 50.0,
        "mcc": 0.015710251796769326,
        "accuracy": 0.5,
        "precision": 0.4,
        "recall": 0.5454545454545454,
        "f1_score": 0.4615384615384615,
        "balanced_accuracy": 0.5080213903743316,
        "description": "Agreement analysis between 'naive correctness fsl' and 'original correctness'."
    },
    "simple tree": {
        "agreement_count": "10",
        "agreement_percentage": 35.714285714285715,
        "mcc": -0.23924685418842448,
        "accuracy": 0.35714285714285715,
        "precision": 0.37037037037037035,
        "recall": 0.9090909090909091,
        "f1_score": 0.5263157894736842,
        "balanced_accuracy": 0.45454545454545453,
        "description": "Agreement analysis between 'simple tree' and 'original correctness'."
    },
    "complex tree": {
        "agreement_count": "12",
        "agreement_percentage": 42.857142857142854,
        "mcc": 0.15480678800427466,
        "accuracy": 0.42857142857142855,
        "precision": 0.4074074074074074,
        "recall": 1.0,
        "f1_score": 0.5789473684210525,
        "balanced_accuracy": 0.5294117647058824,
        "description": "Agreement analysis between 'complex tree' and 'original correctness'."
    },
    "vanilla": {
        "agreement_count": "11",
        "agreement_percentage": 39.285714285714285,
        "mcc": 0,
        "accuracy": 0.39285714285714285,
        "precision": 0.39285714285714285,
        "recall": 1.0,
        "f1_score": 0.5641025641025641,
        "balanced_accuracy": 0.5,
        "description": "Agreement analysis between 'vanilla' and 'original correctness'."
    },
    "vanilla_no_cot": {
        "agreement_count": "9",
        "agreement_percentage": 32.142857142857146,
        "mcc": -0.34479141358380555,
        "accuracy": 0.32142857142857145,
        "precision": 0.34615384615384615,
        "recall": 0.8181818181818182,
        "f1_score": 0.4864864864864865,
        "balanced_accuracy": 0.4090909090909091,
        "description": "Agreement analysis between 'vanilla_no_cot' and 'original correctness'."
    },
    "summary": {
        "agreement_count": "11",
        "agreement_percentage": 39.285714285714285,
        "mcc": -0.06084554357361275,
        "accuracy": 0.39285714285714285,
        "precision": 0.38461538461538464,
        "recall": 0.9090909090909091,
        "f1_score": 0.5405405405405405,
        "balanced_accuracy": 0.4839572192513369,
        "description": "Agreement analysis between 'summary' and 'original correctness'."
    },
    "simple verify": {
        "agreement_count": "11",
        "agreement_percentage": 39.285714285714285,
        "mcc": -0.06084554357361275,
        "accuracy": 0.39285714285714285,
        "precision": 0.38461538461538464,
        "recall": 0.9090909090909091,
        "f1_score": 0.5405405405405405,
        "balanced_accuracy": 0.4839572192513369,
        "description": "Agreement analysis between 'simple verify' and 'original correctness'."
    },
    "complex verify": {
        "agreement_count": "10",
        "agreement_percentage": 35.714285714285715,
        "mcc": -0.23924685418842448,
        "accuracy": 0.35714285714285715,
        "precision": 0.37037037037037035,
        "recall": 0.9090909090909091,
        "f1_score": 0.5263157894736842,
        "balanced_accuracy": 0.45454545454545453,
        "description": "Agreement analysis between 'complex verify' and 'original correctness'."
    },
    "summary verify": {
        "agreement_count": "12",
        "agreement_percentage": 42.857142857142854,
        "mcc": -0.006819150516320993,
        "accuracy": 0.42857142857142855,
        "precision": 0.391304347826087,
        "recall": 0.8181818181818182,
        "f1_score": 0.5294117647058824,
        "balanced_accuracy": 0.4973262032085562,
        "description": "Agreement analysis between 'summary verify' and 'original correctness'."
    },
    "simple verify fsl": {
        "agreement_count": "10",
        "agreement_percentage": 35.714285714285715,
        "mcc": -0.3089682853364634,
        "accuracy": 0.35714285714285715,
        "precision": 0.23076923076923078,
        "recall": 0.2727272727272727,
        "f1_score": 0.24999999999999994,
        "balanced_accuracy": 0.3422459893048128,
        "description": "Agreement analysis between 'simple verify fsl' and 'original correctness'."
    },
    "complex verify fsl": {
        "agreement_count": "11",
        "agreement_percentage": 39.285714285714285,
        "mcc": -0.2193817272381392,
        "accuracy": 0.39285714285714285,
        "precision": 0.2857142857142857,
        "recall": 0.36363636363636365,
        "f1_score": 0.32,
        "balanced_accuracy": 0.3877005347593583,
        "description": "Agreement analysis between 'complex verify fsl' and 'original correctness'."
    },
    "summary verify fsl": {
        "agreement_count": "7",
        "agreement_percentage": 25.0,
        "mcc": -0.5118906968889915,
        "accuracy": 0.25,
        "precision": 0.14285714285714285,
        "recall": 0.18181818181818182,
        "f1_score": 0.16,
        "balanced_accuracy": 0.23796791443850268,
        "description": "Agreement analysis between 'summary verify fsl' and 'original correctness'."
    }
}