{
    "total_valid_rows": {
        "value": 22,
        "description": "Total number of valid rows after preprocessing and removing invalid entries."
    },
    "summary fsl": {
        "agreement_count": "12",
        "agreement_percentage": 54.54545454545454,
        "mcc": 0.12076147288491199,
        "accuracy": 0.5454545454545454,
        "precision": 0.7,
        "recall": 0.5,
        "f1_score": 0.5833333333333334,
        "balanced_accuracy": 0.5625,
        "description": "Agreement analysis between 'summary fsl' and 'original correctness'."
    },
    "naive correctness fsl": {
        "agreement_count": "10",
        "agreement_percentage": 45.45454545454545,
        "mcc": -0.06900655593423542,
        "accuracy": 0.45454545454545453,
        "precision": 0.6,
        "recall": 0.42857142857142855,
        "f1_score": 0.5,
        "balanced_accuracy": 0.4642857142857143,
        "description": "Agreement analysis between 'naive correctness fsl' and 'original correctness'."
    },
    "simple tree": {
        "agreement_count": "15",
        "agreement_percentage": 68.18181818181817,
        "mcc": 0.26647402004950604,
        "accuracy": 0.6818181818181818,
        "precision": 0.7058823529411765,
        "recall": 0.8571428571428571,
        "f1_score": 0.7741935483870968,
        "balanced_accuracy": 0.6160714285714286,
        "description": "Agreement analysis between 'simple tree' and 'original correctness'."
    },
    "complex tree": {
        "agreement_count": "9",
        "agreement_percentage": 40.909090909090914,
        "mcc": -0.24459979523511427,
        "accuracy": 0.4090909090909091,
        "precision": 0.5384615384615384,
        "recall": 0.5,
        "f1_score": 0.5185185185185186,
        "balanced_accuracy": 0.375,
        "description": "Agreement analysis between 'complex tree' and 'original correctness'."
    },
    "vanilla": {
        "agreement_count": "11",
        "agreement_percentage": 50.0,
        "mcc": -0.11065666703449763,
        "accuracy": 0.5,
        "precision": 0.6,
        "recall": 0.6428571428571429,
        "f1_score": 0.6206896551724138,
        "balanced_accuracy": 0.44642857142857145,
        "description": "Agreement analysis between 'vanilla' and 'original correctness'."
    },
    "vanilla_no_cot": {
        "agreement_count": "10",
        "agreement_percentage": 45.45454545454545,
        "mcc": -0.017857142857142856,
        "accuracy": 0.45454545454545453,
        "precision": 0.625,
        "recall": 0.35714285714285715,
        "f1_score": 0.45454545454545453,
        "balanced_accuracy": 0.4910714285714286,
        "description": "Agreement analysis between 'vanilla_no_cot' and 'original correctness'."
    },
    "summary": {
        "agreement_count": "14",
        "agreement_percentage": 63.63636363636363,
        "mcc": 0.21428571428571427,
        "accuracy": 0.6363636363636364,
        "precision": 0.7142857142857143,
        "recall": 0.7142857142857143,
        "f1_score": 0.7142857142857143,
        "balanced_accuracy": 0.6071428571428572,
        "description": "Agreement analysis between 'summary' and 'original correctness'."
    },
    "simple verify": {
        "agreement_count": "12",
        "agreement_percentage": 54.54545454545454,
        "mcc": 0.017857142857142856,
        "accuracy": 0.5454545454545454,
        "precision": 0.6428571428571429,
        "recall": 0.6428571428571429,
        "f1_score": 0.6428571428571429,
        "balanced_accuracy": 0.5089285714285714,
        "description": "Agreement analysis between 'simple verify' and 'original correctness'."
    },
    "complex verify": {
        "agreement_count": "13",
        "agreement_percentage": 59.09090909090909,
        "mcc": 0.18898223650461363,
        "accuracy": 0.5909090909090909,
        "precision": 0.7272727272727273,
        "recall": 0.5714285714285714,
        "f1_score": 0.64,
        "balanced_accuracy": 0.5982142857142857,
        "description": "Agreement analysis between 'complex verify' and 'original correctness'."
    },
    "summary verify": {
        "agreement_count": "13",
        "agreement_percentage": 59.09090909090909,
        "mcc": 0.13977131156292244,
        "accuracy": 0.5909090909090909,
        "precision": 0.6923076923076923,
        "recall": 0.6428571428571429,
        "f1_score": 0.6666666666666666,
        "balanced_accuracy": 0.5714285714285714,
        "description": "Agreement analysis between 'summary verify' and 'original correctness'."
    },
    "simple verify fsl": {
        "agreement_count": "10",
        "agreement_percentage": 45.45454545454545,
        "mcc": 0.03857583749052298,
        "accuracy": 0.45454545454545453,
        "precision": 0.6666666666666666,
        "recall": 0.2857142857142857,
        "f1_score": 0.4,
        "balanced_accuracy": 0.5178571428571428,
        "description": "Agreement analysis between 'simple verify fsl' and 'original correctness'."
    },
    "complex verify fsl": {
        "agreement_count": "12",
        "agreement_percentage": 54.54545454545454,
        "mcc": 0.12076147288491199,
        "accuracy": 0.5454545454545454,
        "precision": 0.7,
        "recall": 0.5,
        "f1_score": 0.5833333333333334,
        "balanced_accuracy": 0.5625,
        "description": "Agreement analysis between 'complex verify fsl' and 'original correctness'."
    },
    "summary verify fsl": {
        "agreement_count": "9",
        "agreement_percentage": 40.909090909090914,
        "mcc": -0.13977131156292244,
        "accuracy": 0.4090909090909091,
        "precision": 0.5555555555555556,
        "recall": 0.35714285714285715,
        "f1_score": 0.43478260869565216,
        "balanced_accuracy": 0.4285714285714286,
        "description": "Agreement analysis between 'summary verify fsl' and 'original correctness'."
    }
}