{
    "total_valid_rows": {
        "value": 76,
        "description": "Total number of valid rows after preprocessing and removing invalid entries."
    },
    "summary fsl": {
        "agreement_count": "45",
        "agreement_percentage": 59.210526315789465,
        "mcc": 0.18741784341058307,
        "accuracy": 0.5921052631578947,
        "precision": 0.6129032258064516,
        "recall": 0.5,
        "f1_score": 0.5507246376811595,
        "balanced_accuracy": 0.5921052631578947,
        "description": "Agreement analysis between 'summary fsl' and 'original correctness'."
    },
    "naive correctness fsl": {
        "agreement_count": "45",
        "agreement_percentage": 59.210526315789465,
        "mcc": 0.23141286171755018,
        "accuracy": 0.5921052631578947,
        "precision": 0.7333333333333333,
        "recall": 0.2894736842105263,
        "f1_score": 0.4150943396226416,
        "balanced_accuracy": 0.5921052631578947,
        "description": "Agreement analysis between 'naive correctness fsl' and 'original correctness'."
    },
    "simple tree": {
        "agreement_count": "48",
        "agreement_percentage": 63.1578947368421,
        "mcc": 0.2635231383473649,
        "accuracy": 0.631578947368421,
        "precision": 0.625,
        "recall": 0.6578947368421053,
        "f1_score": 0.6410256410256411,
        "balanced_accuracy": 0.631578947368421,
        "description": "Agreement analysis between 'simple tree' and 'original correctness'."
    },
    "complex tree": {
        "agreement_count": "46",
        "agreement_percentage": 60.526315789473685,
        "mcc": 0.21170244960998524,
        "accuracy": 0.6052631578947368,
        "precision": 0.6176470588235294,
        "recall": 0.5526315789473685,
        "f1_score": 0.5833333333333334,
        "balanced_accuracy": 0.605263157894737,
        "description": "Agreement analysis between 'complex tree' and 'original correctness'."
    },
    "vanilla": {
        "agreement_count": "42",
        "agreement_percentage": 55.26315789473685,
        "mcc": 0.10767638041163309,
        "accuracy": 0.5526315789473685,
        "precision": 0.5666666666666667,
        "recall": 0.4473684210526316,
        "f1_score": 0.5,
        "balanced_accuracy": 0.5526315789473685,
        "description": "Agreement analysis between 'vanilla' and 'original correctness'."
    },
    "vanilla_no_cot": {
        "agreement_count": "40",
        "agreement_percentage": 52.63157894736842,
        "mcc": 0.0778498944161523,
        "accuracy": 0.5263157894736842,
        "precision": 0.6,
        "recall": 0.15789473684210525,
        "f1_score": 0.25,
        "balanced_accuracy": 0.5263157894736842,
        "description": "Agreement analysis between 'vanilla_no_cot' and 'original correctness'."
    },
    "summary": {
        "agreement_count": "46",
        "agreement_percentage": 60.526315789473685,
        "mcc": 0.21052631578947367,
        "accuracy": 0.6052631578947368,
        "precision": 0.6052631578947368,
        "recall": 0.6052631578947368,
        "f1_score": 0.6052631578947368,
        "balanced_accuracy": 0.6052631578947368,
        "description": "Agreement analysis between 'summary' and 'original correctness'."
    },
    "simple verify": {
        "agreement_count": "41",
        "agreement_percentage": 53.94736842105263,
        "mcc": 0.08592497251893072,
        "accuracy": 0.5394736842105263,
        "precision": 0.5652173913043478,
        "recall": 0.34210526315789475,
        "f1_score": 0.4262295081967213,
        "balanced_accuracy": 0.5394736842105263,
        "description": "Agreement analysis between 'simple verify' and 'original correctness'."
    },
    "complex verify": {
        "agreement_count": "39",
        "agreement_percentage": 51.31578947368421,
        "mcc": 0.02864165750631024,
        "accuracy": 0.5131578947368421,
        "precision": 0.5217391304347826,
        "recall": 0.3157894736842105,
        "f1_score": 0.39344262295081966,
        "balanced_accuracy": 0.513157894736842,
        "description": "Agreement analysis between 'complex verify' and 'original correctness'."
    },
    "summary verify": {
        "agreement_count": "40",
        "agreement_percentage": 52.63157894736842,
        "mcc": 0.058025885318565944,
        "accuracy": 0.5263157894736842,
        "precision": 0.5454545454545454,
        "recall": 0.3157894736842105,
        "f1_score": 0.39999999999999997,
        "balanced_accuracy": 0.5263157894736842,
        "description": "Agreement analysis between 'summary verify' and 'original correctness'."
    },
    "simple verify fsl": {
        "agreement_count": "47",
        "agreement_percentage": 61.8421052631579,
        "mcc": 0.25777491755679216,
        "accuracy": 0.618421052631579,
        "precision": 0.6956521739130435,
        "recall": 0.42105263157894735,
        "f1_score": 0.5245901639344263,
        "balanced_accuracy": 0.618421052631579,
        "description": "Agreement analysis between 'simple verify fsl' and 'original correctness'."
    },
    "complex verify fsl": {
        "agreement_count": "50",
        "agreement_percentage": 65.78947368421053,
        "mcc": 0.34815531191139565,
        "accuracy": 0.6578947368421053,
        "precision": 0.7727272727272727,
        "recall": 0.4473684210526316,
        "f1_score": 0.5666666666666667,
        "balanced_accuracy": 0.6578947368421053,
        "description": "Agreement analysis between 'complex verify fsl' and 'original correctness'."
    },
    "summary verify fsl": {
        "agreement_count": "39",
        "agreement_percentage": 51.31578947368421,
        "mcc": 0.03157544889753363,
        "accuracy": 0.5131578947368421,
        "precision": 0.5294117647058824,
        "recall": 0.23684210526315788,
        "f1_score": 0.3272727272727273,
        "balanced_accuracy": 0.5131578947368421,
        "description": "Agreement analysis between 'summary verify fsl' and 'original correctness'."
    }
}