{
    "total_valid_rows": {
        "value": 39,
        "description": "Total number of valid rows after preprocessing and removing invalid entries."
    },
    "summary fsl": {
        "agreement_count": "15",
        "agreement_percentage": 38.46153846153847,
        "mcc": 0,
        "accuracy": 0.38461538461538464,
        "precision": 0,
        "recall": 0.0,
        "f1_score": 0,
        "balanced_accuracy": 0.5,
        "description": "Agreement analysis between 'summary fsl' and 'original correctness'."
    },
    "naive correctness fsl": {
        "agreement_count": "12",
        "agreement_percentage": 30.76923076923077,
        "mcc": -0.3651483716701107,
        "accuracy": 0.3076923076923077,
        "precision": 0.0,
        "recall": 0.0,
        "f1_score": 0,
        "balanced_accuracy": 0.4,
        "description": "Agreement analysis between 'naive correctness fsl' and 'original correctness'."
    },
    "simple tree": {
        "agreement_count": "28",
        "agreement_percentage": 71.7948717948718,
        "mcc": 0.3806754432629563,
        "accuracy": 0.717948717948718,
        "precision": 0.7241379310344828,
        "recall": 0.875,
        "f1_score": 0.7924528301886793,
        "balanced_accuracy": 0.6708333333333334,
        "description": "Agreement analysis between 'simple tree' and 'original correctness'."
    },
    "complex tree": {
        "agreement_count": "24",
        "agreement_percentage": 61.53846153846154,
        "mcc": 0.15811388300841897,
        "accuracy": 0.6153846153846154,
        "precision": 0.6666666666666666,
        "recall": 0.75,
        "f1_score": 0.7058823529411765,
        "balanced_accuracy": 0.575,
        "description": "Agreement analysis between 'complex tree' and 'original correctness'."
    },
    "vanilla": {
        "agreement_count": "24",
        "agreement_percentage": 61.53846153846154,
        "mcc": 0.17748239349298847,
        "accuracy": 0.6153846153846154,
        "precision": 0.68,
        "recall": 0.7083333333333334,
        "f1_score": 0.6938775510204083,
        "balanced_accuracy": 0.5875,
        "description": "Agreement analysis between 'vanilla' and 'original correctness'."
    },
    "vanilla_no_cot": {
        "agreement_count": "15",
        "agreement_percentage": 38.46153846153847,
        "mcc": -0.10112997936948633,
        "accuracy": 0.38461538461538464,
        "precision": 0.5,
        "recall": 0.125,
        "f1_score": 0.2,
        "balanced_accuracy": 0.4625,
        "description": "Agreement analysis between 'vanilla_no_cot' and 'original correctness'."
    },
    "summary": {
        "agreement_count": "16",
        "agreement_percentage": 41.02564102564102,
        "mcc": -0.2619978189658401,
        "accuracy": 0.41025641025641024,
        "precision": 0.52,
        "recall": 0.5416666666666666,
        "f1_score": 0.5306122448979592,
        "balanced_accuracy": 0.37083333333333335,
        "description": "Agreement analysis between 'summary' and 'original correctness'."
    },
    "simple verify": {
        "agreement_count": "20",
        "agreement_percentage": 51.28205128205128,
        "mcc": 0.05723111976467626,
        "accuracy": 0.5128205128205128,
        "precision": 0.6470588235294118,
        "recall": 0.4583333333333333,
        "f1_score": 0.5365853658536585,
        "balanced_accuracy": 0.5291666666666667,
        "description": "Agreement analysis between 'simple verify' and 'original correctness'."
    },
    "complex verify": {
        "agreement_count": "18",
        "agreement_percentage": 46.15384615384615,
        "mcc": -0.07299963950884314,
        "accuracy": 0.46153846153846156,
        "precision": 0.5789473684210527,
        "recall": 0.4583333333333333,
        "f1_score": 0.5116279069767442,
        "balanced_accuracy": 0.4625,
        "description": "Agreement analysis between 'complex verify' and 'original correctness'."
    },
    "summary verify": {
        "agreement_count": "19",
        "agreement_percentage": 48.717948717948715,
        "mcc": -0.05723111976467626,
        "accuracy": 0.48717948717948717,
        "precision": 0.5909090909090909,
        "recall": 0.5416666666666666,
        "f1_score": 0.5652173913043478,
        "balanced_accuracy": 0.4708333333333333,
        "description": "Agreement analysis between 'summary verify' and 'original correctness'."
    },
    "simple verify fsl": {
        "agreement_count": "20",
        "agreement_percentage": 51.28205128205128,
        "mcc": 0.03244428422615251,
        "accuracy": 0.5128205128205128,
        "precision": 0.631578947368421,
        "recall": 0.5,
        "f1_score": 0.5581395348837209,
        "balanced_accuracy": 0.5166666666666666,
        "description": "Agreement analysis between 'simple verify fsl' and 'original correctness'."
    },
    "complex verify fsl": {
        "agreement_count": "21",
        "agreement_percentage": 53.84615384615385,
        "mcc": 0.12363383876171007,
        "accuracy": 0.5384615384615384,
        "precision": 0.6875,
        "recall": 0.4583333333333333,
        "f1_score": 0.5499999999999999,
        "balanced_accuracy": 0.5625,
        "description": "Agreement analysis between 'complex verify fsl' and 'original correctness'."
    },
    "summary verify fsl": {
        "agreement_count": "20",
        "agreement_percentage": 51.28205128205128,
        "mcc": 0.05723111976467626,
        "accuracy": 0.5128205128205128,
        "precision": 0.6470588235294118,
        "recall": 0.4583333333333333,
        "f1_score": 0.5365853658536585,
        "balanced_accuracy": 0.5291666666666667,
        "description": "Agreement analysis between 'summary verify fsl' and 'original correctness'."
    }
}