question_id,generation_passes,generation_total,generation_pass_rate,generation_tokens,repair_passes,repair_total,repair_pass_rate,repair_tokens
4004,130,310,0.41935483870967744,1391.0,43,310,0.13870967741935483,2297.0
4058,39,74,0.527027027027027,1601.0,10,74,0.13513513513513514,2351.0
4063,19,68,0.27941176470588236,957.0,19,68,0.27941176470588236,2723.0
Overall,188,452,0.415929203539823,1316.3333333333333,72,452,0.1592920353982301,2457.0
