question_id,generation_passes,generation_total,generation_pass_rate,generation_tokens,repair_passes,repair_total,repair_pass_rate,repair_tokens
4004,146,310,0.47096774193548385,1239,92,310,0.2967741935483871,2071
4058,28,74,0.3783783783783784,1510,25,74,0.33783783783783783,2116
4063,10,68,0.14705882352941177,966,1,68,0.014705882352941176,1403
