question_id,generation_passes,generation_total,generation_pass_rate,generation_tokens,repair_passes,repair_total,repair_pass_rate,repair_tokens
4117,39,46,0.8478260869565217,991.0,0,23,0.0,874.0
4155,6,38,0.15789473684210525,900.0,4,38,0.10526315789473684,1238.0
4164,35,36,0.9722222222222222,736.0,17,18,0.9444444444444444,514.0
Overall,80,120,0.6666666666666666,875.6666666666666,21,79,0.26582278481012656,875.3333333333334
