{
    "total_valid_rows": {
        "value": 97,
        "description": "Total number of valid rows after preprocessing and removing invalid entries."
    },
    "summary fsl": {
        "agreement_count": "56",
        "agreement_percentage": 57.73195876288659,
        "mcc": 0.1719907336049852,
        "accuracy": 0.5773195876288659,
        "precision": 0.75,
        "recall": 0.13333333333333333,
        "f1_score": 0.22641509433962267,
        "balanced_accuracy": 0.5474358974358975,
        "description": "Agreement analysis between 'summary fsl' and 'original correctness'."
    },
    "naive correctness fsl": {
        "agreement_count": "58",
        "agreement_percentage": 59.79381443298969,
        "mcc": 0.22848097588527447,
        "accuracy": 0.5979381443298969,
        "precision": 0.8,
        "recall": 0.17777777777777778,
        "f1_score": 0.2909090909090909,
        "balanced_accuracy": 0.5696581196581196,
        "description": "Agreement analysis between 'naive correctness fsl' and 'original correctness'."
    },
    "simple tree": {
        "agreement_count": "63",
        "agreement_percentage": 64.94845360824742,
        "mcc": 0.2952991452991453,
        "accuracy": 0.6494845360824743,
        "precision": 0.6222222222222222,
        "recall": 0.6222222222222222,
        "f1_score": 0.6222222222222222,
        "balanced_accuracy": 0.6476495726495727,
        "description": "Agreement analysis between 'simple tree' and 'original correctness'."
    },
    "complex tree": {
        "agreement_count": "59",
        "agreement_percentage": 60.824742268041234,
        "mcc": 0.22474348016695922,
        "accuracy": 0.6082474226804123,
        "precision": 0.5660377358490566,
        "recall": 0.6666666666666666,
        "f1_score": 0.6122448979591837,
        "balanced_accuracy": 0.6121794871794872,
        "description": "Agreement analysis between 'complex tree' and 'original correctness'."
    },
    "summary": {
        "agreement_count": "56",
        "agreement_percentage": 57.73195876288659,
        "mcc": 0.14666971913795468,
        "accuracy": 0.5773195876288659,
        "precision": 0.5476190476190477,
        "recall": 0.5111111111111111,
        "f1_score": 0.5287356321839081,
        "balanced_accuracy": 0.5728632478632478,
        "description": "Agreement analysis between 'summary' and 'original correctness'."
    },
    "simple verify": {
        "agreement_count": "67",
        "agreement_percentage": 69.0721649484536,
        "mcc": 0.3766651842128604,
        "accuracy": 0.6907216494845361,
        "precision": 0.6744186046511628,
        "recall": 0.6444444444444445,
        "f1_score": 0.6590909090909091,
        "balanced_accuracy": 0.6876068376068376,
        "description": "Agreement analysis between 'simple verify' and 'original correctness'."
    },
    "complex verify": {
        "agreement_count": "66",
        "agreement_percentage": 68.04123711340206,
        "mcc": 0.35527621116701047,
        "accuracy": 0.6804123711340206,
        "precision": 0.6666666666666666,
        "recall": 0.6222222222222222,
        "f1_score": 0.6436781609195403,
        "balanced_accuracy": 0.6764957264957265,
        "description": "Agreement analysis between 'complex verify' and 'original correctness'."
    },
    "summary verify": {
        "agreement_count": "63",
        "agreement_percentage": 64.94845360824742,
        "mcc": 0.29121958168329676,
        "accuracy": 0.6494845360824743,
        "precision": 0.6410256410256411,
        "recall": 0.5555555555555556,
        "f1_score": 0.5952380952380952,
        "balanced_accuracy": 0.6431623931623931,
        "description": "Agreement analysis between 'summary verify' and 'original correctness'."
    },
    "simple verify fsl": {
        "agreement_count": "64",
        "agreement_percentage": 65.97938144329896,
        "mcc": 0.3289267921022816,
        "accuracy": 0.6597938144329897,
        "precision": 0.75,
        "recall": 0.4,
        "f1_score": 0.5217391304347827,
        "balanced_accuracy": 0.6423076923076922,
        "description": "Agreement analysis between 'simple verify fsl' and 'original correctness'."
    },
    "complex verify fsl": {
        "agreement_count": "58",
        "agreement_percentage": 59.79381443298969,
        "mcc": 0.1829524002416734,
        "accuracy": 0.5979381443298969,
        "precision": 0.6071428571428571,
        "recall": 0.37777777777777777,
        "f1_score": 0.4657534246575342,
        "balanced_accuracy": 0.583119658119658,
        "description": "Agreement analysis between 'complex verify fsl' and 'original correctness'."
    },
    "summary verify fsl": {
        "agreement_count": "56",
        "agreement_percentage": 57.73195876288659,
        "mcc": 0.13712640265168488,
        "accuracy": 0.5773195876288659,
        "precision": 0.5769230769230769,
        "recall": 0.3333333333333333,
        "f1_score": 0.4225352112676057,
        "balanced_accuracy": 0.5608974358974359,
        "description": "Agreement analysis between 'summary verify fsl' and 'original correctness'."
    }
}