{
    "total_valid_rows": {
        "value": 23,
        "description": "Total number of valid rows after preprocessing and removing invalid entries."
    },
    "summary fsl": {
        "agreement_count": "10",
        "agreement_percentage": 43.47826086956522,
        "mcc": 0.2253744679276044,
        "accuracy": 0.43478260869565216,
        "precision": 1.0,
        "recall": 0.13333333333333333,
        "f1_score": 0.23529411764705882,
        "balanced_accuracy": 0.5666666666666667,
        "description": "Agreement analysis between 'summary fsl' and 'original correctness'."
    },
    "naive correctness fsl": {
        "agreement_count": "9",
        "agreement_percentage": 39.130434782608695,
        "mcc": 0.011785113019775792,
        "accuracy": 0.391304347826087,
        "precision": 0.6666666666666666,
        "recall": 0.13333333333333333,
        "f1_score": 0.2222222222222222,
        "balanced_accuracy": 0.5041666666666667,
        "description": "Agreement analysis between 'naive correctness fsl' and 'original correctness'."
    },
    "simple tree": {
        "agreement_count": "16",
        "agreement_percentage": 69.56521739130434,
        "mcc": 0.2592724864350674,
        "accuracy": 0.6956521739130435,
        "precision": 0.7,
        "recall": 0.9333333333333333,
        "f1_score": 0.8,
        "balanced_accuracy": 0.5916666666666667,
        "description": "Agreement analysis between 'simple tree' and 'original correctness'."
    },
    "complex tree": {
        "agreement_count": "16",
        "agreement_percentage": 69.56521739130434,
        "mcc": 0.2919371040605711,
        "accuracy": 0.6956521739130435,
        "precision": 0.6818181818181818,
        "recall": 1.0,
        "f1_score": 0.8108108108108109,
        "balanced_accuracy": 0.5625,
        "description": "Agreement analysis between 'complex tree' and 'original correctness'."
    },
    "vanilla": {
        "agreement_count": "14",
        "agreement_percentage": 60.86956521739131,
        "mcc": -0.1556997888323046,
        "accuracy": 0.6086956521739131,
        "precision": 0.6363636363636364,
        "recall": 0.9333333333333333,
        "f1_score": 0.7567567567567568,
        "balanced_accuracy": 0.4666666666666667,
        "description": "Agreement analysis between 'vanilla' and 'original correctness'."
    },
    "vanilla_no_cot": {
        "agreement_count": "13",
        "agreement_percentage": 56.52173913043478,
        "mcc": -0.09424212936563148,
        "accuracy": 0.5652173913043478,
        "precision": 0.631578947368421,
        "recall": 0.8,
        "f1_score": 0.7058823529411765,
        "balanced_accuracy": 0.4625,
        "description": "Agreement analysis between 'vanilla_no_cot' and 'original correctness'."
    },
    "summary": {
        "agreement_count": "17",
        "agreement_percentage": 73.91304347826086,
        "mcc": 0.3874398651698183,
        "accuracy": 0.7391304347826086,
        "precision": 0.7368421052631579,
        "recall": 0.9333333333333333,
        "f1_score": 0.8235294117647058,
        "balanced_accuracy": 0.6541666666666667,
        "description": "Agreement analysis between 'summary' and 'original correctness'."
    },
    "simple verify": {
        "agreement_count": "14",
        "agreement_percentage": 60.86956521739131,
        "mcc": -0.011785113019775792,
        "accuracy": 0.6086956521739131,
        "precision": 0.65,
        "recall": 0.8666666666666667,
        "f1_score": 0.7428571428571429,
        "balanced_accuracy": 0.49583333333333335,
        "description": "Agreement analysis between 'simple verify' and 'original correctness'."
    },
    "complex verify": {
        "agreement_count": "14",
        "agreement_percentage": 60.86956521739131,
        "mcc": -0.1556997888323046,
        "accuracy": 0.6086956521739131,
        "precision": 0.6363636363636364,
        "recall": 0.9333333333333333,
        "f1_score": 0.7567567567567568,
        "balanced_accuracy": 0.4666666666666667,
        "description": "Agreement analysis between 'complex verify' and 'original correctness'."
    },
    "summary verify": {
        "agreement_count": "14",
        "agreement_percentage": 60.86956521739131,
        "mcc": 0.057735026918962574,
        "accuracy": 0.6086956521739131,
        "precision": 0.6666666666666666,
        "recall": 0.8,
        "f1_score": 0.7272727272727272,
        "balanced_accuracy": 0.525,
        "description": "Agreement analysis between 'summary verify' and 'original correctness'."
    },
    "simple verify fsl": {
        "agreement_count": "13",
        "agreement_percentage": 56.52173913043478,
        "mcc": 0.21144501580551553,
        "accuracy": 0.5652173913043478,
        "precision": 0.7777777777777778,
        "recall": 0.4666666666666667,
        "f1_score": 0.5833333333333334,
        "balanced_accuracy": 0.6083333333333334,
        "description": "Agreement analysis between 'simple verify fsl' and 'original correctness'."
    },
    "complex verify fsl": {
        "agreement_count": "12",
        "agreement_percentage": 52.17391304347826,
        "mcc": 0.15,
        "accuracy": 0.5217391304347826,
        "precision": 0.75,
        "recall": 0.4,
        "f1_score": 0.5217391304347827,
        "balanced_accuracy": 0.575,
        "description": "Agreement analysis between 'complex verify fsl' and 'original correctness'."
    },
    "summary verify fsl": {
        "agreement_count": "10",
        "agreement_percentage": 43.47826086956522,
        "mcc": -0.09607689228305229,
        "accuracy": 0.43478260869565216,
        "precision": 0.6,
        "recall": 0.4,
        "f1_score": 0.48,
        "balanced_accuracy": 0.45,
        "description": "Agreement analysis between 'summary verify fsl' and 'original correctness'."
    }
}