{
    "total_valid_rows": {
        "value": 30,
        "description": "Total number of valid rows after preprocessing and removing invalid entries."
    },
    "summary fsl": {
        "agreement_count": "12",
        "agreement_percentage": 40.0,
        "mcc": 0,
        "accuracy": 0.4,
        "precision": 0,
        "recall": 0.0,
        "f1_score": 0,
        "balanced_accuracy": 0.5,
        "description": "Agreement analysis between 'summary fsl' and 'original correctness'."
    },
    "naive correctness fsl": {
        "agreement_count": "12",
        "agreement_percentage": 40.0,
        "mcc": 0,
        "accuracy": 0.4,
        "precision": 0,
        "recall": 0.0,
        "f1_score": 0,
        "balanced_accuracy": 0.5,
        "description": "Agreement analysis between 'naive correctness fsl' and 'original correctness'."
    },
    "simple tree": {
        "agreement_count": "19",
        "agreement_percentage": 63.33333333333333,
        "mcc": 0.20786985482077452,
        "accuracy": 0.6333333333333333,
        "precision": 0.6666666666666666,
        "recall": 0.7777777777777778,
        "f1_score": 0.717948717948718,
        "balanced_accuracy": 0.5972222222222222,
        "description": "Agreement analysis between 'simple tree' and 'original correctness'."
    },
    "complex tree": {
        "agreement_count": "19",
        "agreement_percentage": 63.33333333333333,
        "mcc": 0.19304683562633607,
        "accuracy": 0.6333333333333333,
        "precision": 0.6521739130434783,
        "recall": 0.8333333333333334,
        "f1_score": 0.7317073170731708,
        "balanced_accuracy": 0.5833333333333334,
        "description": "Agreement analysis between 'complex tree' and 'original correctness'."
    },
    "vanilla": {
        "agreement_count": "23",
        "agreement_percentage": 76.66666666666667,
        "mcc": 0.5147915616702295,
        "accuracy": 0.7666666666666667,
        "precision": 0.7391304347826086,
        "recall": 0.9444444444444444,
        "f1_score": 0.8292682926829269,
        "balanced_accuracy": 0.7222222222222222,
        "description": "Agreement analysis between 'vanilla' and 'original correctness'."
    },
    "vanilla_no_cot": {
        "agreement_count": "14",
        "agreement_percentage": 46.666666666666664,
        "mcc": 0.21821789023599236,
        "accuracy": 0.4666666666666667,
        "precision": 1.0,
        "recall": 0.1111111111111111,
        "f1_score": 0.19999999999999998,
        "balanced_accuracy": 0.5555555555555556,
        "description": "Agreement analysis between 'vanilla_no_cot' and 'original correctness'."
    },
    "summary": {
        "agreement_count": "18",
        "agreement_percentage": 60.0,
        "mcc": 0.19094065395649332,
        "accuracy": 0.6,
        "precision": 0.6875,
        "recall": 0.6111111111111112,
        "f1_score": 0.6470588235294118,
        "balanced_accuracy": 0.5972222222222223,
        "description": "Agreement analysis between 'summary' and 'original correctness'."
    },
    "simple verify": {
        "agreement_count": "18",
        "agreement_percentage": 60.0,
        "mcc": 0.14433756729740643,
        "accuracy": 0.6,
        "precision": 0.65,
        "recall": 0.7222222222222222,
        "f1_score": 0.6842105263157895,
        "balanced_accuracy": 0.5694444444444444,
        "description": "Agreement analysis between 'simple verify' and 'original correctness'."
    },
    "complex verify": {
        "agreement_count": "19",
        "agreement_percentage": 63.33333333333333,
        "mcc": 0.19304683562633607,
        "accuracy": 0.6333333333333333,
        "precision": 0.6521739130434783,
        "recall": 0.8333333333333334,
        "f1_score": 0.7317073170731708,
        "balanced_accuracy": 0.5833333333333334,
        "description": "Agreement analysis between 'complex verify' and 'original correctness'."
    },
    "summary verify": {
        "agreement_count": "21",
        "agreement_percentage": 70.0,
        "mcc": 0.3563483225498992,
        "accuracy": 0.7,
        "precision": 0.7142857142857143,
        "recall": 0.8333333333333334,
        "f1_score": 0.7692307692307692,
        "balanced_accuracy": 0.6666666666666667,
        "description": "Agreement analysis between 'summary verify' and 'original correctness'."
    },
    "simple verify fsl": {
        "agreement_count": "16",
        "agreement_percentage": 53.333333333333336,
        "mcc": 0.14433756729740643,
        "accuracy": 0.5333333333333333,
        "precision": 0.7,
        "recall": 0.3888888888888889,
        "f1_score": 0.5,
        "balanced_accuracy": 0.5694444444444444,
        "description": "Agreement analysis between 'simple verify fsl' and 'original correctness'."
    },
    "complex verify fsl": {
        "agreement_count": "14",
        "agreement_percentage": 46.666666666666664,
        "mcc": 0.03077287274483318,
        "accuracy": 0.4666666666666667,
        "precision": 0.625,
        "recall": 0.2777777777777778,
        "f1_score": 0.3846153846153846,
        "balanced_accuracy": 0.5138888888888888,
        "description": "Agreement analysis between 'complex verify fsl' and 'original correctness'."
    },
    "summary verify fsl": {
        "agreement_count": "17",
        "agreement_percentage": 56.666666666666664,
        "mcc": 0.13608276348795434,
        "accuracy": 0.5666666666666667,
        "precision": 0.6666666666666666,
        "recall": 0.5555555555555556,
        "f1_score": 0.606060606060606,
        "balanced_accuracy": 0.5694444444444444,
        "description": "Agreement analysis between 'summary verify fsl' and 'original correctness'."
    }
}