{
    "total_valid_rows": {
        "value": 85,
        "description": "Total number of valid rows after preprocessing and removing invalid entries."
    },
    "summary fsl": {
        "agreement_count": "53",
        "agreement_percentage": 62.35294117647059,
        "mcc": 0.31929831471426645,
        "accuracy": 0.6235294117647059,
        "precision": 0.8064516129032258,
        "recall": 0.49019607843137253,
        "f1_score": 0.6097560975609755,
        "balanced_accuracy": 0.6568627450980392,
        "description": "Agreement analysis between 'summary fsl' and 'original correctness'."
    },
    "naive correctness fsl": {
        "agreement_count": "46",
        "agreement_percentage": 54.11764705882353,
        "mcc": 0.22645540682891913,
        "accuracy": 0.5411764705882353,
        "precision": 0.8,
        "recall": 0.3137254901960784,
        "f1_score": 0.45070422535211263,
        "balanced_accuracy": 0.5980392156862745,
        "description": "Agreement analysis between 'naive correctness fsl' and 'original correctness'."
    },
    "simple tree": {
        "agreement_count": "54",
        "agreement_percentage": 63.52941176470588,
        "mcc": 0.2518698839449418,
        "accuracy": 0.6352941176470588,
        "precision": 0.7083333333333334,
        "recall": 0.6666666666666666,
        "f1_score": 0.6868686868686869,
        "balanced_accuracy": 0.6274509803921569,
        "description": "Agreement analysis between 'simple tree' and 'original correctness'."
    },
    "complex tree": {
        "agreement_count": "57",
        "agreement_percentage": 67.05882352941175,
        "mcc": 0.345834250622541,
        "accuracy": 0.6705882352941176,
        "precision": 0.7674418604651163,
        "recall": 0.6470588235294118,
        "f1_score": 0.7021276595744682,
        "balanced_accuracy": 0.6764705882352942,
        "description": "Agreement analysis between 'complex tree' and 'original correctness'."
    },
    "vanilla": {
        "agreement_count": "48",
        "agreement_percentage": 56.470588235294116,
        "mcc": 0.20100756305184242,
        "accuracy": 0.5647058823529412,
        "precision": 0.7333333333333333,
        "recall": 0.43137254901960786,
        "f1_score": 0.54320987654321,
        "balanced_accuracy": 0.5980392156862745,
        "description": "Agreement analysis between 'vanilla' and 'original correctness'."
    },
    "vanilla_no_cot": {
        "agreement_count": "44",
        "agreement_percentage": 51.76470588235295,
        "mcc": 0.15352206215727943,
        "accuracy": 0.5176470588235295,
        "precision": 0.7272727272727273,
        "recall": 0.3137254901960784,
        "f1_score": 0.4383561643835617,
        "balanced_accuracy": 0.5686274509803921,
        "description": "Agreement analysis between 'vanilla_no_cot' and 'original correctness'."
    },
    "summary": {
        "agreement_count": "48",
        "agreement_percentage": 56.470588235294116,
        "mcc": 0.14433756729740643,
        "accuracy": 0.5647058823529412,
        "precision": 0.675,
        "recall": 0.5294117647058824,
        "f1_score": 0.5934065934065933,
        "balanced_accuracy": 0.5735294117647058,
        "description": "Agreement analysis between 'summary' and 'original correctness'."
    },
    "simple verify": {
        "agreement_count": "47",
        "agreement_percentage": 55.294117647058826,
        "mcc": 0.16962722969195407,
        "accuracy": 0.5529411764705883,
        "precision": 0.7096774193548387,
        "recall": 0.43137254901960786,
        "f1_score": 0.5365853658536586,
        "balanced_accuracy": 0.5833333333333334,
        "description": "Agreement analysis between 'simple verify' and 'original correctness'."
    },
    "complex verify": {
        "agreement_count": "51",
        "agreement_percentage": 60.0,
        "mcc": 0.26940795304016235,
        "accuracy": 0.6,
        "precision": 0.7741935483870968,
        "recall": 0.47058823529411764,
        "f1_score": 0.5853658536585367,
        "balanced_accuracy": 0.6323529411764706,
        "description": "Agreement analysis between 'complex verify' and 'original correctness'."
    },
    "summary verify": {
        "agreement_count": "48",
        "agreement_percentage": 56.470588235294116,
        "mcc": 0.20100756305184242,
        "accuracy": 0.5647058823529412,
        "precision": 0.7333333333333333,
        "recall": 0.43137254901960786,
        "f1_score": 0.54320987654321,
        "balanced_accuracy": 0.5980392156862745,
        "description": "Agreement analysis between 'summary verify' and 'original correctness'."
    },
    "simple verify fsl": {
        "agreement_count": "46",
        "agreement_percentage": 54.11764705882353,
        "mcc": 0.16350382386265755,
        "accuracy": 0.5411764705882353,
        "precision": 0.7142857142857143,
        "recall": 0.39215686274509803,
        "f1_score": 0.5063291139240506,
        "balanced_accuracy": 0.5784313725490196,
        "description": "Agreement analysis between 'simple verify fsl' and 'original correctness'."
    },
    "complex verify fsl": {
        "agreement_count": "48",
        "agreement_percentage": 56.470588235294116,
        "mcc": 0.22931600957379578,
        "accuracy": 0.5647058823529412,
        "precision": 0.7692307692307693,
        "recall": 0.39215686274509803,
        "f1_score": 0.5194805194805195,
        "balanced_accuracy": 0.6078431372549019,
        "description": "Agreement analysis between 'complex verify fsl' and 'original correctness'."
    },
    "summary verify fsl": {
        "agreement_count": "45",
        "agreement_percentage": 52.94117647058824,
        "mcc": 0.18931004635463394,
        "accuracy": 0.5294117647058824,
        "precision": 0.7619047619047619,
        "recall": 0.3137254901960784,
        "f1_score": 0.4444444444444444,
        "balanced_accuracy": 0.5833333333333333,
        "description": "Agreement analysis between 'summary verify fsl' and 'original correctness'."
    }
}