{
    "total_valid_rows": {
        "value": 210,
        "description": "Total number of valid rows after preprocessing and removing invalid entries."
    },
    "Function summary": {
        "agreement_count": "109",
        "agreement_percentage": 51.90476190476191,
        "mcc": 0.16774224403801122,
        "accuracy": 0.5190476190476191,
        "precision": 0.8452380952380952,
        "recall": 0.44654088050314467,
        "f1_score": 0.5843621399176955,
        "balanced_accuracy": 0.5958194598594155,
        "description": "Agreement analysis between 'Correctness' and 'original correctness'."
    },
    "Naive": {
        "agreement_count": "119",
        "agreement_percentage": 56.666666666666664,
        "mcc": 0.18423377690455517,
        "accuracy": 0.5666666666666667,
        "precision": 0.84,
        "recall": 0.5283018867924528,
        "f1_score": 0.6486486486486487,
        "balanced_accuracy": 0.6072881982981873,
        "description": "Agreement analysis between 'naive correctness' and 'original correctness'."
    },
    "Complex tree": {
        "agreement_count": "109",
        "agreement_percentage": 51.90476190476191,
        "mcc": -0.00700603404104444,
        "accuracy": 0.5190476190476191,
        "precision": 0.7543859649122807,
        "recall": 0.5408805031446541,
        "f1_score": 0.63003663003663,
        "balanced_accuracy": 0.49593044765075844,
        "description": "Agreement analysis between 'annotated correctness' and 'original correctness'."
    },
    "Simple tree": {
        "agreement_count": "127",
        "agreement_percentage": 60.476190476190474,
        "mcc": -0.04017919703129103,
        "accuracy": 0.6047619047619047,
        "precision": 0.7467532467532467,
        "recall": 0.7232704402515723,
        "f1_score": 0.7348242811501596,
        "balanced_accuracy": 0.4792822789493155,
        "description": "Agreement analysis between 'annotated correctness simple' and 'original correctness'."
    },
    "Naive No FSL": {
        "agreement_count": "110",
        "agreement_percentage": 52.38095238095239,
        "mcc": 0.06695909243881734,
        "accuracy": 0.5238095238095238,
        "precision": 0.7864077669902912,
        "recall": 0.5094339622641509,
        "f1_score": 0.6183206106870229,
        "balanced_accuracy": 0.5390307066222715,
        "description": "Agreement analysis between 'naive no fsl correctness' and 'original correctness'."
    },
    "naive_correctness_vs_correctness_diff": {
        "description": "Analysis of cases where 'naive correctness' and 'Correctness' differ.",
        "count": 86,
        "original_agreement_count": "48",
        "original_agreement_percentage": 55.81395348837209
    },
    "naive_correctness_vs_correctness_same": {
        "description": "Analysis of cases where 'naive correctness' and 'Correctness' are the same.",
        "count": 124,
        "original_agreement_count": "71",
        "original_disagreement_count": "53"
    }
}