{
    "total_valid_rows": {
        "value": 26,
        "description": "Total number of valid rows after preprocessing and removing invalid entries."
    },
    "Function summary": {
        "agreement_count": "16",
        "agreement_percentage": 61.53846153846154,
        "mcc": 0.23076923076923078,
        "accuracy": 0.6153846153846154,
        "precision": 0.6153846153846154,
        "recall": 0.6153846153846154,
        "f1_score": 0.6153846153846154,
        "balanced_accuracy": 0.6153846153846154,
        "description": "Agreement analysis between 'Correctness' and 'original correctness'."
    },
    "Naive": {
        "agreement_count": "14",
        "agreement_percentage": 53.84615384615385,
        "mcc": 0.07692307692307693,
        "accuracy": 0.5384615384615384,
        "precision": 0.5384615384615384,
        "recall": 0.5384615384615384,
        "f1_score": 0.5384615384615384,
        "balanced_accuracy": 0.5384615384615384,
        "description": "Agreement analysis between 'naive correctness' and 'original correctness'."
    },
    "Complex tree": {
        "agreement_count": "16",
        "agreement_percentage": 61.53846153846154,
        "mcc": 0.2927700218845599,
        "accuracy": 0.6153846153846154,
        "precision": 0.5714285714285714,
        "recall": 0.9230769230769231,
        "f1_score": 0.7058823529411765,
        "balanced_accuracy": 0.6153846153846154,
        "description": "Agreement analysis between 'annotated correctness' and 'original correctness'."
    },
    "Simple tree": {
        "agreement_count": "16",
        "agreement_percentage": 61.53846153846154,
        "mcc": 0.3611575592573076,
        "accuracy": 0.6153846153846154,
        "precision": 0.5652173913043478,
        "recall": 1.0,
        "f1_score": 0.7222222222222222,
        "balanced_accuracy": 0.6153846153846154,
        "description": "Agreement analysis between 'annotated correctness simple' and 'original correctness'."
    },
    "Naive No FSL": {
        "agreement_count": "16",
        "agreement_percentage": 61.53846153846154,
        "mcc": 0.242535625036333,
        "accuracy": 0.6153846153846154,
        "precision": 0.6666666666666666,
        "recall": 0.46153846153846156,
        "f1_score": 0.5454545454545455,
        "balanced_accuracy": 0.6153846153846154,
        "description": "Agreement analysis between 'naive no fsl correctness' and 'original correctness'."
    },
    "naive_correctness_vs_correctness_diff": {
        "description": "Analysis of cases where 'naive correctness' and 'Correctness' differ.",
        "count": 12,
        "original_agreement_count": "5",
        "original_agreement_percentage": 41.66666666666667
    },
    "naive_correctness_vs_correctness_same": {
        "description": "Analysis of cases where 'naive correctness' and 'Correctness' are the same.",
        "count": 14,
        "original_agreement_count": "9",
        "original_disagreement_count": "5"
    }
}