{
    "total_valid_rows": {
        "value": 311,
        "description": "Total number of valid rows after preprocessing and removing invalid entries."
    },
    "tester": {
        "agreement_count": "172",
        "agreement_percentage": 55.30546623794213,
        "mcc": 0.11993943382487698,
        "accuracy": 0.5530546623794212,
        "precision": 0.8571428571428571,
        "recall": 0.041666666666666664,
        "f1_score": 0.07947019867549669,
        "balanced_accuracy": 0.5178393213572854,
        "description": "Agreement analysis between 'tester' and 'original correctness'."
    }
}