{
    "total_valid_rows": {
        "value": 98,
        "description": "Total number of valid rows after preprocessing and removing invalid entries."
    },
    "vanilla": {
        "agreement_count": "60",
        "agreement_percentage": 61.224489795918366,
        "mcc": 0.24185917123193998,
        "accuracy": 0.6122448979591837,
        "precision": 0.5614035087719298,
        "recall": 0.7111111111111111,
        "f1_score": 0.6274509803921567,
        "balanced_accuracy": 0.619706498951782,
        "description": "Agreement analysis between 'vanilla' and 'original correctness'."
    }
}