{
    "total_valid_rows": {
        "value": 310,
        "description": "Total number of valid rows after preprocessing and removing invalid entries."
    },
    "tester": {
        "agreement_count": "158",
        "agreement_percentage": 50.967741935483865,
        "mcc": 0.003884663529031021,
        "accuracy": 0.5096774193548387,
        "precision": 0.5,
        "recall": 0.039473684210526314,
        "f1_score": 0.07317073170731707,
        "balanced_accuracy": 0.5007495003331113,
        "description": "Agreement analysis between 'tester' and 'original correctness'."
    }
}