{
    "total_valid_rows": {
        "value": 1879,
        "description": "Total number of valid rows after preprocessing and removing invalid entries."
    },
    "tester": {
        "agreement_count": "982",
        "agreement_percentage": 52.26184140500266,
        "mcc": 0.1278764440110478,
        "accuracy": 0.5226184140500266,
        "precision": 0.8703703703703703,
        "recall": 0.05016008537886873,
        "f1_score": 0.09485368314833502,
        "balanced_accuracy": 0.5213645437510055,
        "description": "Agreement analysis between 'tester' and 'original correctness'."
    }
}