{
    "total_valid_rows": {
        "value": 320,
        "description": "Total number of valid rows after preprocessing and removing invalid entries."
    },
    "tester": {
        "agreement_count": "147",
        "agreement_percentage": 45.9375,
        "mcc": 0.10660570481822075,
        "accuracy": 0.459375,
        "precision": 0.8333333333333334,
        "recall": 0.055248618784530384,
        "f1_score": 0.10362694300518134,
        "balanced_accuracy": 0.5204300647879486,
        "description": "Agreement analysis between 'tester' and 'original correctness'."
    }
}