{
    "total_valid_rows": {
        "value": 22,
        "description": "Total number of valid rows after preprocessing and removing invalid entries."
    },
    "summary fsl": {
        "agreement_count": "17",
        "agreement_percentage": 77.27272727272727,
        "mcc": 0.5669467095138409,
        "accuracy": 0.7727272727272727,
        "precision": 0.9090909090909091,
        "recall": 0.7142857142857143,
        "f1_score": 0.8,
        "balanced_accuracy": 0.7946428571428572,
        "description": "Agreement analysis between 'summary fsl' and 'original correctness'."
    },
    "naive correctness fsl": {
        "agreement_count": "11",
        "agreement_percentage": 50.0,
        "mcc": 0.30037570459305535,
        "accuracy": 0.5,
        "precision": 1.0,
        "recall": 0.21428571428571427,
        "f1_score": 0.35294117647058826,
        "balanced_accuracy": 0.6071428571428571,
        "description": "Agreement analysis between 'naive correctness fsl' and 'original correctness'."
    },
    "simple tree": {
        "agreement_count": "13",
        "agreement_percentage": 59.09090909090909,
        "mcc": 0.09221388919541469,
        "accuracy": 0.5909090909090909,
        "precision": 0.6666666666666666,
        "recall": 0.7142857142857143,
        "f1_score": 0.689655172413793,
        "balanced_accuracy": 0.5446428571428572,
        "description": "Agreement analysis between 'simple tree' and 'original correctness'."
    },
    "complex tree": {
        "agreement_count": "12",
        "agreement_percentage": 54.54545454545454,
        "mcc": -0.23904572186687872,
        "accuracy": 0.5454545454545454,
        "precision": 0.6,
        "recall": 0.8571428571428571,
        "f1_score": 0.7058823529411764,
        "balanced_accuracy": 0.42857142857142855,
        "description": "Agreement analysis between 'complex tree' and 'original correctness'."
    },
    "vanilla": {
        "agreement_count": "8",
        "agreement_percentage": 36.36363636363637,
        "mcc": -0.25877458475338283,
        "accuracy": 0.36363636363636365,
        "precision": 0.5,
        "recall": 0.35714285714285715,
        "f1_score": 0.41666666666666663,
        "balanced_accuracy": 0.3660714285714286,
        "description": "Agreement analysis between 'vanilla' and 'original correctness'."
    },
    "vanilla_no_cot": {
        "agreement_count": "10",
        "agreement_percentage": 45.45454545454545,
        "mcc": 0.11135885079684349,
        "accuracy": 0.45454545454545453,
        "precision": 0.75,
        "recall": 0.21428571428571427,
        "f1_score": 0.3333333333333333,
        "balanced_accuracy": 0.5446428571428571,
        "description": "Agreement analysis between 'vanilla_no_cot' and 'original correctness'."
    },
    "summary": {
        "agreement_count": "15",
        "agreement_percentage": 68.18181818181817,
        "mcc": 0.26647402004950604,
        "accuracy": 0.6818181818181818,
        "precision": 0.7058823529411765,
        "recall": 0.8571428571428571,
        "f1_score": 0.7741935483870968,
        "balanced_accuracy": 0.6160714285714286,
        "description": "Agreement analysis between 'summary' and 'original correctness'."
    },
    "simple verify": {
        "agreement_count": "8",
        "agreement_percentage": 36.36363636363637,
        "mcc": -0.25877458475338283,
        "accuracy": 0.36363636363636365,
        "precision": 0.5,
        "recall": 0.35714285714285715,
        "f1_score": 0.41666666666666663,
        "balanced_accuracy": 0.3660714285714286,
        "description": "Agreement analysis between 'simple verify' and 'original correctness'."
    },
    "complex verify": {
        "agreement_count": "8",
        "agreement_percentage": 36.36363636363637,
        "mcc": -0.25877458475338283,
        "accuracy": 0.36363636363636365,
        "precision": 0.5,
        "recall": 0.35714285714285715,
        "f1_score": 0.41666666666666663,
        "balanced_accuracy": 0.3660714285714286,
        "description": "Agreement analysis between 'complex verify' and 'original correctness'."
    },
    "summary verify": {
        "agreement_count": "13",
        "agreement_percentage": 59.09090909090909,
        "mcc": 0.18898223650461363,
        "accuracy": 0.5909090909090909,
        "precision": 0.7272727272727273,
        "recall": 0.5714285714285714,
        "f1_score": 0.64,
        "balanced_accuracy": 0.5982142857142857,
        "description": "Agreement analysis between 'summary verify' and 'original correctness'."
    },
    "simple verify fsl": {
        "agreement_count": "12",
        "agreement_percentage": 54.54545454545454,
        "mcc": 0.06900655593423542,
        "accuracy": 0.5454545454545454,
        "precision": 0.6666666666666666,
        "recall": 0.5714285714285714,
        "f1_score": 0.6153846153846153,
        "balanced_accuracy": 0.5357142857142857,
        "description": "Agreement analysis between 'simple verify fsl' and 'original correctness'."
    },
    "complex verify fsl": {
        "agreement_count": "11",
        "agreement_percentage": 50.0,
        "mcc": -0.052414241836095915,
        "accuracy": 0.5,
        "precision": 0.6153846153846154,
        "recall": 0.5714285714285714,
        "f1_score": 0.5925925925925927,
        "balanced_accuracy": 0.4732142857142857,
        "description": "Agreement analysis between 'complex verify fsl' and 'original correctness'."
    },
    "summary verify fsl": {
        "agreement_count": "11",
        "agreement_percentage": 50.0,
        "mcc": 0.18448201388042726,
        "accuracy": 0.5,
        "precision": 0.8,
        "recall": 0.2857142857142857,
        "f1_score": 0.4210526315789473,
        "balanced_accuracy": 0.5803571428571428,
        "description": "Agreement analysis between 'summary verify fsl' and 'original correctness'."
    }
}