{
    "hoareprompt": {
        "Agreement Count": 1120,
        "Balanced Accuracy": 0.6156128728072827,
        "True Positive Rate (TPR)": 0.5933701657458563,
        "False Negative Rate (FNR)": 0.4066298342541437,
        "False Positive Rate (FPR)": 0.36214442013129106,
        "MCC": 0.23146400050060179
    },
    "0 shot COT": {
        "Agreement Count": 1019,
        "Balanced Accuracy": 0.5595941583954931,
        "True Positive Rate (TPR)": 0.4375690607734807,
        "False Negative Rate (FNR)": 0.5624309392265193,
        "False Positive Rate (FPR)": 0.31838074398249455,
        "MCC": 0.12292196441880099
    },
    "vanilla_no_cot": {
        "Agreement Count": 1008,
        "Balanced Accuracy": 0.5525702092677443,
        "True Positive Rate (TPR)": 0.23314917127071824,
        "False Negative Rate (FNR)": 0.7668508287292818,
        "False Positive Rate (FPR)": 0.12800875273522977,
        "MCC": 0.1367386681103356
    },
    "Hoareprompt no unroll": {
            "Agreement Count": 1072,
            "Balanced Accuracy": 0.5794683178592466,
            "True Positive Rate (TPR)": 0.5712742980561555,
            "False Negative Rate (FNR)": 0.4287257019438445,
            "False Positive Rate (FPR)": 0.41233766233766234,
            "MCC": 0.15895744439044912
        
    },
    "tester": {
        "Agreement Count": 1001,
        "Balanced Accuracy": 0.5180592628715158,
        "True Positive Rate (TPR)": 0.05475206611570248,
        "False Negative Rate (FNR) / Miss Rate": 0.9452479338842975,
        "False Positive Rate (FPR)": 0.018633540372670808,
        "MCC": 0.09603303521616013
    }

}