{
    "total_valid_rows": {
        "value": 13,
        "description": "Total number of valid rows after preprocessing and removing invalid entries."
    },
    "summary fsl": {
        "agreement_count": "3",
        "agreement_percentage": 23.076923076923077,
        "mcc": 0,
        "accuracy": 0.23076923076923078,
        "precision": 0,
        "recall": 0.0,
        "f1_score": 0,
        "balanced_accuracy": 0.5,
        "description": "Agreement analysis between 'summary fsl' and 'original correctness'."
    },
    "naive correctness fsl": {
        "agreement_count": "3",
        "agreement_percentage": 23.076923076923077,
        "mcc": 0,
        "accuracy": 0.23076923076923078,
        "precision": 0,
        "recall": 0.0,
        "f1_score": 0,
        "balanced_accuracy": 0.5,
        "description": "Agreement analysis between 'naive correctness fsl' and 'original correctness'."
    },
    "simple tree": {
        "agreement_count": "10",
        "agreement_percentage": 76.92307692307693,
        "mcc": 0,
        "accuracy": 0.7692307692307693,
        "precision": 0.7692307692307693,
        "recall": 1.0,
        "f1_score": 0.8695652173913044,
        "balanced_accuracy": 0.5,
        "description": "Agreement analysis between 'simple tree' and 'original correctness'."
    },
    "complex tree": {
        "agreement_count": "12",
        "agreement_percentage": 92.3076923076923,
        "mcc": 0.778498944161523,
        "accuracy": 0.9230769230769231,
        "precision": 0.9090909090909091,
        "recall": 1.0,
        "f1_score": 0.9523809523809523,
        "balanced_accuracy": 0.8333333333333333,
        "description": "Agreement analysis between 'complex tree' and 'original correctness'."
    },
    "vanilla": {
        "agreement_count": "11",
        "agreement_percentage": 84.61538461538461,
        "mcc": 0.5270462766947299,
        "accuracy": 0.8461538461538461,
        "precision": 0.8333333333333334,
        "recall": 1.0,
        "f1_score": 0.9090909090909091,
        "balanced_accuracy": 0.6666666666666666,
        "description": "Agreement analysis between 'vanilla' and 'original correctness'."
    },
    "vanilla_no_cot": {
        "agreement_count": "8",
        "agreement_percentage": 61.53846153846154,
        "mcc": 0.03042903097250923,
        "accuracy": 0.6153846153846154,
        "precision": 0.7777777777777778,
        "recall": 0.7,
        "f1_score": 0.7368421052631577,
        "balanced_accuracy": 0.5166666666666666,
        "description": "Agreement analysis between 'vanilla_no_cot' and 'original correctness'."
    },
    "summary": {
        "agreement_count": "8",
        "agreement_percentage": 61.53846153846154,
        "mcc": 0.2253744679276044,
        "accuracy": 0.6153846153846154,
        "precision": 0.8571428571428571,
        "recall": 0.6,
        "f1_score": 0.7058823529411764,
        "balanced_accuracy": 0.6333333333333333,
        "description": "Agreement analysis between 'summary' and 'original correctness'."
    },
    "simple verify": {
        "agreement_count": "8",
        "agreement_percentage": 61.53846153846154,
        "mcc": 0.2253744679276044,
        "accuracy": 0.6153846153846154,
        "precision": 0.8571428571428571,
        "recall": 0.6,
        "f1_score": 0.7058823529411764,
        "balanced_accuracy": 0.6333333333333333,
        "description": "Agreement analysis between 'simple verify' and 'original correctness'."
    },
    "complex verify": {
        "agreement_count": "11",
        "agreement_percentage": 84.61538461538461,
        "mcc": 0.5666666666666667,
        "accuracy": 0.8461538461538461,
        "precision": 0.9,
        "recall": 0.9,
        "f1_score": 0.9,
        "balanced_accuracy": 0.7833333333333333,
        "description": "Agreement analysis between 'complex verify' and 'original correctness'."
    },
    "summary verify": {
        "agreement_count": "8",
        "agreement_percentage": 61.53846153846154,
        "mcc": 0.2253744679276044,
        "accuracy": 0.6153846153846154,
        "precision": 0.8571428571428571,
        "recall": 0.6,
        "f1_score": 0.7058823529411764,
        "balanced_accuracy": 0.6333333333333333,
        "description": "Agreement analysis between 'summary verify' and 'original correctness'."
    },
    "simple verify fsl": {
        "agreement_count": "9",
        "agreement_percentage": 69.23076923076923,
        "mcc": 0.31754264805429416,
        "accuracy": 0.6923076923076923,
        "precision": 0.875,
        "recall": 0.7,
        "f1_score": 0.7777777777777777,
        "balanced_accuracy": 0.6833333333333333,
        "description": "Agreement analysis between 'simple verify fsl' and 'original correctness'."
    },
    "complex verify fsl": {
        "agreement_count": "8",
        "agreement_percentage": 61.53846153846154,
        "mcc": 0.2253744679276044,
        "accuracy": 0.6153846153846154,
        "precision": 0.8571428571428571,
        "recall": 0.6,
        "f1_score": 0.7058823529411764,
        "balanced_accuracy": 0.6333333333333333,
        "description": "Agreement analysis between 'complex verify fsl' and 'original correctness'."
    },
    "summary verify fsl": {
        "agreement_count": "9",
        "agreement_percentage": 69.23076923076923,
        "mcc": 0.31754264805429416,
        "accuracy": 0.6923076923076923,
        "precision": 0.875,
        "recall": 0.7,
        "f1_score": 0.7777777777777777,
        "balanced_accuracy": 0.6833333333333333,
        "description": "Agreement analysis between 'summary verify fsl' and 'original correctness'."
    }
}