{
    "total_valid_rows": {
        "value": 62,
        "description": "Total number of valid rows after preprocessing and removing invalid entries."
    },
    "summary fsl": {
        "agreement_count": "34",
        "agreement_percentage": 54.83870967741935,
        "mcc": 0.02553399561180733,
        "accuracy": 0.5483870967741935,
        "precision": 0.5,
        "recall": 0.07142857142857142,
        "f1_score": 0.125,
        "balanced_accuracy": 0.5063025210084033,
        "description": "Agreement analysis between 'summary fsl' and 'original correctness'."
    },
    "naive correctness fsl": {
        "agreement_count": "34",
        "agreement_percentage": 54.83870967741935,
        "mcc": 0.03182617102425025,
        "accuracy": 0.5483870967741935,
        "precision": 0.5,
        "recall": 0.10714285714285714,
        "f1_score": 0.17647058823529413,
        "balanced_accuracy": 0.509453781512605,
        "description": "Agreement analysis between 'naive correctness fsl' and 'original correctness'."
    },
    "simple tree": {
        "agreement_count": "35",
        "agreement_percentage": 56.451612903225815,
        "mcc": 0.1601574036279277,
        "accuracy": 0.5645161290322581,
        "precision": 0.5128205128205128,
        "recall": 0.7142857142857143,
        "f1_score": 0.5970149253731343,
        "balanced_accuracy": 0.5777310924369747,
        "description": "Agreement analysis between 'simple tree' and 'original correctness'."
    },
    "complex tree": {
        "agreement_count": "42",
        "agreement_percentage": 67.74193548387096,
        "mcc": 0.38850147963123605,
        "accuracy": 0.6774193548387096,
        "precision": 0.6052631578947368,
        "recall": 0.8214285714285714,
        "f1_score": 0.6969696969696969,
        "balanced_accuracy": 0.6901260504201681,
        "description": "Agreement analysis between 'complex tree' and 'original correctness'."
    },
    "vanilla": {
        "agreement_count": "41",
        "agreement_percentage": 66.12903225806451,
        "mcc": 0.37554230462775245,
        "accuracy": 0.6612903225806451,
        "precision": 0.5853658536585366,
        "recall": 0.8571428571428571,
        "f1_score": 0.6956521739130435,
        "balanced_accuracy": 0.6785714285714286,
        "description": "Agreement analysis between 'vanilla' and 'original correctness'."
    },
    "vanilla_no_cot": {
        "agreement_count": "34",
        "agreement_percentage": 54.83870967741935,
        "mcc": 0.07727101252333977,
        "accuracy": 0.5483870967741935,
        "precision": 0.5,
        "recall": 0.42857142857142855,
        "f1_score": 0.4615384615384615,
        "balanced_accuracy": 0.5378151260504201,
        "description": "Agreement analysis between 'vanilla_no_cot' and 'original correctness'."
    },
    "summary": {
        "agreement_count": "34",
        "agreement_percentage": 54.83870967741935,
        "mcc": 0.10714285714285714,
        "accuracy": 0.5483870967741935,
        "precision": 0.5,
        "recall": 0.6071428571428571,
        "f1_score": 0.5483870967741935,
        "balanced_accuracy": 0.5535714285714286,
        "description": "Agreement analysis between 'summary' and 'original correctness'."
    },
    "simple verify": {
        "agreement_count": "40",
        "agreement_percentage": 64.51612903225806,
        "mcc": 0.28870545602072445,
        "accuracy": 0.6451612903225806,
        "precision": 0.6,
        "recall": 0.6428571428571429,
        "f1_score": 0.6206896551724138,
        "balanced_accuracy": 0.6449579831932774,
        "description": "Agreement analysis between 'simple verify' and 'original correctness'."
    },
    "complex verify": {
        "agreement_count": "43",
        "agreement_percentage": 69.35483870967742,
        "mcc": 0.39602021640515506,
        "accuracy": 0.6935483870967742,
        "precision": 0.6363636363636364,
        "recall": 0.75,
        "f1_score": 0.6885245901639345,
        "balanced_accuracy": 0.6985294117647058,
        "description": "Agreement analysis between 'complex verify' and 'original correctness'."
    },
    "summary verify": {
        "agreement_count": "37",
        "agreement_percentage": 59.67741935483871,
        "mcc": 0.20115312579309463,
        "accuracy": 0.5967741935483871,
        "precision": 0.5454545454545454,
        "recall": 0.6428571428571429,
        "f1_score": 0.5901639344262296,
        "balanced_accuracy": 0.6008403361344539,
        "description": "Agreement analysis between 'summary verify' and 'original correctness'."
    },
    "simple verify fsl": {
        "agreement_count": "40",
        "agreement_percentage": 64.51612903225806,
        "mcc": 0.27688779487530085,
        "accuracy": 0.6451612903225806,
        "precision": 0.625,
        "recall": 0.5357142857142857,
        "f1_score": 0.576923076923077,
        "balanced_accuracy": 0.6355042016806722,
        "description": "Agreement analysis between 'simple verify fsl' and 'original correctness'."
    },
    "complex verify fsl": {
        "agreement_count": "39",
        "agreement_percentage": 62.903225806451616,
        "mcc": 0.24078888943779422,
        "accuracy": 0.6290322580645161,
        "precision": 0.6190476190476191,
        "recall": 0.4642857142857143,
        "f1_score": 0.5306122448979592,
        "balanced_accuracy": 0.6144957983193278,
        "description": "Agreement analysis between 'complex verify fsl' and 'original correctness'."
    },
    "summary verify fsl": {
        "agreement_count": "40",
        "agreement_percentage": 64.51612903225806,
        "mcc": 0.275091385012405,
        "accuracy": 0.6451612903225806,
        "precision": 0.65,
        "recall": 0.4642857142857143,
        "f1_score": 0.5416666666666667,
        "balanced_accuracy": 0.6292016806722689,
        "description": "Agreement analysis between 'summary verify fsl' and 'original correctness'."
    }
}