{
    "total_valid_rows": {
        "value": 77,
        "description": "Total number of valid rows after preprocessing and removing invalid entries."
    },
    "vanilla": {
        "agreement_count": "46",
        "agreement_percentage": 59.74025974025974,
        "mcc": 0.21110190535729412,
        "accuracy": 0.5974025974025974,
        "precision": 0.7297297297297297,
        "recall": 0.5625,
        "f1_score": 0.6352941176470588,
        "balanced_accuracy": 0.6088362068965517,
        "description": "Agreement analysis between 'vanilla' and 'original correctness'."
    }
}