{
    "total_valid_rows": {
        "value": 59,
        "description": "Total number of valid rows after preprocessing and removing invalid entries."
    },
    "summary fsl": {
        "agreement_count": "20",
        "agreement_percentage": 33.89830508474576,
        "mcc": 0,
        "accuracy": 0.3389830508474576,
        "precision": 0,
        "recall": 0.0,
        "f1_score": 0,
        "balanced_accuracy": 0.5,
        "description": "Agreement analysis between 'summary fsl' and 'original correctness'."
    },
    "naive correctness fsl": {
        "agreement_count": "22",
        "agreement_percentage": 37.28813559322034,
        "mcc": 0.13414060609758896,
        "accuracy": 0.3728813559322034,
        "precision": 1.0,
        "recall": 0.05128205128205128,
        "f1_score": 0.09756097560975609,
        "balanced_accuracy": 0.5256410256410257,
        "description": "Agreement analysis between 'naive correctness fsl' and 'original correctness'."
    },
    "simple tree": {
        "agreement_count": "36",
        "agreement_percentage": 61.016949152542374,
        "mcc": 0.07526178090063816,
        "accuracy": 0.6101694915254238,
        "precision": 0.6818181818181818,
        "recall": 0.7692307692307693,
        "f1_score": 0.7228915662650602,
        "balanced_accuracy": 0.5346153846153846,
        "description": "Agreement analysis between 'simple tree' and 'original correctness'."
    },
    "complex tree": {
        "agreement_count": "41",
        "agreement_percentage": 69.49152542372882,
        "mcc": 0.2738947152069843,
        "accuracy": 0.6949152542372882,
        "precision": 0.7333333333333333,
        "recall": 0.8461538461538461,
        "f1_score": 0.7857142857142856,
        "balanced_accuracy": 0.6230769230769231,
        "description": "Agreement analysis between 'complex tree' and 'original correctness'."
    },
    "vanilla": {
        "agreement_count": "37",
        "agreement_percentage": 62.71186440677966,
        "mcc": -0.0506944777064531,
        "accuracy": 0.6271186440677966,
        "precision": 0.6545454545454545,
        "recall": 0.9230769230769231,
        "f1_score": 0.7659574468085106,
        "balanced_accuracy": 0.4865384615384616,
        "description": "Agreement analysis between 'vanilla' and 'original correctness'."
    },
    "vanilla_no_cot": {
        "agreement_count": "28",
        "agreement_percentage": 47.45762711864407,
        "mcc": -0.0828332573789972,
        "accuracy": 0.4745762711864407,
        "precision": 0.625,
        "recall": 0.5128205128205128,
        "f1_score": 0.5633802816901409,
        "balanced_accuracy": 0.4564102564102564,
        "description": "Agreement analysis between 'vanilla_no_cot' and 'original correctness'."
    },
    "summary": {
        "agreement_count": "45",
        "agreement_percentage": 76.27118644067797,
        "mcc": 0.4387388935277386,
        "accuracy": 0.7627118644067796,
        "precision": 0.7659574468085106,
        "recall": 0.9230769230769231,
        "f1_score": 0.8372093023255814,
        "balanced_accuracy": 0.6865384615384615,
        "description": "Agreement analysis between 'summary' and 'original correctness'."
    },
    "simple verify": {
        "agreement_count": "35",
        "agreement_percentage": 59.32203389830508,
        "mcc": 0.09230769230769231,
        "accuracy": 0.5932203389830508,
        "precision": 0.6923076923076923,
        "recall": 0.6923076923076923,
        "f1_score": 0.6923076923076923,
        "balanced_accuracy": 0.5461538461538462,
        "description": "Agreement analysis between 'simple verify' and 'original correctness'."
    },
    "complex verify": {
        "agreement_count": "36",
        "agreement_percentage": 61.016949152542374,
        "mcc": 0.11949059669721017,
        "accuracy": 0.6101694915254238,
        "precision": 0.7,
        "recall": 0.717948717948718,
        "f1_score": 0.708860759493671,
        "balanced_accuracy": 0.558974358974359,
        "description": "Agreement analysis between 'complex verify' and 'original correctness'."
    },
    "summary verify": {
        "agreement_count": "33",
        "agreement_percentage": 55.932203389830505,
        "mcc": -0.007908165838507107,
        "accuracy": 0.559322033898305,
        "precision": 0.6585365853658537,
        "recall": 0.6923076923076923,
        "f1_score": 0.675,
        "balanced_accuracy": 0.49615384615384617,
        "description": "Agreement analysis between 'summary verify' and 'original correctness'."
    },
    "simple verify fsl": {
        "agreement_count": "30",
        "agreement_percentage": 50.847457627118644,
        "mcc": 0.1346153846153846,
        "accuracy": 0.5084745762711864,
        "precision": 0.75,
        "recall": 0.38461538461538464,
        "f1_score": 0.5084745762711865,
        "balanced_accuracy": 0.5673076923076923,
        "description": "Agreement analysis between 'simple verify fsl' and 'original correctness'."
    },
    "complex verify fsl": {
        "agreement_count": "34",
        "agreement_percentage": 57.6271186440678,
        "mcc": 0.2858974358974359,
        "accuracy": 0.576271186440678,
        "precision": 0.85,
        "recall": 0.4358974358974359,
        "f1_score": 0.5762711864406781,
        "balanced_accuracy": 0.6429487179487179,
        "description": "Agreement analysis between 'complex verify fsl' and 'original correctness'."
    },
    "summary verify fsl": {
        "agreement_count": "38",
        "agreement_percentage": 64.40677966101694,
        "mcc": 0.40410699486950646,
        "accuracy": 0.6440677966101694,
        "precision": 0.9090909090909091,
        "recall": 0.5128205128205128,
        "f1_score": 0.6557377049180326,
        "balanced_accuracy": 0.7064102564102563,
        "description": "Agreement analysis between 'summary verify fsl' and 'original correctness'."
    }
}