{
    "total_valid_rows": {
        "value": 271,
        "description": "Total number of valid rows after preprocessing and removing invalid entries."
    },
    "summary fsl": {
        "agreement_count": "131",
        "agreement_percentage": 48.33948339483395,
        "mcc": -0.006504180640984047,
        "accuracy": 0.4833948339483395,
        "precision": 0.5,
        "recall": 0.03571428571428571,
        "f1_score": 0.06666666666666667,
        "balanced_accuracy": 0.498773173391494,
        "description": "Agreement analysis between 'summary fsl' and 'original correctness'."
    },
    "naive correctness fsl": {
        "agreement_count": "138",
        "agreement_percentage": 50.92250922509225,
        "mcc": 0.07210194098099394,
        "accuracy": 0.5092250922509225,
        "precision": 0.6206896551724138,
        "recall": 0.12857142857142856,
        "f1_score": 0.21301775147928992,
        "balanced_accuracy": 0.5223009814612868,
        "description": "Agreement analysis between 'naive correctness fsl' and 'original correctness'."
    },
    "simple tree": {
        "agreement_count": "160",
        "agreement_percentage": 59.040590405904055,
        "mcc": 0.17873634478858674,
        "accuracy": 0.5904059040590406,
        "precision": 0.5986394557823129,
        "recall": 0.6285714285714286,
        "f1_score": 0.613240418118467,
        "balanced_accuracy": 0.5890948745910578,
        "description": "Agreement analysis between 'simple tree' and 'original correctness'."
    },
    "complex tree": {
        "agreement_count": "166",
        "agreement_percentage": 61.254612546125465,
        "mcc": 0.22486241736974363,
        "accuracy": 0.6125461254612546,
        "precision": 0.6277372262773723,
        "recall": 0.6142857142857143,
        "f1_score": 0.6209386281588448,
        "balanced_accuracy": 0.6124863685932389,
        "description": "Agreement analysis between 'complex tree' and 'original correctness'."
    },
    "summary": {
        "agreement_count": "173",
        "agreement_percentage": 63.837638376383765,
        "mcc": 0.27917271413590944,
        "accuracy": 0.6383763837638377,
        "precision": 0.6640625,
        "recall": 0.6071428571428571,
        "f1_score": 0.6343283582089552,
        "balanced_accuracy": 0.6394492911668483,
        "description": "Agreement analysis between 'summary' and 'original correctness'."
    },
    "simple verify": {
        "agreement_count": "159",
        "agreement_percentage": 58.671586715867164,
        "mcc": 0.17294381811433368,
        "accuracy": 0.5867158671586716,
        "precision": 0.6014492753623188,
        "recall": 0.5928571428571429,
        "f1_score": 0.5971223021582733,
        "balanced_accuracy": 0.586504907306434,
        "description": "Agreement analysis between 'simple verify' and 'original correctness'."
    },
    "complex verify": {
        "agreement_count": "164",
        "agreement_percentage": 60.51660516605166,
        "mcc": 0.2110971974651164,
        "accuracy": 0.6051660516605166,
        "precision": 0.6240601503759399,
        "recall": 0.5928571428571429,
        "f1_score": 0.6080586080586081,
        "balanced_accuracy": 0.605588876772083,
        "description": "Agreement analysis between 'complex verify' and 'original correctness'."
    },
    "summary verify": {
        "agreement_count": "158",
        "agreement_percentage": 58.30258302583026,
        "mcc": 0.16993331338355486,
        "accuracy": 0.5830258302583026,
        "precision": 0.6097560975609756,
        "recall": 0.5357142857142857,
        "f1_score": 0.5703422053231939,
        "balanced_accuracy": 0.5846510359869138,
        "description": "Agreement analysis between 'summary verify' and 'original correctness'."
    },
    "simple verify fsl": {
        "agreement_count": "141",
        "agreement_percentage": 52.02952029520295,
        "mcc": 0.0726798224722627,
        "accuracy": 0.5202952029520295,
        "precision": 0.5862068965517241,
        "recall": 0.24285714285714285,
        "f1_score": 0.3434343434343434,
        "balanced_accuracy": 0.5298255179934569,
        "description": "Agreement analysis between 'simple verify fsl' and 'original correctness'."
    },
    "complex verify fsl": {
        "agreement_count": "151",
        "agreement_percentage": 55.71955719557196,
        "mcc": 0.1553815013439967,
        "accuracy": 0.5571955719557196,
        "precision": 0.65625,
        "recall": 0.3,
        "f1_score": 0.4117647058823529,
        "balanced_accuracy": 0.566030534351145,
        "description": "Agreement analysis between 'complex verify fsl' and 'original correctness'."
    },
    "summary verify fsl": {
        "agreement_count": "144",
        "agreement_percentage": 53.13653136531366,
        "mcc": 0.09221481621817156,
        "accuracy": 0.5313653136531366,
        "precision": 0.5970149253731343,
        "recall": 0.2857142857142857,
        "f1_score": 0.38647342995169076,
        "balanced_accuracy": 0.539803707742639,
        "description": "Agreement analysis between 'summary verify fsl' and 'original correctness'."
    }
}