{
    "total_valid_rows": {
        "value": 6,
        "description": "Total number of valid rows after preprocessing and removing invalid entries."
    },
    "Function summary": {
        "agreement_count": "2",
        "agreement_percentage": 33.33333333333333,
        "mcc": -0.3333333333333333,
        "accuracy": 0.3333333333333333,
        "precision": 0.3333333333333333,
        "recall": 0.3333333333333333,
        "f1_score": 0.3333333333333333,
        "balanced_accuracy": 0.3333333333333333,
        "description": "Agreement analysis between 'Correctness' and 'original correctness'."
    },
    "Naive": {
        "agreement_count": "3",
        "agreement_percentage": 50.0,
        "mcc": 0.0,
        "accuracy": 0.5,
        "precision": 0.5,
        "recall": 0.6666666666666666,
        "f1_score": 0.5714285714285715,
        "balanced_accuracy": 0.5,
        "description": "Agreement analysis between 'naive correctness' and 'original correctness'."
    },
    "Complex tree": {
        "agreement_count": "2",
        "agreement_percentage": 33.33333333333333,
        "mcc": -0.4472135954999579,
        "accuracy": 0.3333333333333333,
        "precision": 0.0,
        "recall": 0.0,
        "f1_score": 0,
        "balanced_accuracy": 0.3333333333333333,
        "description": "Agreement analysis between 'annotated correctness' and 'original correctness'."
    },
    "Simple tree": {
        "agreement_count": "1",
        "agreement_percentage": 16.666666666666664,
        "mcc": -0.7071067811865476,
        "accuracy": 0.16666666666666666,
        "precision": 0.25,
        "recall": 0.3333333333333333,
        "f1_score": 0.28571428571428575,
        "balanced_accuracy": 0.16666666666666666,
        "description": "Agreement analysis between 'annotated correctness simple' and 'original correctness'."
    },
    "Naive No FSL": {
        "agreement_count": "1",
        "agreement_percentage": 16.666666666666664,
        "mcc": -0.7071067811865476,
        "accuracy": 0.16666666666666666,
        "precision": 0.0,
        "recall": 0.0,
        "f1_score": 0,
        "balanced_accuracy": 0.16666666666666666,
        "description": "Agreement analysis between 'naive no fsl correctness' and 'original correctness'."
    },
    "Function summary no FSL": {
        "agreement_count": "2",
        "agreement_percentage": 33.33333333333333,
        "mcc": -0.3333333333333333,
        "accuracy": 0.3333333333333333,
        "precision": 0.3333333333333333,
        "recall": 0.3333333333333333,
        "f1_score": 0.3333333333333333,
        "balanced_accuracy": 0.3333333333333333,
        "description": "Agreement analysis between 'Correctness no fsl' and 'original correctness'."
    },
    "Simple verify": {
        "agreement_count": "2",
        "agreement_percentage": 33.33333333333333,
        "mcc": -0.3333333333333333,
        "accuracy": 0.3333333333333333,
        "precision": 0.3333333333333333,
        "recall": 0.3333333333333333,
        "f1_score": 0.3333333333333333,
        "balanced_accuracy": 0.3333333333333333,
        "description": "Agreement analysis between 'simple verify' and 'original correctness'."
    },
    "Complex verify": {
        "agreement_count": "4",
        "agreement_percentage": 66.66666666666666,
        "mcc": 0.3333333333333333,
        "accuracy": 0.6666666666666666,
        "precision": 0.6666666666666666,
        "recall": 0.6666666666666666,
        "f1_score": 0.6666666666666666,
        "balanced_accuracy": 0.6666666666666666,
        "description": "Agreement analysis between 'complex verify' and 'original correctness'."
    },
    "Default verify": {
        "agreement_count": "4",
        "agreement_percentage": 66.66666666666666,
        "mcc": 0.3333333333333333,
        "accuracy": 0.6666666666666666,
        "precision": 0.6666666666666666,
        "recall": 0.6666666666666666,
        "f1_score": 0.6666666666666666,
        "balanced_accuracy": 0.6666666666666666,
        "description": "Agreement analysis between 'default verify' and 'original correctness'."
    },
    "Simple verify no FSL": {
        "agreement_count": "2",
        "agreement_percentage": 33.33333333333333,
        "mcc": -0.4472135954999579,
        "accuracy": 0.3333333333333333,
        "precision": 0.4,
        "recall": 0.6666666666666666,
        "f1_score": 0.5,
        "balanced_accuracy": 0.3333333333333333,
        "description": "Agreement analysis between 'simple verify no fsl' and 'original correctness'."
    },
    "Complex verify no FSL": {
        "agreement_count": "3",
        "agreement_percentage": 50.0,
        "mcc": 0,
        "accuracy": 0.5,
        "precision": 0.5,
        "recall": 1.0,
        "f1_score": 0.6666666666666666,
        "balanced_accuracy": 0.5,
        "description": "Agreement analysis between 'complex verify no fsl' and 'original correctness'."
    },
    "Default verify no FSL": {
        "agreement_count": "4",
        "agreement_percentage": 66.66666666666666,
        "mcc": 0.4472135954999579,
        "accuracy": 0.6666666666666666,
        "precision": 0.6,
        "recall": 1.0,
        "f1_score": 0.7499999999999999,
        "balanced_accuracy": 0.6666666666666666,
        "description": "Agreement analysis between 'default verify no fsl' and 'original correctness'."
    },
    "naive_correctness_vs_correctness_diff": {
        "description": "Analysis of cases where 'naive correctness' and 'Correctness' differ.",
        "count": 1,
        "original_agreement_count": "1",
        "original_agreement_percentage": 100.0
    },
    "naive_correctness_vs_correctness_same": {
        "description": "Analysis of cases where 'naive correctness' and 'Correctness' are the same.",
        "count": 5,
        "original_agreement_count": "2",
        "original_disagreement_count": "3"
    }
}