{
    "total_valid_rows": {
        "value": 314,
        "description": "Total number of valid rows after preprocessing and removing invalid entries."
    },
    "tester": {
        "agreement_count": "155",
        "agreement_percentage": 49.36305732484077,
        "mcc": 0.0253650899840424,
        "accuracy": 0.49363057324840764,
        "precision": 0.5714285714285714,
        "recall": 0.049689440993788817,
        "f1_score": 0.09142857142857143,
        "balanced_accuracy": 0.5052368773596395,
        "description": "Agreement analysis between 'tester' and 'original correctness'."
    }
}