{
    "total_valid_rows": {
        "value": 22,
        "description": "Total number of valid rows after preprocessing and removing invalid entries."
    },
    "summary fsl": {
        "agreement_count": "15",
        "agreement_percentage": 68.18181818181817,
        "mcc": 0.38821675738207223,
        "accuracy": 0.6818181818181818,
        "precision": 0.8,
        "recall": 0.6153846153846154,
        "f1_score": 0.6956521739130435,
        "balanced_accuracy": 0.6965811965811965,
        "description": "Agreement analysis between 'summary fsl' and 'original correctness'."
    },
    "naive correctness fsl": {
        "agreement_count": "11",
        "agreement_percentage": 50.0,
        "mcc": 0.016878989451394443,
        "accuracy": 0.5,
        "precision": 0.6,
        "recall": 0.46153846153846156,
        "f1_score": 0.5217391304347826,
        "balanced_accuracy": 0.5085470085470085,
        "description": "Agreement analysis between 'naive correctness fsl' and 'original correctness'."
    },
    "simple tree": {
        "agreement_count": "13",
        "agreement_percentage": 59.09090909090909,
        "mcc": 0.0871627267280818,
        "accuracy": 0.5909090909090909,
        "precision": 0.6111111111111112,
        "recall": 0.8461538461538461,
        "f1_score": 0.7096774193548387,
        "balanced_accuracy": 0.5341880341880342,
        "description": "Agreement analysis between 'simple tree' and 'original correctness'."
    },
    "complex tree": {
        "agreement_count": "13",
        "agreement_percentage": 59.09090909090909,
        "mcc": 0.0871627267280818,
        "accuracy": 0.5909090909090909,
        "precision": 0.6111111111111112,
        "recall": 0.8461538461538461,
        "f1_score": 0.7096774193548387,
        "balanced_accuracy": 0.5341880341880342,
        "description": "Agreement analysis between 'complex tree' and 'original correctness'."
    },
    "vanilla": {
        "agreement_count": "12",
        "agreement_percentage": 54.54545454545454,
        "mcc": 0.05982905982905983,
        "accuracy": 0.5454545454545454,
        "precision": 0.6153846153846154,
        "recall": 0.6153846153846154,
        "f1_score": 0.6153846153846154,
        "balanced_accuracy": 0.5299145299145299,
        "description": "Agreement analysis between 'vanilla' and 'original correctness'."
    },
    "vanilla_no_cot": {
        "agreement_count": "11",
        "agreement_percentage": 50.0,
        "mcc": 0.15253477177414315,
        "accuracy": 0.5,
        "precision": 0.75,
        "recall": 0.23076923076923078,
        "f1_score": 0.3529411764705882,
        "balanced_accuracy": 0.5598290598290598,
        "description": "Agreement analysis between 'vanilla_no_cot' and 'original correctness'."
    },
    "summary": {
        "agreement_count": "14",
        "agreement_percentage": 63.63636363636363,
        "mcc": 0.20817020153834942,
        "accuracy": 0.6363636363636364,
        "precision": 0.631578947368421,
        "recall": 0.9230769230769231,
        "f1_score": 0.7499999999999999,
        "balanced_accuracy": 0.5726495726495726,
        "description": "Agreement analysis between 'summary' and 'original correctness'."
    },
    "simple verify": {
        "agreement_count": "14",
        "agreement_percentage": 63.63636363636363,
        "mcc": 0.369910174006524,
        "accuracy": 0.6363636363636364,
        "precision": 0.8571428571428571,
        "recall": 0.46153846153846156,
        "f1_score": 0.6,
        "balanced_accuracy": 0.6752136752136753,
        "description": "Agreement analysis between 'simple verify' and 'original correctness'."
    },
    "complex verify": {
        "agreement_count": "11",
        "agreement_percentage": 50.0,
        "mcc": 0.052414241836095915,
        "accuracy": 0.5,
        "precision": 0.625,
        "recall": 0.38461538461538464,
        "f1_score": 0.4761904761904762,
        "balanced_accuracy": 0.5256410256410257,
        "description": "Agreement analysis between 'complex verify' and 'original correctness'."
    },
    "summary verify": {
        "agreement_count": "12",
        "agreement_percentage": 54.54545454545454,
        "mcc": 0.1282051282051282,
        "accuracy": 0.5454545454545454,
        "precision": 0.6666666666666666,
        "recall": 0.46153846153846156,
        "f1_score": 0.5454545454545455,
        "balanced_accuracy": 0.5641025641025641,
        "description": "Agreement analysis between 'summary verify' and 'original correctness'."
    },
    "simple verify fsl": {
        "agreement_count": "12",
        "agreement_percentage": 54.54545454545454,
        "mcc": 0.09245003270420485,
        "accuracy": 0.5454545454545454,
        "precision": 0.6363636363636364,
        "recall": 0.5384615384615384,
        "f1_score": 0.5833333333333334,
        "balanced_accuracy": 0.5470085470085471,
        "description": "Agreement analysis between 'simple verify fsl' and 'original correctness'."
    },
    "complex verify fsl": {
        "agreement_count": "16",
        "agreement_percentage": 72.72727272727273,
        "mcc": 0.46225016352102427,
        "accuracy": 0.7272727272727273,
        "precision": 0.8181818181818182,
        "recall": 0.6923076923076923,
        "f1_score": 0.7500000000000001,
        "balanced_accuracy": 0.7350427350427351,
        "description": "Agreement analysis between 'complex verify fsl' and 'original correctness'."
    },
    "summary verify fsl": {
        "agreement_count": "11",
        "agreement_percentage": 50.0,
        "mcc": -0.016878989451394443,
        "accuracy": 0.5,
        "precision": 0.5833333333333334,
        "recall": 0.5384615384615384,
        "f1_score": 0.5599999999999999,
        "balanced_accuracy": 0.49145299145299143,
        "description": "Agreement analysis between 'summary verify fsl' and 'original correctness'."
    }
}