{
    "total_valid_rows": {
        "value": 89,
        "description": "Total number of valid rows after preprocessing and removing invalid entries."
    },
    "summary fsl": {
        "agreement_count": "56",
        "agreement_percentage": 62.92134831460674,
        "mcc": 0.28929983067351656,
        "accuracy": 0.6292134831460674,
        "precision": 0.7307692307692307,
        "recall": 0.4222222222222222,
        "f1_score": 0.5352112676056338,
        "balanced_accuracy": 0.6315656565656566,
        "description": "Agreement analysis between 'summary fsl' and 'original correctness'."
    },
    "naive correctness fsl": {
        "agreement_count": "46",
        "agreement_percentage": 51.68539325842697,
        "mcc": 0.040783522661398064,
        "accuracy": 0.5168539325842697,
        "precision": 0.5357142857142857,
        "recall": 0.3333333333333333,
        "f1_score": 0.41095890410958896,
        "balanced_accuracy": 0.5189393939393939,
        "description": "Agreement analysis between 'naive correctness fsl' and 'original correctness'."
    },
    "simple tree": {
        "agreement_count": "49",
        "agreement_percentage": 55.0561797752809,
        "mcc": 0.10156646066753809,
        "accuracy": 0.550561797752809,
        "precision": 0.5581395348837209,
        "recall": 0.5333333333333333,
        "f1_score": 0.5454545454545454,
        "balanced_accuracy": 0.5507575757575758,
        "description": "Agreement analysis between 'simple tree' and 'original correctness'."
    },
    "complex tree": {
        "agreement_count": "54",
        "agreement_percentage": 60.67415730337079,
        "mcc": 0.21446661009814716,
        "accuracy": 0.6067415730337079,
        "precision": 0.6190476190476191,
        "recall": 0.5777777777777777,
        "f1_score": 0.5977011494252873,
        "balanced_accuracy": 0.6070707070707071,
        "description": "Agreement analysis between 'complex tree' and 'original correctness'."
    },
    "vanilla": {
        "agreement_count": "52",
        "agreement_percentage": 58.42696629213483,
        "mcc": 0.17617581928275908,
        "accuracy": 0.5842696629213483,
        "precision": 0.6176470588235294,
        "recall": 0.4666666666666667,
        "f1_score": 0.5316455696202531,
        "balanced_accuracy": 0.5856060606060607,
        "description": "Agreement analysis between 'vanilla' and 'original correctness'."
    },
    "vanilla_no_cot": {
        "agreement_count": "52",
        "agreement_percentage": 58.42696629213483,
        "mcc": 0.22883646349229675,
        "accuracy": 0.5842696629213483,
        "precision": 0.75,
        "recall": 0.26666666666666666,
        "f1_score": 0.3934426229508197,
        "balanced_accuracy": 0.5878787878787879,
        "description": "Agreement analysis between 'vanilla_no_cot' and 'original correctness'."
    },
    "summary": {
        "agreement_count": "57",
        "agreement_percentage": 64.04494382022472,
        "mcc": 0.28267607781123005,
        "accuracy": 0.6404494382022472,
        "precision": 0.6585365853658537,
        "recall": 0.6,
        "f1_score": 0.627906976744186,
        "balanced_accuracy": 0.6409090909090909,
        "description": "Agreement analysis between 'summary' and 'original correctness'."
    },
    "simple verify": {
        "agreement_count": "56",
        "agreement_percentage": 62.92134831460674,
        "mcc": 0.2827657571190266,
        "accuracy": 0.6292134831460674,
        "precision": 0.7142857142857143,
        "recall": 0.4444444444444444,
        "f1_score": 0.5479452054794521,
        "balanced_accuracy": 0.6313131313131313,
        "description": "Agreement analysis between 'simple verify' and 'original correctness'."
    },
    "complex verify": {
        "agreement_count": "50",
        "agreement_percentage": 56.17977528089888,
        "mcc": 0.13757641644444948,
        "accuracy": 0.5617977528089888,
        "precision": 0.6071428571428571,
        "recall": 0.37777777777777777,
        "f1_score": 0.4657534246575342,
        "balanced_accuracy": 0.5638888888888889,
        "description": "Agreement analysis between 'complex verify' and 'original correctness'."
    },
    "summary verify": {
        "agreement_count": "54",
        "agreement_percentage": 60.67415730337079,
        "mcc": 0.2343693102275009,
        "accuracy": 0.6067415730337079,
        "precision": 0.6785714285714286,
        "recall": 0.4222222222222222,
        "f1_score": 0.5205479452054794,
        "balanced_accuracy": 0.6088383838383838,
        "description": "Agreement analysis between 'summary verify' and 'original correctness'."
    },
    "simple verify fsl": {
        "agreement_count": "51",
        "agreement_percentage": 57.30337078651685,
        "mcc": 0.15687880490181638,
        "accuracy": 0.5730337078651685,
        "precision": 0.6129032258064516,
        "recall": 0.4222222222222222,
        "f1_score": 0.5,
        "balanced_accuracy": 0.5747474747474748,
        "description": "Agreement analysis between 'simple verify fsl' and 'original correctness'."
    },
    "complex verify fsl": {
        "agreement_count": "58",
        "agreement_percentage": 65.1685393258427,
        "mcc": 0.3194064478245959,
        "accuracy": 0.651685393258427,
        "precision": 0.71875,
        "recall": 0.5111111111111111,
        "f1_score": 0.5974025974025974,
        "balanced_accuracy": 0.6532828282828282,
        "description": "Agreement analysis between 'complex verify fsl' and 'original correctness'."
    },
    "summary verify fsl": {
        "agreement_count": "52",
        "agreement_percentage": 58.42696629213483,
        "mcc": 0.17617581928275908,
        "accuracy": 0.5842696629213483,
        "precision": 0.6176470588235294,
        "recall": 0.4666666666666667,
        "f1_score": 0.5316455696202531,
        "balanced_accuracy": 0.5856060606060607,
        "description": "Agreement analysis between 'summary verify fsl' and 'original correctness'."
    }
}