{
    "total_valid_rows": {
        "value": 571,
        "description": "Total number of valid rows after preprocessing and removing invalid entries."
    },
    "Function summary": {
        "agreement_count": "296",
        "agreement_percentage": 51.83887915936952,
        "mcc": 0.09703524640960914,
        "accuracy": 0.5183887915936952,
        "precision": 0.8544776119402985,
        "recall": 0.4924731182795699,
        "f1_score": 0.6248294679399727,
        "balanced_accuracy": 0.5622742949888415,
        "description": "Agreement analysis between 'Correctness' and 'original correctness'."
    },
    "Naive": {
        "agreement_count": "340",
        "agreement_percentage": 59.54465849387041,
        "mcc": 0.12093881390381654,
        "accuracy": 0.5954465849387041,
        "precision": 0.8545454545454545,
        "recall": 0.6064516129032258,
        "f1_score": 0.7094339622641509,
        "balanced_accuracy": 0.5768107121119903,
        "description": "Agreement analysis between 'naive correctness' and 'original correctness'."
    },
    "Complex tree": {
        "agreement_count": "340",
        "agreement_percentage": 59.54465849387041,
        "mcc": -0.04180158556631834,
        "accuracy": 0.5954465849387041,
        "precision": 0.8031088082901554,
        "recall": 0.6666666666666666,
        "f1_score": 0.7285546415981198,
        "balanced_accuracy": 0.4748427672955975,
        "description": "Agreement analysis between 'annotated correctness' and 'original correctness'."
    },
    "Simple tree": {
        "agreement_count": "376",
        "agreement_percentage": 65.8493870402802,
        "mcc": -0.008436921395554553,
        "accuracy": 0.658493870402802,
        "precision": 0.8125,
        "recall": 0.7548387096774194,
        "f1_score": 0.7826086956521738,
        "balanced_accuracy": 0.4953438831405965,
        "description": "Agreement analysis between 'annotated correctness simple' and 'original correctness'."
    },
    "Naive No FSL": {
        "agreement_count": "319",
        "agreement_percentage": 55.86690017513135,
        "mcc": 0.03372579323561977,
        "accuracy": 0.5586690017513135,
        "precision": 0.8256880733944955,
        "recall": 0.5806451612903226,
        "f1_score": 0.6818181818181819,
        "balanced_accuracy": 0.5214546561168594,
        "description": "Agreement analysis between 'naive no fsl correctness' and 'original correctness'."
    },
    "Function summary no FSL": {
        "agreement_count": "233",
        "agreement_percentage": 40.80560420315236,
        "mcc": 0.1222629153200361,
        "accuracy": 0.4080560420315236,
        "precision": 0.8895705521472392,
        "recall": 0.3118279569892473,
        "f1_score": 0.46178343949044587,
        "balanced_accuracy": 0.5710083181172652,
        "description": "Agreement analysis between 'Correctness no fsl' and 'original correctness'."
    },
    "Simple verify": {
        "agreement_count": "375",
        "agreement_percentage": 65.67425569176882,
        "mcc": 0.10073881478533683,
        "accuracy": 0.6567425569176882,
        "precision": 0.8405063291139241,
        "recall": 0.7139784946236559,
        "f1_score": 0.7720930232558141,
        "balanced_accuracy": 0.5598194359910733,
        "description": "Agreement analysis between 'simple verify' and 'original correctness'."
    },
    "Complex verify": {
        "agreement_count": "358",
        "agreement_percentage": 62.6970227670753,
        "mcc": 0.11408773894787771,
        "accuracy": 0.626970227670753,
        "precision": 0.8480662983425414,
        "recall": 0.6602150537634408,
        "f1_score": 0.7424425634824666,
        "balanced_accuracy": 0.5706735646175695,
        "description": "Agreement analysis between 'complex verify' and 'original correctness'."
    },
    "Default verify": {
        "agreement_count": "312",
        "agreement_percentage": 54.64098073555166,
        "mcc": 0.15205243239460337,
        "accuracy": 0.5464098073555166,
        "precision": 0.8759124087591241,
        "recall": 0.5161290322580645,
        "f1_score": 0.6495263870094723,
        "balanced_accuracy": 0.5976871576384661,
        "description": "Agreement analysis between 'default verify' and 'original correctness'."
    },
    "Simple verify no FSL": {
        "agreement_count": "373",
        "agreement_percentage": 65.32399299474606,
        "mcc": 0.043103669794895876,
        "accuracy": 0.6532399299474606,
        "precision": 0.8248175182481752,
        "recall": 0.7290322580645161,
        "f1_score": 0.773972602739726,
        "balanced_accuracy": 0.524893487522824,
        "description": "Agreement analysis between 'simple verify no fsl' and 'original correctness'."
    },
    "Complex verify no FSL": {
        "agreement_count": "346",
        "agreement_percentage": 60.595446584938706,
        "mcc": 0.03476752698061977,
        "accuracy": 0.6059544658493871,
        "precision": 0.8243243243243243,
        "recall": 0.6559139784946236,
        "f1_score": 0.7305389221556886,
        "balanced_accuracy": 0.5213532156624061,
        "description": "Agreement analysis between 'complex verify no fsl' and 'original correctness'."
    },
    "Default verify no FSL": {
        "agreement_count": "307",
        "agreement_percentage": 53.76532399299475,
        "mcc": 0.12096578197645895,
        "accuracy": 0.5376532399299475,
        "precision": 0.8628158844765343,
        "recall": 0.513978494623656,
        "f1_score": 0.6442048517520217,
        "balanced_accuracy": 0.57774396429296,
        "description": "Agreement analysis between 'default verify no fsl' and 'original correctness'."
    },
    "naive_correctness_vs_correctness_diff": {
        "description": "Analysis of cases where 'naive correctness' and 'Correctness' differ.",
        "count": 210,
        "original_agreement_count": "127",
        "original_agreement_percentage": 60.476190476190474
    },
    "naive_correctness_vs_correctness_same": {
        "description": "Analysis of cases where 'naive correctness' and 'Correctness' are the same.",
        "count": 361,
        "original_agreement_count": "213",
        "original_disagreement_count": "148"
    }
}