{
    "total_valid_rows": {
        "value": 101,
        "description": "Total number of valid rows after preprocessing and removing invalid entries."
    },
    "summary fsl": {
        "agreement_count": "55",
        "agreement_percentage": 54.45544554455446,
        "mcc": 0.061608762455047324,
        "accuracy": 0.5445544554455446,
        "precision": 0.6,
        "recall": 0.06382978723404255,
        "f1_score": 0.11538461538461536,
        "balanced_accuracy": 0.5133963750985028,
        "description": "Agreement analysis between 'summary fsl' and 'original correctness'."
    },
    "naive correctness fsl": {
        "agreement_count": "58",
        "agreement_percentage": 57.42574257425742,
        "mcc": 0.15594872950716798,
        "accuracy": 0.5742574257425742,
        "precision": 0.7,
        "recall": 0.14893617021276595,
        "f1_score": 0.24561403508771928,
        "balanced_accuracy": 0.5466903073286051,
        "description": "Agreement analysis between 'naive correctness fsl' and 'original correctness'."
    },
    "simple tree": {
        "agreement_count": "64",
        "agreement_percentage": 63.366336633663366,
        "mcc": 0.26120160405209486,
        "accuracy": 0.6336633663366337,
        "precision": 0.6136363636363636,
        "recall": 0.574468085106383,
        "f1_score": 0.5934065934065934,
        "balanced_accuracy": 0.6298266351457842,
        "description": "Agreement analysis between 'simple tree' and 'original correctness'."
    },
    "complex tree": {
        "agreement_count": "61",
        "agreement_percentage": 60.396039603960396,
        "mcc": 0.20205742815553887,
        "accuracy": 0.6039603960396039,
        "precision": 0.5777777777777777,
        "recall": 0.5531914893617021,
        "f1_score": 0.5652173913043478,
        "balanced_accuracy": 0.6006698187549251,
        "description": "Agreement analysis between 'complex tree' and 'original correctness'."
    },
    "vanilla": {
        "agreement_count": "57",
        "agreement_percentage": 56.43564356435643,
        "mcc": 0.142753434836866,
        "accuracy": 0.5643564356435643,
        "precision": 0.5254237288135594,
        "recall": 0.6595744680851063,
        "f1_score": 0.5849056603773585,
        "balanced_accuracy": 0.5705279747832939,
        "description": "Agreement analysis between 'vanilla' and 'original correctness'."
    },
    "vanilla_no_cot": {
        "agreement_count": "65",
        "agreement_percentage": 64.35643564356435,
        "mcc": 0.2829387324382498,
        "accuracy": 0.6435643564356436,
        "precision": 0.6774193548387096,
        "recall": 0.44680851063829785,
        "f1_score": 0.5384615384615384,
        "balanced_accuracy": 0.6308116627265563,
        "description": "Agreement analysis between 'vanilla_no_cot' and 'original correctness'."
    },
    "summary": {
        "agreement_count": "62",
        "agreement_percentage": 61.386138613861384,
        "mcc": 0.22116918825655377,
        "accuracy": 0.6138613861386139,
        "precision": 0.5909090909090909,
        "recall": 0.5531914893617021,
        "f1_score": 0.5714285714285714,
        "balanced_accuracy": 0.6099290780141844,
        "description": "Agreement analysis between 'summary' and 'original correctness'."
    },
    "simple verify": {
        "agreement_count": "62",
        "agreement_percentage": 61.386138613861384,
        "mcc": 0.22296791788650738,
        "accuracy": 0.6138613861386139,
        "precision": 0.5869565217391305,
        "recall": 0.574468085106383,
        "f1_score": 0.5806451612903226,
        "balanced_accuracy": 0.6113081166272656,
        "description": "Agreement analysis between 'simple verify' and 'original correctness'."
    },
    "complex verify": {
        "agreement_count": "60",
        "agreement_percentage": 59.4059405940594,
        "mcc": 0.18536022363832083,
        "accuracy": 0.594059405940594,
        "precision": 0.5625,
        "recall": 0.574468085106383,
        "f1_score": 0.5684210526315789,
        "balanced_accuracy": 0.5927895981087471,
        "description": "Agreement analysis between 'complex verify' and 'original correctness'."
    },
    "summary verify": {
        "agreement_count": "63",
        "agreement_percentage": 62.37623762376238,
        "mcc": 0.2404702424216425,
        "accuracy": 0.6237623762376238,
        "precision": 0.6046511627906976,
        "recall": 0.5531914893617021,
        "f1_score": 0.5777777777777778,
        "balanced_accuracy": 0.6191883372734437,
        "description": "Agreement analysis between 'summary verify' and 'original correctness'."
    },
    "simple verify fsl": {
        "agreement_count": "57",
        "agreement_percentage": 56.43564356435643,
        "mcc": 0.10962938001475121,
        "accuracy": 0.5643564356435643,
        "precision": 0.5789473684210527,
        "recall": 0.23404255319148937,
        "f1_score": 0.3333333333333333,
        "balanced_accuracy": 0.5429472025216706,
        "description": "Agreement analysis between 'simple verify fsl' and 'original correctness'."
    },
    "complex verify fsl": {
        "agreement_count": "59",
        "agreement_percentage": 58.415841584158414,
        "mcc": 0.15483042563586746,
        "accuracy": 0.5841584158415841,
        "precision": 0.6,
        "recall": 0.3191489361702128,
        "f1_score": 0.4166666666666667,
        "balanced_accuracy": 0.5669818754925138,
        "description": "Agreement analysis between 'complex verify fsl' and 'original correctness'."
    },
    "summary verify fsl": {
        "agreement_count": "56",
        "agreement_percentage": 55.44554455445545,
        "mcc": 0.0842214550890059,
        "accuracy": 0.5544554455445545,
        "precision": 0.5555555555555556,
        "recall": 0.2127659574468085,
        "f1_score": 0.3076923076923077,
        "balanced_accuracy": 0.5323089046493302,
        "description": "Agreement analysis between 'summary verify fsl' and 'original correctness'."
    }
}