{
    "total_valid_rows": {
        "value": 30,
        "description": "Total number of valid rows after preprocessing and removing invalid entries."
    },
    "summary fsl": {
        "agreement_count": "18",
        "agreement_percentage": 60.0,
        "mcc": 0,
        "accuracy": 0.6,
        "precision": 0,
        "recall": 0.0,
        "f1_score": 0,
        "balanced_accuracy": 0.5,
        "description": "Agreement analysis between 'summary fsl' and 'original correctness'."
    },
    "naive correctness fsl": {
        "agreement_count": "18",
        "agreement_percentage": 60.0,
        "mcc": 0,
        "accuracy": 0.6,
        "precision": 0,
        "recall": 0.0,
        "f1_score": 0,
        "balanced_accuracy": 0.5,
        "description": "Agreement analysis between 'naive correctness fsl' and 'original correctness'."
    },
    "simple tree": {
        "agreement_count": "10",
        "agreement_percentage": 33.33333333333333,
        "mcc": -0.27695585470349865,
        "accuracy": 0.3333333333333333,
        "precision": 0.3181818181818182,
        "recall": 0.5833333333333334,
        "f1_score": 0.4117647058823529,
        "balanced_accuracy": 0.375,
        "description": "Agreement analysis between 'simple tree' and 'original correctness'."
    },
    "complex tree": {
        "agreement_count": "13",
        "agreement_percentage": 43.333333333333336,
        "mcc": 0.045360921162651446,
        "accuracy": 0.43333333333333335,
        "precision": 0.4074074074074074,
        "recall": 0.9166666666666666,
        "f1_score": 0.5641025641025641,
        "balanced_accuracy": 0.5138888888888888,
        "description": "Agreement analysis between 'complex tree' and 'original correctness'."
    },
    "vanilla": {
        "agreement_count": "17",
        "agreement_percentage": 56.666666666666664,
        "mcc": 0.19767387315371676,
        "accuracy": 0.5666666666666667,
        "precision": 0.47368421052631576,
        "recall": 0.75,
        "f1_score": 0.5806451612903226,
        "balanced_accuracy": 0.5972222222222222,
        "description": "Agreement analysis between 'vanilla' and 'original correctness'."
    },
    "vanilla_no_cot": {
        "agreement_count": "23",
        "agreement_percentage": 76.66666666666667,
        "mcc": 0.5083042452524145,
        "accuracy": 0.7666666666666667,
        "precision": 0.7272727272727273,
        "recall": 0.6666666666666666,
        "f1_score": 0.6956521739130435,
        "balanced_accuracy": 0.75,
        "description": "Agreement analysis between 'vanilla_no_cot' and 'original correctness'."
    },
    "summary": {
        "agreement_count": "20",
        "agreement_percentage": 66.66666666666666,
        "mcc": 0.4330127018922193,
        "accuracy": 0.6666666666666666,
        "precision": 0.55,
        "recall": 0.9166666666666666,
        "f1_score": 0.6874999999999999,
        "balanced_accuracy": 0.7083333333333333,
        "description": "Agreement analysis between 'summary' and 'original correctness'."
    },
    "simple verify": {
        "agreement_count": "14",
        "agreement_percentage": 46.666666666666664,
        "mcc": -0.08183170883849714,
        "accuracy": 0.4666666666666667,
        "precision": 0.35714285714285715,
        "recall": 0.4166666666666667,
        "f1_score": 0.3846153846153846,
        "balanced_accuracy": 0.45833333333333337,
        "description": "Agreement analysis between 'simple verify' and 'original correctness'."
    },
    "complex verify": {
        "agreement_count": "17",
        "agreement_percentage": 56.666666666666664,
        "mcc": 0.05939138709164986,
        "accuracy": 0.5666666666666667,
        "precision": 0.4444444444444444,
        "recall": 0.3333333333333333,
        "f1_score": 0.380952380952381,
        "balanced_accuracy": 0.5277777777777778,
        "description": "Agreement analysis between 'complex verify' and 'original correctness'."
    },
    "summary verify": {
        "agreement_count": "17",
        "agreement_percentage": 56.666666666666664,
        "mcc": 0.13608276348795434,
        "accuracy": 0.5666666666666667,
        "precision": 0.4666666666666667,
        "recall": 0.5833333333333334,
        "f1_score": 0.5185185185185186,
        "balanced_accuracy": 0.5694444444444444,
        "description": "Agreement analysis between 'summary verify' and 'original correctness'."
    },
    "simple verify fsl": {
        "agreement_count": "18",
        "agreement_percentage": 60.0,
        "mcc": 0.14433756729740643,
        "accuracy": 0.6,
        "precision": 0.5,
        "recall": 0.4166666666666667,
        "f1_score": 0.45454545454545453,
        "balanced_accuracy": 0.5694444444444444,
        "description": "Agreement analysis between 'simple verify fsl' and 'original correctness'."
    },
    "complex verify fsl": {
        "agreement_count": "18",
        "agreement_percentage": 60.0,
        "mcc": 0.12309149097933272,
        "accuracy": 0.6,
        "precision": 0.5,
        "recall": 0.3333333333333333,
        "f1_score": 0.4,
        "balanced_accuracy": 0.5555555555555556,
        "description": "Agreement analysis between 'complex verify fsl' and 'original correctness'."
    },
    "summary verify fsl": {
        "agreement_count": "16",
        "agreement_percentage": 53.333333333333336,
        "mcc": 0.0,
        "accuracy": 0.5333333333333333,
        "precision": 0.4,
        "recall": 0.3333333333333333,
        "f1_score": 0.3636363636363636,
        "balanced_accuracy": 0.5,
        "description": "Agreement analysis between 'summary verify fsl' and 'original correctness'."
    }
}