{
    "HoarePrompt no unroll": {
        "Agreement Count": 1142,
        "Balanced Accuracy": 0.6152989550420758,
        "True Positive Rate (TPR)": 0.6178686759956943,
        "False Negative Rate (FNR)": 0.3821313240043057,
        "False Positive Rate (FPR)": 0.38727076591154264,
        "MCC": 0.23060112337651859
    }
}