{
    "total_valid_rows": {
        "value": 1853,
        "description": "Total number of valid rows after preprocessing and removing invalid entries."
    },
    "complex tree": {
        "agreement_count": "1140",
        "agreement_percentage": 61.521856449001625,
        "mcc": 0.2304367681173166,
        "accuracy": 0.6152185644900162,
        "precision": 0.6150537634408603,
        "recall": 0.6170442286947141,
        "f1_score": 0.6160473882606354,
        "balanced_accuracy": 0.615217578710208,
        "description": "Agreement analysis between 'complex tree' and 'original correctness'."
    }
}