{
    "total_valid_rows": {
        "value": 18,
        "description": "Total number of valid rows after preprocessing and removing invalid entries."
    },
    "summary fsl": {
        "agreement_count": "11",
        "agreement_percentage": 61.111111111111114,
        "mcc": 0,
        "accuracy": 0.6111111111111112,
        "precision": 0,
        "recall": 0.0,
        "f1_score": 0,
        "balanced_accuracy": 0.5,
        "description": "Agreement analysis between 'summary fsl' and 'original correctness'."
    },
    "naive correctness fsl": {
        "agreement_count": "11",
        "agreement_percentage": 61.111111111111114,
        "mcc": 0,
        "accuracy": 0.6111111111111112,
        "precision": 0,
        "recall": 0.0,
        "f1_score": 0,
        "balanced_accuracy": 0.5,
        "description": "Agreement analysis between 'naive correctness fsl' and 'original correctness'."
    },
    "simple tree": {
        "agreement_count": "10",
        "agreement_percentage": 55.55555555555556,
        "mcc": 0.16883116883116883,
        "accuracy": 0.5555555555555556,
        "precision": 0.45454545454545453,
        "recall": 0.7142857142857143,
        "f1_score": 0.5555555555555556,
        "balanced_accuracy": 0.5844155844155844,
        "description": "Agreement analysis between 'simple tree' and 'original correctness'."
    },
    "complex tree": {
        "agreement_count": "8",
        "agreement_percentage": 44.44444444444444,
        "mcc": -0.01413506985480439,
        "accuracy": 0.4444444444444444,
        "precision": 0.38461538461538464,
        "recall": 0.7142857142857143,
        "f1_score": 0.5,
        "balanced_accuracy": 0.4935064935064935,
        "description": "Agreement analysis between 'complex tree' and 'original correctness'."
    },
    "vanilla": {
        "agreement_count": "7",
        "agreement_percentage": 38.88888888888889,
        "mcc": -0.16116459280507606,
        "accuracy": 0.3888888888888889,
        "precision": 0.3333333333333333,
        "recall": 0.5714285714285714,
        "f1_score": 0.4210526315789474,
        "balanced_accuracy": 0.42207792207792205,
        "description": "Agreement analysis between 'vanilla' and 'original correctness'."
    },
    "vanilla_no_cot": {
        "agreement_count": "16",
        "agreement_percentage": 88.88888888888889,
        "mcc": 0.7774288420142416,
        "accuracy": 0.8888888888888888,
        "precision": 1.0,
        "recall": 0.7142857142857143,
        "f1_score": 0.8333333333333333,
        "balanced_accuracy": 0.8571428571428572,
        "description": "Agreement analysis between 'vanilla_no_cot' and 'original correctness'."
    },
    "summary": {
        "agreement_count": "9",
        "agreement_percentage": 50.0,
        "mcc": 0.08058229640253803,
        "accuracy": 0.5,
        "precision": 0.4166666666666667,
        "recall": 0.7142857142857143,
        "f1_score": 0.5263157894736842,
        "balanced_accuracy": 0.538961038961039,
        "description": "Agreement analysis between 'summary' and 'original correctness'."
    },
    "simple verify": {
        "agreement_count": "7",
        "agreement_percentage": 38.88888888888889,
        "mcc": -0.16116459280507606,
        "accuracy": 0.3888888888888889,
        "precision": 0.3333333333333333,
        "recall": 0.5714285714285714,
        "f1_score": 0.4210526315789474,
        "balanced_accuracy": 0.42207792207792205,
        "description": "Agreement analysis between 'simple verify' and 'original correctness'."
    },
    "complex verify": {
        "agreement_count": "9",
        "agreement_percentage": 50.0,
        "mcc": 0.08058229640253803,
        "accuracy": 0.5,
        "precision": 0.4166666666666667,
        "recall": 0.7142857142857143,
        "f1_score": 0.5263157894736842,
        "balanced_accuracy": 0.538961038961039,
        "description": "Agreement analysis between 'complex verify' and 'original correctness'."
    },
    "summary verify": {
        "agreement_count": "10",
        "agreement_percentage": 55.55555555555556,
        "mcc": 0.16883116883116883,
        "accuracy": 0.5555555555555556,
        "precision": 0.45454545454545453,
        "recall": 0.7142857142857143,
        "f1_score": 0.5555555555555556,
        "balanced_accuracy": 0.5844155844155844,
        "description": "Agreement analysis between 'summary verify' and 'original correctness'."
    },
    "simple verify fsl": {
        "agreement_count": "11",
        "agreement_percentage": 61.111111111111114,
        "mcc": 0.2548235957188128,
        "accuracy": 0.6111111111111112,
        "precision": 0.5,
        "recall": 0.7142857142857143,
        "f1_score": 0.588235294117647,
        "balanced_accuracy": 0.6298701298701299,
        "description": "Agreement analysis between 'simple verify fsl' and 'original correctness'."
    },
    "complex verify fsl": {
        "agreement_count": "9",
        "agreement_percentage": 50.0,
        "mcc": 0.025482359571881278,
        "accuracy": 0.5,
        "precision": 0.4,
        "recall": 0.5714285714285714,
        "f1_score": 0.47058823529411764,
        "balanced_accuracy": 0.512987012987013,
        "description": "Agreement analysis between 'complex verify fsl' and 'original correctness'."
    },
    "summary verify fsl": {
        "agreement_count": "11",
        "agreement_percentage": 61.111111111111114,
        "mcc": 0.2548235957188128,
        "accuracy": 0.6111111111111112,
        "precision": 0.5,
        "recall": 0.7142857142857143,
        "f1_score": 0.588235294117647,
        "balanced_accuracy": 0.6298701298701299,
        "description": "Agreement analysis between 'summary verify fsl' and 'original correctness'."
    }
}