{
    "total_valid_rows": {
        "value": 96,
        "description": "Total number of valid rows after preprocessing and removing invalid entries."
    },
    "summary fsl": {
        "agreement_count": "55",
        "agreement_percentage": 57.291666666666664,
        "mcc": 0.17017309735156885,
        "accuracy": 0.5729166666666666,
        "precision": 0.6666666666666666,
        "recall": 0.2553191489361702,
        "f1_score": 0.36923076923076914,
        "balanced_accuracy": 0.5664350846721667,
        "description": "Agreement analysis between 'summary fsl' and 'original correctness'."
    },
    "naive correctness fsl": {
        "agreement_count": "54",
        "agreement_percentage": 56.25,
        "mcc": 0.20620821408352263,
        "accuracy": 0.5625,
        "precision": 0.8571428571428571,
        "recall": 0.1276595744680851,
        "f1_score": 0.2222222222222222,
        "balanced_accuracy": 0.5536257056013895,
        "description": "Agreement analysis between 'naive correctness fsl' and 'original correctness'."
    },
    "simple tree": {
        "agreement_count": "55",
        "agreement_percentage": 57.291666666666664,
        "mcc": 0.14469876884911403,
        "accuracy": 0.5729166666666666,
        "precision": 0.5789473684210527,
        "recall": 0.46808510638297873,
        "f1_score": 0.5176470588235293,
        "balanced_accuracy": 0.5707772470690404,
        "description": "Agreement analysis between 'simple tree' and 'original correctness'."
    },
    "complex tree": {
        "agreement_count": "53",
        "agreement_percentage": 55.208333333333336,
        "mcc": 0.10214497506374715,
        "accuracy": 0.5520833333333334,
        "precision": 0.55,
        "recall": 0.46808510638297873,
        "f1_score": 0.5057471264367817,
        "balanced_accuracy": 0.5503690838037343,
        "description": "Agreement analysis between 'complex tree' and 'original correctness'."
    },
    "vanilla": {
        "agreement_count": "53",
        "agreement_percentage": 55.208333333333336,
        "mcc": 0.10314212462587934,
        "accuracy": 0.5520833333333334,
        "precision": 0.5625,
        "recall": 0.3829787234042553,
        "f1_score": 0.45569620253164556,
        "balanced_accuracy": 0.5486322188449848,
        "description": "Agreement analysis between 'vanilla' and 'original correctness'."
    },
    "vanilla_no_cot": {
        "agreement_count": "50",
        "agreement_percentage": 52.083333333333336,
        "mcc": 0.04020677478167181,
        "accuracy": 0.5208333333333334,
        "precision": 0.5454545454545454,
        "recall": 0.1276595744680851,
        "f1_score": 0.2068965517241379,
        "balanced_accuracy": 0.5128093790707773,
        "description": "Agreement analysis between 'vanilla_no_cot' and 'original correctness'."
    },
    "summary": {
        "agreement_count": "54",
        "agreement_percentage": 56.25,
        "mcc": 0.1235395264370527,
        "accuracy": 0.5625,
        "precision": 0.5675675675675675,
        "recall": 0.44680851063829785,
        "f1_score": 0.5,
        "balanced_accuracy": 0.5601389491966999,
        "description": "Agreement analysis between 'summary' and 'original correctness'."
    },
    "simple verify": {
        "agreement_count": "53",
        "agreement_percentage": 55.208333333333336,
        "mcc": 0.1050611716590486,
        "accuracy": 0.5520833333333334,
        "precision": 0.5714285714285714,
        "recall": 0.3404255319148936,
        "f1_score": 0.4266666666666666,
        "balanced_accuracy": 0.5477637863656101,
        "description": "Agreement analysis between 'simple verify' and 'original correctness'."
    },
    "complex verify": {
        "agreement_count": "49",
        "agreement_percentage": 51.041666666666664,
        "mcc": 0.0120307417295217,
        "accuracy": 0.5104166666666666,
        "precision": 0.5,
        "recall": 0.2553191489361702,
        "f1_score": 0.3380281690140845,
        "balanced_accuracy": 0.5052105948762483,
        "description": "Agreement analysis between 'complex verify' and 'original correctness'."
    },
    "summary verify": {
        "agreement_count": "50",
        "agreement_percentage": 52.083333333333336,
        "mcc": 0.036501076304663836,
        "accuracy": 0.5208333333333334,
        "precision": 0.5263157894736842,
        "recall": 0.2127659574468085,
        "f1_score": 0.30303030303030304,
        "balanced_accuracy": 0.5145462440295268,
        "description": "Agreement analysis between 'summary verify' and 'original correctness'."
    },
    "simple verify fsl": {
        "agreement_count": "56",
        "agreement_percentage": 58.333333333333336,
        "mcc": 0.18744806778279025,
        "accuracy": 0.5833333333333334,
        "precision": 0.6666666666666666,
        "recall": 0.2978723404255319,
        "f1_score": 0.4117647058823529,
        "balanced_accuracy": 0.5775075987841944,
        "description": "Agreement analysis between 'simple verify fsl' and 'original correctness'."
    },
    "complex verify fsl": {
        "agreement_count": "56",
        "agreement_percentage": 58.333333333333336,
        "mcc": 0.18744806778279025,
        "accuracy": 0.5833333333333334,
        "precision": 0.6666666666666666,
        "recall": 0.2978723404255319,
        "f1_score": 0.4117647058823529,
        "balanced_accuracy": 0.5775075987841944,
        "description": "Agreement analysis between 'complex verify fsl' and 'original correctness'."
    },
    "summary verify fsl": {
        "agreement_count": "53",
        "agreement_percentage": 55.208333333333336,
        "mcc": 0.12114664213849641,
        "accuracy": 0.5520833333333334,
        "precision": 0.625,
        "recall": 0.2127659574468085,
        "f1_score": 0.31746031746031744,
        "balanced_accuracy": 0.5451584889274859,
        "description": "Agreement analysis between 'summary verify fsl' and 'original correctness'."
    }
}