{
    "Hoareprompt no unroll": {
        "Agreement Count": 1072,
        "Balanced Accuracy": 0.5794683178592466,
        "True Positive Rate (TPR)": 0.5712742980561555,
        "False Negative Rate (FNR)": 0.4287257019438445,
        "False Positive Rate (FPR)": 0.41233766233766234,
        "MCC": 0.15895744439044912
    }
}