{
    "total_valid_rows": {
        "value": 1839,
        "description": "Total number of valid rows after preprocessing and removing invalid entries."
    },
    "complex tree": {
        "agreement_count": "1065",
        "agreement_percentage": 57.91190864600326,
        "mcc": 0.15829314456539462,
        "accuracy": 0.5791190864600326,
        "precision": 0.5813953488372093,
        "recall": 0.5700325732899023,
        "f1_score": 0.5756578947368421,
        "balanced_accuracy": 0.5791339337037746,
        "description": "Agreement analysis between 'complex tree' and 'original correctness'."
    }
}