{
    "total_valid_rows": {
        "value": 304,
        "description": "Total number of valid rows after preprocessing and removing invalid entries."
    },
    "summary fsl": {
        "agreement_count": "163",
        "agreement_percentage": 53.61842105263158,
        "mcc": 0.1344121681464018,
        "accuracy": 0.5361842105263158,
        "precision": 0.7142857142857143,
        "recall": 0.13071895424836602,
        "f1_score": 0.22099447513812154,
        "balanced_accuracy": 0.5388694108990174,
        "description": "Agreement analysis between 'summary fsl' and 'original correctness'."
    },
    "naive correctness fsl": {
        "agreement_count": "164",
        "agreement_percentage": 53.94736842105263,
        "mcc": 0.10969082418107322,
        "accuracy": 0.5394736842105263,
        "precision": 0.6226415094339622,
        "recall": 0.21568627450980393,
        "f1_score": 0.32038834951456313,
        "balanced_accuracy": 0.541617971691988,
        "description": "Agreement analysis between 'naive correctness fsl' and 'original correctness'."
    },
    "simple tree": {
        "agreement_count": "190",
        "agreement_percentage": 62.5,
        "mcc": 0.25465093923171034,
        "accuracy": 0.625,
        "precision": 0.6054054054054054,
        "recall": 0.7320261437908496,
        "f1_score": 0.6627218934911242,
        "balanced_accuracy": 0.6242912175907891,
        "description": "Agreement analysis between 'simple tree' and 'original correctness'."
    },
    "complex tree": {
        "agreement_count": "196",
        "agreement_percentage": 64.47368421052632,
        "mcc": 0.29680617800325354,
        "accuracy": 0.6447368421052632,
        "precision": 0.6190476190476191,
        "recall": 0.7647058823529411,
        "f1_score": 0.6842105263157895,
        "balanced_accuracy": 0.6439423451499805,
        "description": "Agreement analysis between 'complex tree' and 'original correctness'."
    },
    "vanilla": {
        "agreement_count": "185",
        "agreement_percentage": 60.85526315789473,
        "mcc": 0.2378447324042764,
        "accuracy": 0.6085526315789473,
        "precision": 0.5779816513761468,
        "recall": 0.8235294117647058,
        "f1_score": 0.6792452830188679,
        "balanced_accuracy": 0.607128944292949,
        "description": "Agreement analysis between 'vanilla' and 'original correctness'."
    },
    "vanilla_no_cot": {
        "agreement_count": "174",
        "agreement_percentage": 57.23684210526315,
        "mcc": 0.15514330164015444,
        "accuracy": 0.5723684210526315,
        "precision": 0.6116504854368932,
        "recall": 0.4117647058823529,
        "f1_score": 0.4921874999999999,
        "balanced_accuracy": 0.5734320218153486,
        "description": "Agreement analysis between 'vanilla_no_cot' and 'original correctness'."
    },
    "summary": {
        "agreement_count": "193",
        "agreement_percentage": 63.48684210526315,
        "mcc": 0.27055322910590324,
        "accuracy": 0.6348684210526315,
        "precision": 0.625,
        "recall": 0.6862745098039216,
        "f1_score": 0.6542056074766356,
        "balanced_accuracy": 0.634527983378782,
        "description": "Agreement analysis between 'summary' and 'original correctness'."
    },
    "simple verify": {
        "agreement_count": "176",
        "agreement_percentage": 57.89473684210527,
        "mcc": 0.16268238298045337,
        "accuracy": 0.5789473684210527,
        "precision": 0.5641025641025641,
        "recall": 0.7189542483660131,
        "f1_score": 0.6321839080459771,
        "balanced_accuracy": 0.5780201705406225,
        "description": "Agreement analysis between 'simple verify' and 'original correctness'."
    },
    "complex verify": {
        "agreement_count": "179",
        "agreement_percentage": 58.88157894736842,
        "mcc": 0.18293993585442297,
        "accuracy": 0.5888157894736842,
        "precision": 0.5721649484536082,
        "recall": 0.7254901960784313,
        "f1_score": 0.6397694524495677,
        "balanced_accuracy": 0.5879106609531229,
        "description": "Agreement analysis between 'complex verify' and 'original correctness'."
    },
    "summary verify": {
        "agreement_count": "183",
        "agreement_percentage": 60.19736842105263,
        "mcc": 0.20626977849459152,
        "accuracy": 0.6019736842105263,
        "precision": 0.5888888888888889,
        "recall": 0.6928104575163399,
        "f1_score": 0.6366366366366367,
        "balanced_accuracy": 0.6013721161753884,
        "description": "Agreement analysis between 'summary verify' and 'original correctness'."
    },
    "simple verify fsl": {
        "agreement_count": "174",
        "agreement_percentage": 57.23684210526315,
        "mcc": 0.17173962579035948,
        "accuracy": 0.5723684210526315,
        "precision": 0.6533333333333333,
        "recall": 0.3202614379084967,
        "f1_score": 0.4298245614035087,
        "balanced_accuracy": 0.5740380037224603,
        "description": "Agreement analysis between 'simple verify fsl' and 'original correctness'."
    },
    "complex verify fsl": {
        "agreement_count": "184",
        "agreement_percentage": 60.526315789473685,
        "mcc": 0.2415783590740579,
        "accuracy": 0.6052631578947368,
        "precision": 0.7037037037037037,
        "recall": 0.37254901960784315,
        "f1_score": 0.4871794871794872,
        "balanced_accuracy": 0.6068043111284249,
        "description": "Agreement analysis between 'complex verify fsl' and 'original correctness'."
    },
    "summary verify fsl": {
        "agreement_count": "168",
        "agreement_percentage": 55.26315789473685,
        "mcc": 0.12050374575604701,
        "accuracy": 0.5526315789473685,
        "precision": 0.6,
        "recall": 0.3333333333333333,
        "f1_score": 0.42857142857142855,
        "balanced_accuracy": 0.554083885209713,
        "description": "Agreement analysis between 'summary verify fsl' and 'original correctness'."
    }
}