{
    "total_valid_rows": {
        "value": 21,
        "description": "Total number of valid rows after preprocessing and removing invalid entries."
    },
    "summary fsl": {
        "agreement_count": "8",
        "agreement_percentage": 38.095238095238095,
        "mcc": 0,
        "accuracy": 0.38095238095238093,
        "precision": 0,
        "recall": 0.0,
        "f1_score": 0,
        "balanced_accuracy": 0.5,
        "description": "Agreement analysis between 'summary fsl' and 'original correctness'."
    },
    "naive correctness fsl": {
        "agreement_count": "7",
        "agreement_percentage": 33.33333333333333,
        "mcc": -0.2850438562747845,
        "accuracy": 0.3333333333333333,
        "precision": 0.0,
        "recall": 0.0,
        "f1_score": 0,
        "balanced_accuracy": 0.4375,
        "description": "Agreement analysis between 'naive correctness fsl' and 'original correctness'."
    },
    "simple tree": {
        "agreement_count": "12",
        "agreement_percentage": 57.14285714285714,
        "mcc": 0.021926450482675733,
        "accuracy": 0.5714285714285714,
        "precision": 0.625,
        "recall": 0.7692307692307693,
        "f1_score": 0.6896551724137931,
        "balanced_accuracy": 0.5096153846153846,
        "description": "Agreement analysis between 'simple tree' and 'original correctness'."
    },
    "complex tree": {
        "agreement_count": "13",
        "agreement_percentage": 61.904761904761905,
        "mcc": 0.11891287353862351,
        "accuracy": 0.6190476190476191,
        "precision": 0.6470588235294118,
        "recall": 0.8461538461538461,
        "f1_score": 0.7333333333333334,
        "balanced_accuracy": 0.5480769230769231,
        "description": "Agreement analysis between 'complex tree' and 'original correctness'."
    },
    "vanilla": {
        "agreement_count": "10",
        "agreement_percentage": 47.61904761904761,
        "mcc": -0.03739787960033829,
        "accuracy": 0.47619047619047616,
        "precision": 0.6,
        "recall": 0.46153846153846156,
        "f1_score": 0.5217391304347826,
        "balanced_accuracy": 0.4807692307692308,
        "description": "Agreement analysis between 'vanilla' and 'original correctness'."
    },
    "vanilla_no_cot": {
        "agreement_count": "7",
        "agreement_percentage": 33.33333333333333,
        "mcc": -0.2401922307076307,
        "accuracy": 0.3333333333333333,
        "precision": 0.3333333333333333,
        "recall": 0.07692307692307693,
        "f1_score": 0.125,
        "balanced_accuracy": 0.41346153846153844,
        "description": "Agreement analysis between 'vanilla_no_cot' and 'original correctness'."
    },
    "summary": {
        "agreement_count": "9",
        "agreement_percentage": 42.857142857142854,
        "mcc": -0.21153846153846154,
        "accuracy": 0.42857142857142855,
        "precision": 0.5384615384615384,
        "recall": 0.5384615384615384,
        "f1_score": 0.5384615384615384,
        "balanced_accuracy": 0.3942307692307692,
        "description": "Agreement analysis between 'summary' and 'original correctness'."
    },
    "simple verify": {
        "agreement_count": "10",
        "agreement_percentage": 47.61904761904761,
        "mcc": -0.08492077756084468,
        "accuracy": 0.47619047619047616,
        "precision": 0.5833333333333334,
        "recall": 0.5384615384615384,
        "f1_score": 0.5599999999999999,
        "balanced_accuracy": 0.4567307692307692,
        "description": "Agreement analysis between 'simple verify' and 'original correctness'."
    },
    "complex verify": {
        "agreement_count": "11",
        "agreement_percentage": 52.38095238095239,
        "mcc": 0.08492077756084468,
        "accuracy": 0.5238095238095238,
        "precision": 0.6666666666666666,
        "recall": 0.46153846153846156,
        "f1_score": 0.5454545454545455,
        "balanced_accuracy": 0.5432692307692308,
        "description": "Agreement analysis between 'complex verify' and 'original correctness'."
    },
    "summary verify": {
        "agreement_count": "8",
        "agreement_percentage": 38.095238095238095,
        "mcc": -0.28306925853614895,
        "accuracy": 0.38095238095238093,
        "precision": 0.5,
        "recall": 0.46153846153846156,
        "f1_score": 0.48000000000000004,
        "balanced_accuracy": 0.3557692307692308,
        "description": "Agreement analysis between 'summary verify' and 'original correctness'."
    },
    "simple verify fsl": {
        "agreement_count": "9",
        "agreement_percentage": 42.857142857142854,
        "mcc": -0.1589409883014377,
        "accuracy": 0.42857142857142855,
        "precision": 0.5454545454545454,
        "recall": 0.46153846153846156,
        "f1_score": 0.4999999999999999,
        "balanced_accuracy": 0.4182692307692308,
        "description": "Agreement analysis between 'simple verify fsl' and 'original correctness'."
    },
    "complex verify fsl": {
        "agreement_count": "9",
        "agreement_percentage": 42.857142857142854,
        "mcc": -0.11322770341445958,
        "accuracy": 0.42857142857142855,
        "precision": 0.5555555555555556,
        "recall": 0.38461538461538464,
        "f1_score": 0.4545454545454546,
        "balanced_accuracy": 0.4423076923076923,
        "description": "Agreement analysis between 'complex verify fsl' and 'original correctness'."
    },
    "summary verify fsl": {
        "agreement_count": "11",
        "agreement_percentage": 52.38095238095239,
        "mcc": 0.08492077756084468,
        "accuracy": 0.5238095238095238,
        "precision": 0.6666666666666666,
        "recall": 0.46153846153846156,
        "f1_score": 0.5454545454545455,
        "balanced_accuracy": 0.5432692307692308,
        "description": "Agreement analysis between 'summary verify fsl' and 'original correctness'."
    }
}