{
    "total_valid_rows": {
        "value": 100,
        "description": "Total number of valid rows after preprocessing and removing invalid entries."
    },
    "summary fsl": {
        "agreement_count": "54",
        "agreement_percentage": 54.0,
        "mcc": 0.11031532601522852,
        "accuracy": 0.54,
        "precision": 0.75,
        "recall": 0.0625,
        "f1_score": 0.11538461538461539,
        "balanced_accuracy": 0.5216346153846154,
        "description": "Agreement analysis between 'summary fsl' and 'original correctness'."
    },
    "naive correctness fsl": {
        "agreement_count": "50",
        "agreement_percentage": 50.0,
        "mcc": -0.09397231475371318,
        "accuracy": 0.5,
        "precision": 0.25,
        "recall": 0.020833333333333332,
        "f1_score": 0.038461538461538464,
        "balanced_accuracy": 0.48157051282051283,
        "description": "Agreement analysis between 'naive correctness fsl' and 'original correctness'."
    },
    "simple tree": {
        "agreement_count": "58",
        "agreement_percentage": 57.99999999999999,
        "mcc": 0.16613248978602638,
        "accuracy": 0.58,
        "precision": 0.5535714285714286,
        "recall": 0.6458333333333334,
        "f1_score": 0.5961538461538463,
        "balanced_accuracy": 0.5825320512820513,
        "description": "Agreement analysis between 'simple tree' and 'original correctness'."
    },
    "complex tree": {
        "agreement_count": "58",
        "agreement_percentage": 57.99999999999999,
        "mcc": 0.16613248978602638,
        "accuracy": 0.58,
        "precision": 0.5535714285714286,
        "recall": 0.6458333333333334,
        "f1_score": 0.5961538461538463,
        "balanced_accuracy": 0.5825320512820513,
        "description": "Agreement analysis between 'complex tree' and 'original correctness'."
    },
    "vanilla": {
        "agreement_count": "55",
        "agreement_percentage": 55.00000000000001,
        "mcc": 0.09656090991705352,
        "accuracy": 0.55,
        "precision": 0.5333333333333333,
        "recall": 0.5,
        "f1_score": 0.5161290322580646,
        "balanced_accuracy": 0.5480769230769231,
        "description": "Agreement analysis between 'vanilla' and 'original correctness'."
    },
    "vanilla_no_cot": {
        "agreement_count": "56",
        "agreement_percentage": 56.00000000000001,
        "mcc": 0.1379728923974526,
        "accuracy": 0.56,
        "precision": 0.6666666666666666,
        "recall": 0.16666666666666666,
        "f1_score": 0.26666666666666666,
        "balanced_accuracy": 0.5448717948717949,
        "description": "Agreement analysis between 'vanilla_no_cot' and 'original correctness'."
    },
    "summary": {
        "agreement_count": "51",
        "agreement_percentage": 51.0,
        "mcc": 0.017645888155149142,
        "accuracy": 0.51,
        "precision": 0.48936170212765956,
        "recall": 0.4791666666666667,
        "f1_score": 0.4842105263157895,
        "balanced_accuracy": 0.5088141025641025,
        "description": "Agreement analysis between 'summary' and 'original correctness'."
    },
    "simple verify": {
        "agreement_count": "49",
        "agreement_percentage": 49.0,
        "mcc": -0.027673792995417997,
        "accuracy": 0.49,
        "precision": 0.4634146341463415,
        "recall": 0.3958333333333333,
        "f1_score": 0.42696629213483145,
        "balanced_accuracy": 0.48637820512820507,
        "description": "Agreement analysis between 'simple verify' and 'original correctness'."
    },
    "complex verify": {
        "agreement_count": "57",
        "agreement_percentage": 56.99999999999999,
        "mcc": 0.1346028737756086,
        "accuracy": 0.57,
        "precision": 0.5641025641025641,
        "recall": 0.4583333333333333,
        "f1_score": 0.5057471264367815,
        "balanced_accuracy": 0.5657051282051282,
        "description": "Agreement analysis between 'complex verify' and 'original correctness'."
    },
    "summary verify": {
        "agreement_count": "42",
        "agreement_percentage": 42.0,
        "mcc": -0.16385589739043474,
        "accuracy": 0.42,
        "precision": 0.391304347826087,
        "recall": 0.375,
        "f1_score": 0.3829787234042554,
        "balanced_accuracy": 0.4182692307692308,
        "description": "Agreement analysis between 'summary verify' and 'original correctness'."
    },
    "simple verify fsl": {
        "agreement_count": "52",
        "agreement_percentage": 52.0,
        "mcc": 0.02620712091804796,
        "accuracy": 0.52,
        "precision": 0.5,
        "recall": 0.3125,
        "f1_score": 0.38461538461538464,
        "balanced_accuracy": 0.5120192307692308,
        "description": "Agreement analysis between 'simple verify fsl' and 'original correctness'."
    },
    "complex verify fsl": {
        "agreement_count": "50",
        "agreement_percentage": 50.0,
        "mcc": -0.01352123190524728,
        "accuracy": 0.5,
        "precision": 0.47058823529411764,
        "recall": 0.3333333333333333,
        "f1_score": 0.39024390243902435,
        "balanced_accuracy": 0.4935897435897436,
        "description": "Agreement analysis between 'complex verify fsl' and 'original correctness'."
    },
    "summary verify fsl": {
        "agreement_count": "52",
        "agreement_percentage": 52.0,
        "mcc": 0.02620712091804796,
        "accuracy": 0.52,
        "precision": 0.5,
        "recall": 0.3125,
        "f1_score": 0.38461538461538464,
        "balanced_accuracy": 0.5120192307692308,
        "description": "Agreement analysis between 'summary verify fsl' and 'original correctness'."
    }
}