{
    "total_valid_rows": {
        "value": 95,
        "description": "Total number of valid rows after preprocessing and removing invalid entries."
    },
    "summary fsl": {
        "agreement_count": "53",
        "agreement_percentage": 55.78947368421052,
        "mcc": 0.1578818742510007,
        "accuracy": 0.5578947368421052,
        "precision": 1.0,
        "recall": 0.045454545454545456,
        "f1_score": 0.08695652173913045,
        "balanced_accuracy": 0.5227272727272727,
        "description": "Agreement analysis between 'summary fsl' and 'original correctness'."
    },
    "naive correctness fsl": {
        "agreement_count": "51",
        "agreement_percentage": 53.68421052631579,
        "mcc": 0.015490517173711905,
        "accuracy": 0.5368421052631579,
        "precision": 0.5,
        "recall": 0.045454545454545456,
        "f1_score": 0.08333333333333334,
        "balanced_accuracy": 0.5031194295900179,
        "description": "Agreement analysis between 'naive correctness fsl' and 'original correctness'."
    },
    "simple tree": {
        "agreement_count": "54",
        "agreement_percentage": 56.84210526315789,
        "mcc": 0.17066714947629535,
        "accuracy": 0.5684210526315789,
        "precision": 0.5238095238095238,
        "recall": 0.75,
        "f1_score": 0.6168224299065421,
        "balanced_accuracy": 0.5808823529411764,
        "description": "Agreement analysis between 'simple tree' and 'original correctness'."
    },
    "complex tree": {
        "agreement_count": "48",
        "agreement_percentage": 50.526315789473685,
        "mcc": 0.02931509402576842,
        "accuracy": 0.5052631578947369,
        "precision": 0.4745762711864407,
        "recall": 0.6363636363636364,
        "f1_score": 0.5436893203883495,
        "balanced_accuracy": 0.5142602495543672,
        "description": "Agreement analysis between 'complex tree' and 'original correctness'."
    },
    "vanilla": {
        "agreement_count": "53",
        "agreement_percentage": 55.78947368421052,
        "mcc": 0.11382864947236597,
        "accuracy": 0.5578947368421052,
        "precision": 0.5217391304347826,
        "recall": 0.5454545454545454,
        "f1_score": 0.5333333333333332,
        "balanced_accuracy": 0.5570409982174688,
        "description": "Agreement analysis between 'vanilla' and 'original correctness'."
    },
    "vanilla_no_cot": {
        "agreement_count": "55",
        "agreement_percentage": 57.89473684210527,
        "mcc": 0.15518398120468418,
        "accuracy": 0.5789473684210527,
        "precision": 0.6666666666666666,
        "recall": 0.18181818181818182,
        "f1_score": 0.28571428571428575,
        "balanced_accuracy": 0.551693404634581,
        "description": "Agreement analysis between 'vanilla_no_cot' and 'original correctness'."
    },
    "summary": {
        "agreement_count": "53",
        "agreement_percentage": 55.78947368421052,
        "mcc": 0.11382864947236597,
        "accuracy": 0.5578947368421052,
        "precision": 0.5217391304347826,
        "recall": 0.5454545454545454,
        "f1_score": 0.5333333333333332,
        "balanced_accuracy": 0.5570409982174688,
        "description": "Agreement analysis between 'summary' and 'original correctness'."
    },
    "simple verify": {
        "agreement_count": "56",
        "agreement_percentage": 58.94736842105262,
        "mcc": 0.17579009882054028,
        "accuracy": 0.5894736842105263,
        "precision": 0.5555555555555556,
        "recall": 0.5681818181818182,
        "f1_score": 0.5617977528089888,
        "balanced_accuracy": 0.5880124777183601,
        "description": "Agreement analysis between 'simple verify' and 'original correctness'."
    },
    "complex verify": {
        "agreement_count": "48",
        "agreement_percentage": 50.526315789473685,
        "mcc": -0.009213166547046368,
        "accuracy": 0.5052631578947369,
        "precision": 0.45714285714285713,
        "recall": 0.36363636363636365,
        "f1_score": 0.4050632911392405,
        "balanced_accuracy": 0.49554367201426025,
        "description": "Agreement analysis between 'complex verify' and 'original correctness'."
    },
    "summary verify": {
        "agreement_count": "55",
        "agreement_percentage": 57.89473684210527,
        "mcc": 0.15911167684252342,
        "accuracy": 0.5789473684210527,
        "precision": 0.5416666666666666,
        "recall": 0.5909090909090909,
        "f1_score": 0.5652173913043478,
        "balanced_accuracy": 0.5797682709447416,
        "description": "Agreement analysis between 'summary verify' and 'original correctness'."
    },
    "simple verify fsl": {
        "agreement_count": "51",
        "agreement_percentage": 53.68421052631579,
        "mcc": 0.05771409136323157,
        "accuracy": 0.5368421052631579,
        "precision": 0.5,
        "recall": 0.4090909090909091,
        "f1_score": 0.45,
        "balanced_accuracy": 0.5280748663101604,
        "description": "Agreement analysis between 'simple verify fsl' and 'original correctness'."
    },
    "complex verify fsl": {
        "agreement_count": "54",
        "agreement_percentage": 56.84210526315789,
        "mcc": 0.12394888344859463,
        "accuracy": 0.5684210526315789,
        "precision": 0.5405405405405406,
        "recall": 0.45454545454545453,
        "f1_score": 0.49382716049382713,
        "balanced_accuracy": 0.5606060606060606,
        "description": "Agreement analysis between 'complex verify fsl' and 'original correctness'."
    },
    "summary verify fsl": {
        "agreement_count": "50",
        "agreement_percentage": 52.63157894736842,
        "mcc": 0.020185036575477107,
        "accuracy": 0.5263157894736842,
        "precision": 0.48,
        "recall": 0.2727272727272727,
        "f1_score": 0.34782608695652173,
        "balanced_accuracy": 0.5089126559714795,
        "description": "Agreement analysis between 'summary verify fsl' and 'original correctness'."
    }
}