{
    "total_valid_rows": {
        "value": 131,
        "description": "Total number of valid rows after preprocessing and removing invalid entries."
    },
    "vanilla": {
        "agreement_count": "86",
        "agreement_percentage": 65.64885496183206,
        "mcc": 0.31302551709475024,
        "accuracy": 0.6564885496183206,
        "precision": 0.6612903225806451,
        "recall": 0.6307692307692307,
        "f1_score": 0.6456692913385826,
        "balanced_accuracy": 0.6562937062937062,
        "description": "Agreement analysis between 'vanilla' and 'original correctness'."
    }
}