{
    "total_valid_rows": {
        "value": 101,
        "description": "Total number of valid rows after preprocessing and removing invalid entries."
    },
    "summary fsl": {
        "agreement_count": "54",
        "agreement_percentage": 53.46534653465347,
        "mcc": 0.1076138584336934,
        "accuracy": 0.5346534653465347,
        "precision": 0.75,
        "recall": 0.061224489795918366,
        "f1_score": 0.11320754716981131,
        "balanced_accuracy": 0.5209968602825745,
        "description": "Agreement analysis between 'summary fsl' and 'original correctness'."
    },
    "naive correctness fsl": {
        "agreement_count": "52",
        "agreement_percentage": 51.48514851485149,
        "mcc": 0.00603442196824449,
        "accuracy": 0.5148514851485149,
        "precision": 0.5,
        "recall": 0.04081632653061224,
        "f1_score": 0.07547169811320753,
        "balanced_accuracy": 0.5011773940345369,
        "description": "Agreement analysis between 'naive correctness fsl' and 'original correctness'."
    },
    "simple tree": {
        "agreement_count": "57",
        "agreement_percentage": 56.43564356435643,
        "mcc": 0.13796337741212855,
        "accuracy": 0.5643564356435643,
        "precision": 0.5409836065573771,
        "recall": 0.673469387755102,
        "f1_score": 0.6,
        "balanced_accuracy": 0.5675039246467818,
        "description": "Agreement analysis between 'simple tree' and 'original correctness'."
    },
    "complex tree": {
        "agreement_count": "59",
        "agreement_percentage": 58.415841584158414,
        "mcc": 0.1717222289002265,
        "accuracy": 0.5841584158415841,
        "precision": 0.5636363636363636,
        "recall": 0.6326530612244898,
        "f1_score": 0.5961538461538461,
        "balanced_accuracy": 0.5855572998430141,
        "description": "Agreement analysis between 'complex tree' and 'original correctness'."
    },
    "vanilla": {
        "agreement_count": "56",
        "agreement_percentage": 55.44554455445545,
        "mcc": 0.10867007505540133,
        "accuracy": 0.5544554455445545,
        "precision": 0.54,
        "recall": 0.5510204081632653,
        "f1_score": 0.5454545454545455,
        "balanced_accuracy": 0.5543563579277865,
        "description": "Agreement analysis between 'vanilla' and 'original correctness'."
    },
    "vanilla_no_cot": {
        "agreement_count": "56",
        "agreement_percentage": 55.44554455445545,
        "mcc": 0.1265847846390047,
        "accuracy": 0.5544554455445545,
        "precision": 0.6428571428571429,
        "recall": 0.1836734693877551,
        "f1_score": 0.28571428571428575,
        "balanced_accuracy": 0.5437598116169545,
        "description": "Agreement analysis between 'vanilla_no_cot' and 'original correctness'."
    },
    "summary": {
        "agreement_count": "58",
        "agreement_percentage": 57.42574257425742,
        "mcc": 0.1482934598228942,
        "accuracy": 0.5742574257425742,
        "precision": 0.56,
        "recall": 0.5714285714285714,
        "f1_score": 0.5656565656565656,
        "balanced_accuracy": 0.5741758241758241,
        "description": "Agreement analysis between 'summary' and 'original correctness'."
    },
    "simple verify": {
        "agreement_count": "48",
        "agreement_percentage": 47.524752475247524,
        "mcc": -0.05870920741574893,
        "accuracy": 0.4752475247524752,
        "precision": 0.4473684210526316,
        "recall": 0.3469387755102041,
        "f1_score": 0.39080459770114945,
        "balanced_accuracy": 0.47154631083202514,
        "description": "Agreement analysis between 'simple verify' and 'original correctness'."
    },
    "complex verify": {
        "agreement_count": "50",
        "agreement_percentage": 49.504950495049506,
        "mcc": -0.016443309517143227,
        "accuracy": 0.49504950495049505,
        "precision": 0.475,
        "recall": 0.3877551020408163,
        "f1_score": 0.42696629213483145,
        "balanced_accuracy": 0.49195447409733123,
        "description": "Agreement analysis between 'complex verify' and 'original correctness'."
    },
    "summary verify": {
        "agreement_count": "53",
        "agreement_percentage": 52.475247524752476,
        "mcc": 0.04656740369497137,
        "accuracy": 0.5247524752475248,
        "precision": 0.5111111111111111,
        "recall": 0.46938775510204084,
        "f1_score": 0.48936170212765956,
        "balanced_accuracy": 0.5231554160125589,
        "description": "Agreement analysis between 'summary verify' and 'original correctness'."
    },
    "simple verify fsl": {
        "agreement_count": "56",
        "agreement_percentage": 55.44554455445545,
        "mcc": 0.10501321373763949,
        "accuracy": 0.5544554455445545,
        "precision": 0.5588235294117647,
        "recall": 0.3877551020408163,
        "f1_score": 0.4578313253012048,
        "balanced_accuracy": 0.5496467817896389,
        "description": "Agreement analysis between 'simple verify fsl' and 'original correctness'."
    },
    "complex verify fsl": {
        "agreement_count": "53",
        "agreement_percentage": 52.475247524752476,
        "mcc": 0.04033145951520508,
        "accuracy": 0.5247524752475248,
        "precision": 0.5185185185185185,
        "recall": 0.2857142857142857,
        "f1_score": 0.3684210526315789,
        "balanced_accuracy": 0.5178571428571428,
        "description": "Agreement analysis between 'complex verify fsl' and 'original correctness'."
    },
    "summary verify fsl": {
        "agreement_count": "59",
        "agreement_percentage": 58.415841584158414,
        "mcc": 0.16581672962289212,
        "accuracy": 0.5841584158415841,
        "precision": 0.5813953488372093,
        "recall": 0.5102040816326531,
        "f1_score": 0.5434782608695652,
        "balanced_accuracy": 0.5820251177394035,
        "description": "Agreement analysis between 'summary verify fsl' and 'original correctness'."
    }
}