{
    "total_valid_rows": {
        "value": 1863,
        "description": "Total number of valid rows after preprocessing and removing invalid entries."
    },
    "tester": {
        "agreement_count": "964",
        "agreement_percentage": 51.74449812130971,
        "mcc": 0.10876867640996417,
        "accuracy": 0.5174449812130971,
        "precision": 0.8,
        "recall": 0.051336898395721926,
        "f1_score": 0.09648241206030152,
        "balanced_accuracy": 0.5192029319564816,
        "description": "Agreement analysis between 'tester' and 'original correctness'."
    }
}