{
    "total_valid_rows": {
        "value": 18,
        "description": "Total number of valid rows after preprocessing and removing invalid entries."
    },
    "summary fsl": {
        "agreement_count": "11",
        "agreement_percentage": 61.111111111111114,
        "mcc": 0.305085107923876,
        "accuracy": 0.6111111111111112,
        "precision": 0.875,
        "recall": 0.5384615384615384,
        "f1_score": 0.6666666666666667,
        "balanced_accuracy": 0.6692307692307693,
        "description": "Agreement analysis between 'summary fsl' and 'original correctness'."
    },
    "naive correctness fsl": {
        "agreement_count": "8",
        "agreement_percentage": 44.44444444444444,
        "mcc": 0.2773500981126146,
        "accuracy": 0.4444444444444444,
        "precision": 1.0,
        "recall": 0.23076923076923078,
        "f1_score": 0.375,
        "balanced_accuracy": 0.6153846153846154,
        "description": "Agreement analysis between 'naive correctness fsl' and 'original correctness'."
    },
    "simple tree": {
        "agreement_count": "11",
        "agreement_percentage": 61.111111111111114,
        "mcc": 0.08770580193070292,
        "accuracy": 0.6111111111111112,
        "precision": 0.75,
        "recall": 0.6923076923076923,
        "f1_score": 0.7199999999999999,
        "balanced_accuracy": 0.5461538461538462,
        "description": "Agreement analysis between 'simple tree' and 'original correctness'."
    },
    "complex tree": {
        "agreement_count": "11",
        "agreement_percentage": 61.111111111111114,
        "mcc": -0.033149677206589796,
        "accuracy": 0.6111111111111112,
        "precision": 0.7142857142857143,
        "recall": 0.7692307692307693,
        "f1_score": 0.7407407407407408,
        "balanced_accuracy": 0.48461538461538467,
        "description": "Agreement analysis between 'complex tree' and 'original correctness'."
    },
    "vanilla": {
        "agreement_count": "9",
        "agreement_percentage": 50.0,
        "mcc": 0.05547001962252291,
        "accuracy": 0.5,
        "precision": 0.75,
        "recall": 0.46153846153846156,
        "f1_score": 0.5714285714285714,
        "balanced_accuracy": 0.5307692307692308,
        "description": "Agreement analysis between 'vanilla' and 'original correctness'."
    },
    "vanilla_no_cot": {
        "agreement_count": "9",
        "agreement_percentage": 50.0,
        "mcc": 0.33149677206589795,
        "accuracy": 0.5,
        "precision": 1.0,
        "recall": 0.3076923076923077,
        "f1_score": 0.47058823529411764,
        "balanced_accuracy": 0.6538461538461539,
        "description": "Agreement analysis between 'vanilla_no_cot' and 'original correctness'."
    },
    "summary": {
        "agreement_count": "11",
        "agreement_percentage": 61.111111111111114,
        "mcc": -0.033149677206589796,
        "accuracy": 0.6111111111111112,
        "precision": 0.7142857142857143,
        "recall": 0.7692307692307693,
        "f1_score": 0.7407407407407408,
        "balanced_accuracy": 0.48461538461538467,
        "description": "Agreement analysis between 'summary' and 'original correctness'."
    },
    "simple verify": {
        "agreement_count": "12",
        "agreement_percentage": 66.66666666666666,
        "mcc": 0.3721042037676254,
        "accuracy": 0.6666666666666666,
        "precision": 0.8888888888888888,
        "recall": 0.6153846153846154,
        "f1_score": 0.7272727272727274,
        "balanced_accuracy": 0.7076923076923077,
        "description": "Agreement analysis between 'simple verify' and 'original correctness'."
    },
    "complex verify": {
        "agreement_count": "9",
        "agreement_percentage": 50.0,
        "mcc": 0.17541160386140583,
        "accuracy": 0.5,
        "precision": 0.8333333333333334,
        "recall": 0.38461538461538464,
        "f1_score": 0.5263157894736842,
        "balanced_accuracy": 0.5923076923076923,
        "description": "Agreement analysis between 'complex verify' and 'original correctness'."
    },
    "summary verify": {
        "agreement_count": "11",
        "agreement_percentage": 61.111111111111114,
        "mcc": 0.43852900965351455,
        "accuracy": 0.6111111111111112,
        "precision": 1.0,
        "recall": 0.46153846153846156,
        "f1_score": 0.631578947368421,
        "balanced_accuracy": 0.7307692307692308,
        "description": "Agreement analysis between 'summary verify' and 'original correctness'."
    },
    "simple verify fsl": {
        "agreement_count": "10",
        "agreement_percentage": 55.55555555555556,
        "mcc": 0.12403473458920847,
        "accuracy": 0.5555555555555556,
        "precision": 0.7777777777777778,
        "recall": 0.5384615384615384,
        "f1_score": 0.6363636363636364,
        "balanced_accuracy": 0.5692307692307692,
        "description": "Agreement analysis between 'simple verify fsl' and 'original correctness'."
    },
    "complex verify fsl": {
        "agreement_count": "9",
        "agreement_percentage": 50.0,
        "mcc": -0.17541160386140583,
        "accuracy": 0.5,
        "precision": 0.6666666666666666,
        "recall": 0.6153846153846154,
        "f1_score": 0.64,
        "balanced_accuracy": 0.4076923076923077,
        "description": "Agreement analysis between 'complex verify fsl' and 'original correctness'."
    },
    "summary verify fsl": {
        "agreement_count": "7",
        "agreement_percentage": 38.88888888888889,
        "mcc": 0.033149677206589796,
        "accuracy": 0.3888888888888889,
        "precision": 0.75,
        "recall": 0.23076923076923078,
        "f1_score": 0.3529411764705882,
        "balanced_accuracy": 0.5153846153846154,
        "description": "Agreement analysis between 'summary verify fsl' and 'original correctness'."
    }
}