{
    "total_valid_rows": {
        "value": 104,
        "description": "Total number of valid rows after preprocessing and removing invalid entries."
    },
    "summary fsl": {
        "agreement_count": "58",
        "agreement_percentage": 55.769230769230774,
        "mcc": 0.1825926304666966,
        "accuracy": 0.5576923076923077,
        "precision": 1.0,
        "recall": 0.061224489795918366,
        "f1_score": 0.11538461538461538,
        "balanced_accuracy": 0.5306122448979592,
        "description": "Agreement analysis between 'summary fsl' and 'original correctness'."
    },
    "naive correctness fsl": {
        "agreement_count": "60",
        "agreement_percentage": 57.692307692307686,
        "mcc": 0.23809523809523808,
        "accuracy": 0.5769230769230769,
        "precision": 1.0,
        "recall": 0.10204081632653061,
        "f1_score": 0.1851851851851852,
        "balanced_accuracy": 0.5510204081632653,
        "description": "Agreement analysis between 'naive correctness fsl' and 'original correctness'."
    },
    "simple tree": {
        "agreement_count": "62",
        "agreement_percentage": 59.61538461538461,
        "mcc": 0.19910769304692266,
        "accuracy": 0.5961538461538461,
        "precision": 0.5614035087719298,
        "recall": 0.6530612244897959,
        "f1_score": 0.6037735849056605,
        "balanced_accuracy": 0.5992578849721706,
        "description": "Agreement analysis between 'simple tree' and 'original correctness'."
    },
    "complex tree": {
        "agreement_count": "58",
        "agreement_percentage": 55.769230769230774,
        "mcc": 0.12169759930157703,
        "accuracy": 0.5576923076923077,
        "precision": 0.5263157894736842,
        "recall": 0.6122448979591837,
        "f1_score": 0.5660377358490565,
        "balanced_accuracy": 0.5606679035250464,
        "description": "Agreement analysis between 'complex tree' and 'original correctness'."
    },
    "vanilla": {
        "agreement_count": "57",
        "agreement_percentage": 54.807692307692314,
        "mcc": 0.09631426606617743,
        "accuracy": 0.5480769230769231,
        "precision": 0.5192307692307693,
        "recall": 0.5510204081632653,
        "f1_score": 0.5346534653465348,
        "balanced_accuracy": 0.5482374768089053,
        "description": "Agreement analysis between 'vanilla' and 'original correctness'."
    },
    "vanilla_no_cot": {
        "agreement_count": "55",
        "agreement_percentage": 52.88461538461539,
        "mcc": 0.026438018179907086,
        "accuracy": 0.5288461538461539,
        "precision": 0.5,
        "recall": 0.1836734693877551,
        "f1_score": 0.26865671641791045,
        "balanced_accuracy": 0.5100185528756958,
        "description": "Agreement analysis between 'vanilla_no_cot' and 'original correctness'."
    },
    "summary": {
        "agreement_count": "54",
        "agreement_percentage": 51.92307692307693,
        "mcc": 0.03312258818911424,
        "accuracy": 0.5192307692307693,
        "precision": 0.48936170212765956,
        "recall": 0.46938775510204084,
        "f1_score": 0.47916666666666663,
        "balanced_accuracy": 0.5165120593692022,
        "description": "Agreement analysis between 'summary' and 'original correctness'."
    },
    "simple verify": {
        "agreement_count": "53",
        "agreement_percentage": 50.96153846153846,
        "mcc": 0.019262853213235488,
        "accuracy": 0.5096153846153846,
        "precision": 0.4807692307692308,
        "recall": 0.5102040816326531,
        "f1_score": 0.4950495049504951,
        "balanced_accuracy": 0.5096474953617811,
        "description": "Agreement analysis between 'simple verify' and 'original correctness'."
    },
    "complex verify": {
        "agreement_count": "60",
        "agreement_percentage": 57.692307692307686,
        "mcc": 0.14766767877697598,
        "accuracy": 0.5769230769230769,
        "precision": 0.5555555555555556,
        "recall": 0.5102040816326531,
        "f1_score": 0.5319148936170212,
        "balanced_accuracy": 0.5732838589981447,
        "description": "Agreement analysis between 'complex verify' and 'original correctness'."
    },
    "summary verify": {
        "agreement_count": "47",
        "agreement_percentage": 45.19230769230769,
        "mcc": -0.1010589745414296,
        "accuracy": 0.4519230769230769,
        "precision": 0.4166666666666667,
        "recall": 0.40816326530612246,
        "f1_score": 0.4123711340206186,
        "balanced_accuracy": 0.4495361781076067,
        "description": "Agreement analysis between 'summary verify' and 'original correctness'."
    },
    "simple verify fsl": {
        "agreement_count": "58",
        "agreement_percentage": 55.769230769230774,
        "mcc": 0.10147864306763206,
        "accuracy": 0.5576923076923077,
        "precision": 0.5454545454545454,
        "recall": 0.3673469387755102,
        "f1_score": 0.43902439024390244,
        "balanced_accuracy": 0.5473098330241187,
        "description": "Agreement analysis between 'simple verify fsl' and 'original correctness'."
    },
    "complex verify fsl": {
        "agreement_count": "54",
        "agreement_percentage": 51.92307692307693,
        "mcc": 0.018703906761485124,
        "accuracy": 0.5192307692307693,
        "precision": 0.48484848484848486,
        "recall": 0.32653061224489793,
        "f1_score": 0.3902439024390244,
        "balanced_accuracy": 0.5087198515769944,
        "description": "Agreement analysis between 'complex verify fsl' and 'original correctness'."
    },
    "summary verify fsl": {
        "agreement_count": "54",
        "agreement_percentage": 51.92307692307693,
        "mcc": 0.018703906761485124,
        "accuracy": 0.5192307692307693,
        "precision": 0.48484848484848486,
        "recall": 0.32653061224489793,
        "f1_score": 0.3902439024390244,
        "balanced_accuracy": 0.5087198515769944,
        "description": "Agreement analysis between 'summary verify fsl' and 'original correctness'."
    }
}