{
    "total_valid_rows": {
        "value": 29,
        "description": "Total number of valid rows after preprocessing and removing invalid entries."
    },
    "Function summary": {
        "agreement_count": "21",
        "agreement_percentage": 72.41379310344827,
        "mcc": 0.36381610105721157,
        "accuracy": 0.7241379310344828,
        "precision": 0.5,
        "recall": 0.625,
        "f1_score": 0.5555555555555556,
        "balanced_accuracy": 0.6934523809523809,
        "description": "Agreement analysis between 'Correctness' and 'original correctness'."
    },
    "Naive": {
        "agreement_count": "18",
        "agreement_percentage": 62.06896551724138,
        "mcc": 0.15352206215727945,
        "accuracy": 0.6206896551724138,
        "precision": 0.36363636363636365,
        "recall": 0.5,
        "f1_score": 0.4210526315789474,
        "balanced_accuracy": 0.5833333333333333,
        "description": "Agreement analysis between 'naive correctness' and 'original correctness'."
    },
    "Complex tree": {
        "agreement_count": "21",
        "agreement_percentage": 72.41379310344827,
        "mcc": 0.36381610105721157,
        "accuracy": 0.7241379310344828,
        "precision": 0.5,
        "recall": 0.625,
        "f1_score": 0.5555555555555556,
        "balanced_accuracy": 0.6934523809523809,
        "description": "Agreement analysis between 'annotated correctness' and 'original correctness'."
    },
    "Simple tree": {
        "agreement_count": "19",
        "agreement_percentage": 65.51724137931035,
        "mcc": 0.2646831871171338,
        "accuracy": 0.6551724137931034,
        "precision": 0.4166666666666667,
        "recall": 0.625,
        "f1_score": 0.5,
        "balanced_accuracy": 0.6458333333333333,
        "description": "Agreement analysis between 'annotated correctness simple' and 'original correctness'."
    },
    "Naive No FSL": {
        "agreement_count": "16",
        "agreement_percentage": 55.172413793103445,
        "mcc": -0.005482930791331409,
        "accuracy": 0.5517241379310345,
        "precision": 0.2727272727272727,
        "recall": 0.375,
        "f1_score": 0.3157894736842105,
        "balanced_accuracy": 0.49702380952380953,
        "description": "Agreement analysis between 'naive no fsl correctness' and 'original correctness'."
    },
    "Function summary no FSL": {
        "agreement_count": "18",
        "agreement_percentage": 62.06896551724138,
        "mcc": 0.012434118282549846,
        "accuracy": 0.6206896551724138,
        "precision": 0.2857142857142857,
        "recall": 0.25,
        "f1_score": 0.26666666666666666,
        "balanced_accuracy": 0.5059523809523809,
        "description": "Agreement analysis between 'Correctness no fsl' and 'original correctness'."
    },
    "Simple verify": {
        "agreement_count": "10",
        "agreement_percentage": 34.48275862068966,
        "mcc": -0.20149814827784027,
        "accuracy": 0.3448275862068966,
        "precision": 0.21052631578947367,
        "recall": 0.5,
        "f1_score": 0.2962962962962963,
        "balanced_accuracy": 0.39285714285714285,
        "description": "Agreement analysis between 'simple verify' and 'original correctness'."
    },
    "Complex verify": {
        "agreement_count": "14",
        "agreement_percentage": 48.275862068965516,
        "mcc": -0.09094160465856899,
        "accuracy": 0.4827586206896552,
        "precision": 0.23076923076923078,
        "recall": 0.375,
        "f1_score": 0.2857142857142857,
        "balanced_accuracy": 0.4494047619047619,
        "description": "Agreement analysis between 'complex verify' and 'original correctness'."
    },
    "Default verify": {
        "agreement_count": "13",
        "agreement_percentage": 44.827586206896555,
        "mcc": 0.005482930791331409,
        "accuracy": 0.4482758620689655,
        "precision": 0.2777777777777778,
        "recall": 0.625,
        "f1_score": 0.3846153846153846,
        "balanced_accuracy": 0.5029761904761905,
        "description": "Agreement analysis between 'default verify' and 'original correctness'."
    },
    "Simple verify no FSL": {
        "agreement_count": "12",
        "agreement_percentage": 41.37931034482759,
        "mcc": -0.17569105537498347,
        "accuracy": 0.41379310344827586,
        "precision": 0.2,
        "recall": 0.375,
        "f1_score": 0.26086956521739135,
        "balanced_accuracy": 0.4017857142857143,
        "description": "Agreement analysis between 'simple verify no fsl' and 'original correctness'."
    },
    "Complex verify no FSL": {
        "agreement_count": "17",
        "agreement_percentage": 58.620689655172406,
        "mcc": 0.24607728319377492,
        "accuracy": 0.5862068965517241,
        "precision": 0.375,
        "recall": 0.75,
        "f1_score": 0.5,
        "balanced_accuracy": 0.6369047619047619,
        "description": "Agreement analysis between 'complex verify no fsl' and 'original correctness'."
    },
    "Default verify no FSL": {
        "agreement_count": "9",
        "agreement_percentage": 31.03448275862069,
        "mcc": -0.2530240384255299,
        "accuracy": 0.3103448275862069,
        "precision": 0.2,
        "recall": 0.5,
        "f1_score": 0.28571428571428575,
        "balanced_accuracy": 0.36904761904761907,
        "description": "Agreement analysis between 'default verify no fsl' and 'original correctness'."
    },
    "naive_correctness_vs_correctness_diff": {
        "description": "Analysis of cases where 'naive correctness' and 'Correctness' differ.",
        "count": 13,
        "original_agreement_count": "5",
        "original_agreement_percentage": 38.46153846153847
    },
    "naive_correctness_vs_correctness_same": {
        "description": "Analysis of cases where 'naive correctness' and 'Correctness' are the same.",
        "count": 16,
        "original_agreement_count": "13",
        "original_disagreement_count": "3"
    }
}