{
    "total_valid_rows": {
        "value": 21,
        "description": "Total number of valid rows after preprocessing and removing invalid entries."
    },
    "summary fsl": {
        "agreement_count": "9",
        "agreement_percentage": 42.857142857142854,
        "mcc": -0.14545454545454545,
        "accuracy": 0.42857142857142855,
        "precision": 0.4,
        "recall": 0.4,
        "f1_score": 0.4000000000000001,
        "balanced_accuracy": 0.42727272727272725,
        "description": "Agreement analysis between 'summary fsl' and 'original correctness'."
    },
    "naive correctness fsl": {
        "agreement_count": "12",
        "agreement_percentage": 57.14285714285714,
        "mcc": 0.13483997249264842,
        "accuracy": 0.5714285714285714,
        "precision": 0.5714285714285714,
        "recall": 0.4,
        "f1_score": 0.47058823529411764,
        "balanced_accuracy": 0.5636363636363637,
        "description": "Agreement analysis between 'naive correctness fsl' and 'original correctness'."
    },
    "simple tree": {
        "agreement_count": "7",
        "agreement_percentage": 33.33333333333333,
        "mcc": -0.337099931231621,
        "accuracy": 0.3333333333333333,
        "precision": 0.35714285714285715,
        "recall": 0.5,
        "f1_score": 0.41666666666666663,
        "balanced_accuracy": 0.34090909090909094,
        "description": "Agreement analysis between 'simple tree' and 'original correctness'."
    },
    "complex tree": {
        "agreement_count": "8",
        "agreement_percentage": 38.095238095238095,
        "mcc": -0.2412090756622109,
        "accuracy": 0.38095238095238093,
        "precision": 0.4,
        "recall": 0.6,
        "f1_score": 0.48,
        "balanced_accuracy": 0.3909090909090909,
        "description": "Agreement analysis between 'complex tree' and 'original correctness'."
    },
    "vanilla": {
        "agreement_count": "11",
        "agreement_percentage": 52.38095238095239,
        "mcc": 0.05504818825631803,
        "accuracy": 0.5238095238095238,
        "precision": 0.5,
        "recall": 0.6,
        "f1_score": 0.5454545454545454,
        "balanced_accuracy": 0.5272727272727272,
        "description": "Agreement analysis between 'vanilla' and 'original correctness'."
    },
    "vanilla_no_cot": {
        "agreement_count": "9",
        "agreement_percentage": 42.857142857142854,
        "mcc": -0.1589409883014377,
        "accuracy": 0.42857142857142855,
        "precision": 0.375,
        "recall": 0.3,
        "f1_score": 0.33333333333333326,
        "balanced_accuracy": 0.42272727272727273,
        "description": "Agreement analysis between 'vanilla_no_cot' and 'original correctness'."
    },
    "summary": {
        "agreement_count": "7",
        "agreement_percentage": 33.33333333333333,
        "mcc": -0.3302891295379082,
        "accuracy": 0.3333333333333333,
        "precision": 0.3333333333333333,
        "recall": 0.4,
        "f1_score": 0.3636363636363636,
        "balanced_accuracy": 0.33636363636363636,
        "description": "Agreement analysis between 'summary' and 'original correctness'."
    },
    "simple verify": {
        "agreement_count": "12",
        "agreement_percentage": 57.14285714285714,
        "mcc": 0.14545454545454545,
        "accuracy": 0.5714285714285714,
        "precision": 0.5454545454545454,
        "recall": 0.6,
        "f1_score": 0.5714285714285713,
        "balanced_accuracy": 0.5727272727272728,
        "description": "Agreement analysis between 'simple verify' and 'original correctness'."
    },
    "complex verify": {
        "agreement_count": "7",
        "agreement_percentage": 33.33333333333333,
        "mcc": -0.33636363636363636,
        "accuracy": 0.3333333333333333,
        "precision": 0.3,
        "recall": 0.3,
        "f1_score": 0.3,
        "balanced_accuracy": 0.3318181818181818,
        "description": "Agreement analysis between 'complex verify' and 'original correctness'."
    },
    "summary verify": {
        "agreement_count": "8",
        "agreement_percentage": 38.095238095238095,
        "mcc": -0.23636363636363636,
        "accuracy": 0.38095238095238093,
        "precision": 0.36363636363636365,
        "recall": 0.4,
        "f1_score": 0.380952380952381,
        "balanced_accuracy": 0.38181818181818183,
        "description": "Agreement analysis between 'summary verify' and 'original correctness'."
    },
    "simple verify fsl": {
        "agreement_count": "11",
        "agreement_percentage": 52.38095238095239,
        "mcc": 0.03739787960033829,
        "accuracy": 0.5238095238095238,
        "precision": 0.5,
        "recall": 0.4,
        "f1_score": 0.4444444444444445,
        "balanced_accuracy": 0.5181818181818182,
        "description": "Agreement analysis between 'simple verify fsl' and 'original correctness'."
    },
    "complex verify fsl": {
        "agreement_count": "10",
        "agreement_percentage": 47.61904761904761,
        "mcc": -0.06741998624632421,
        "accuracy": 0.47619047619047616,
        "precision": 0.42857142857142855,
        "recall": 0.3,
        "f1_score": 0.3529411764705882,
        "balanced_accuracy": 0.46818181818181814,
        "description": "Agreement analysis between 'complex verify fsl' and 'original correctness'."
    },
    "summary verify fsl": {
        "agreement_count": "9",
        "agreement_percentage": 42.857142857142854,
        "mcc": -0.14545454545454545,
        "accuracy": 0.42857142857142855,
        "precision": 0.4,
        "recall": 0.4,
        "f1_score": 0.4000000000000001,
        "balanced_accuracy": 0.42727272727272725,
        "description": "Agreement analysis between 'summary verify fsl' and 'original correctness'."
    }
}