{
    "total_valid_rows": {
        "value": 30,
        "description": "Total number of valid rows after preprocessing and removing invalid entries."
    },
    "summary fsl": {
        "agreement_count": "12",
        "agreement_percentage": 40.0,
        "mcc": 0.21821789023599236,
        "accuracy": 0.4,
        "precision": 1.0,
        "recall": 0.14285714285714285,
        "f1_score": 0.25,
        "balanced_accuracy": 0.5714285714285714,
        "description": "Agreement analysis between 'summary fsl' and 'original correctness'."
    },
    "naive correctness fsl": {
        "agreement_count": "12",
        "agreement_percentage": 40.0,
        "mcc": 0.21821789023599236,
        "accuracy": 0.4,
        "precision": 1.0,
        "recall": 0.14285714285714285,
        "f1_score": 0.25,
        "balanced_accuracy": 0.5714285714285714,
        "description": "Agreement analysis between 'naive correctness fsl' and 'original correctness'."
    },
    "simple tree": {
        "agreement_count": "20",
        "agreement_percentage": 66.66666666666666,
        "mcc": 0.09759000729485331,
        "accuracy": 0.6666666666666666,
        "precision": 0.72,
        "recall": 0.8571428571428571,
        "f1_score": 0.782608695652174,
        "balanced_accuracy": 0.5396825396825397,
        "description": "Agreement analysis between 'simple tree' and 'original correctness'."
    },
    "complex tree": {
        "agreement_count": "20",
        "agreement_percentage": 66.66666666666666,
        "mcc": 0.15478181111027467,
        "accuracy": 0.6666666666666666,
        "precision": 0.7391304347826086,
        "recall": 0.8095238095238095,
        "f1_score": 0.7727272727272727,
        "balanced_accuracy": 0.5714285714285714,
        "description": "Agreement analysis between 'complex tree' and 'original correctness'."
    },
    "vanilla": {
        "agreement_count": "21",
        "agreement_percentage": 70.0,
        "mcc": 0.11664236870396086,
        "accuracy": 0.7,
        "precision": 0.7142857142857143,
        "recall": 0.9523809523809523,
        "f1_score": 0.8163265306122449,
        "balanced_accuracy": 0.5317460317460317,
        "description": "Agreement analysis between 'vanilla' and 'original correctness'."
    },
    "vanilla_no_cot": {
        "agreement_count": "9",
        "agreement_percentage": 30.0,
        "mcc": -0.21821789023599236,
        "accuracy": 0.3,
        "precision": 0.5,
        "recall": 0.14285714285714285,
        "f1_score": 0.22222222222222224,
        "balanced_accuracy": 0.40476190476190477,
        "description": "Agreement analysis between 'vanilla_no_cot' and 'original correctness'."
    },
    "summary": {
        "agreement_count": "19",
        "agreement_percentage": 63.33333333333333,
        "mcc": 0.2624453295839119,
        "accuracy": 0.6333333333333333,
        "precision": 0.8125,
        "recall": 0.6190476190476191,
        "f1_score": 0.7027027027027026,
        "balanced_accuracy": 0.6428571428571428,
        "description": "Agreement analysis between 'summary' and 'original correctness'."
    },
    "simple verify": {
        "agreement_count": "15",
        "agreement_percentage": 50.0,
        "mcc": -0.23028309323591917,
        "accuracy": 0.5,
        "precision": 0.6363636363636364,
        "recall": 0.6666666666666666,
        "f1_score": 0.6511627906976744,
        "balanced_accuracy": 0.38888888888888884,
        "description": "Agreement analysis between 'simple verify' and 'original correctness'."
    },
    "complex verify": {
        "agreement_count": "21",
        "agreement_percentage": 70.0,
        "mcc": 0.21821789023599236,
        "accuracy": 0.7,
        "precision": 0.75,
        "recall": 0.8571428571428571,
        "f1_score": 0.7999999999999999,
        "balanced_accuracy": 0.5952380952380952,
        "description": "Agreement analysis between 'complex verify' and 'original correctness'."
    },
    "summary verify": {
        "agreement_count": "18",
        "agreement_percentage": 60.0,
        "mcc": 0.10566112966540278,
        "accuracy": 0.6,
        "precision": 0.7368421052631579,
        "recall": 0.6666666666666666,
        "f1_score": 0.7,
        "balanced_accuracy": 0.5555555555555556,
        "description": "Agreement analysis between 'summary verify' and 'original correctness'."
    },
    "simple verify fsl": {
        "agreement_count": "16",
        "agreement_percentage": 53.333333333333336,
        "mcc": 0.196227812235748,
        "accuracy": 0.5333333333333333,
        "precision": 0.8181818181818182,
        "recall": 0.42857142857142855,
        "f1_score": 0.5625,
        "balanced_accuracy": 0.6031746031746031,
        "description": "Agreement analysis between 'simple verify fsl' and 'original correctness'."
    },
    "complex verify fsl": {
        "agreement_count": "13",
        "agreement_percentage": 43.333333333333336,
        "mcc": 0.0,
        "accuracy": 0.43333333333333335,
        "precision": 0.7,
        "recall": 0.3333333333333333,
        "f1_score": 0.45161290322580644,
        "balanced_accuracy": 0.5,
        "description": "Agreement analysis between 'complex verify fsl' and 'original correctness'."
    },
    "summary verify fsl": {
        "agreement_count": "14",
        "agreement_percentage": 46.666666666666664,
        "mcc": -0.014678923792502562,
        "accuracy": 0.4666666666666667,
        "precision": 0.6923076923076923,
        "recall": 0.42857142857142855,
        "f1_score": 0.5294117647058824,
        "balanced_accuracy": 0.4920634920634921,
        "description": "Agreement analysis between 'summary verify fsl' and 'original correctness'."
    }
}