{
    "total_valid_rows": {
        "value": 22,
        "description": "Total number of valid rows after preprocessing and removing invalid entries."
    },
    "summary fsl": {
        "agreement_count": "11",
        "agreement_percentage": 50.0,
        "mcc": 0.19920476822239894,
        "accuracy": 0.5,
        "precision": 1.0,
        "recall": 0.08333333333333333,
        "f1_score": 0.15384615384615385,
        "balanced_accuracy": 0.5416666666666666,
        "description": "Agreement analysis between 'summary fsl' and 'original correctness'."
    },
    "naive correctness fsl": {
        "agreement_count": "9",
        "agreement_percentage": 40.909090909090914,
        "mcc": -0.16927779169233606,
        "accuracy": 0.4090909090909091,
        "precision": 0.3333333333333333,
        "recall": 0.08333333333333333,
        "f1_score": 0.13333333333333333,
        "balanced_accuracy": 0.4416666666666667,
        "description": "Agreement analysis between 'naive correctness fsl' and 'original correctness'."
    },
    "simple tree": {
        "agreement_count": "12",
        "agreement_percentage": 54.54545454545454,
        "mcc": 0.04303314829119352,
        "accuracy": 0.5454545454545454,
        "precision": 0.5555555555555556,
        "recall": 0.8333333333333334,
        "f1_score": 0.6666666666666667,
        "balanced_accuracy": 0.5166666666666667,
        "description": "Agreement analysis between 'simple tree' and 'original correctness'."
    },
    "complex tree": {
        "agreement_count": "12",
        "agreement_percentage": 54.54545454545454,
        "mcc": 0.05590169943749474,
        "accuracy": 0.5454545454545454,
        "precision": 0.5625,
        "recall": 0.75,
        "f1_score": 0.6428571428571429,
        "balanced_accuracy": 0.525,
        "description": "Agreement analysis between 'complex tree' and 'original correctness'."
    },
    "vanilla": {
        "agreement_count": "12",
        "agreement_percentage": 54.54545454545454,
        "mcc": 0.06900655593423542,
        "accuracy": 0.5454545454545454,
        "precision": 0.5714285714285714,
        "recall": 0.6666666666666666,
        "f1_score": 0.6153846153846153,
        "balanced_accuracy": 0.5333333333333333,
        "description": "Agreement analysis between 'vanilla' and 'original correctness'."
    },
    "vanilla_no_cot": {
        "agreement_count": "9",
        "agreement_percentage": 40.909090909090914,
        "mcc": -0.1584236068762679,
        "accuracy": 0.4090909090909091,
        "precision": 0.4,
        "recall": 0.16666666666666666,
        "f1_score": 0.23529411764705882,
        "balanced_accuracy": 0.4333333333333333,
        "description": "Agreement analysis between 'vanilla_no_cot' and 'original correctness'."
    },
    "summary": {
        "agreement_count": "12",
        "agreement_percentage": 54.54545454545454,
        "mcc": 0.08333333333333333,
        "accuracy": 0.5454545454545454,
        "precision": 0.5833333333333334,
        "recall": 0.5833333333333334,
        "f1_score": 0.5833333333333334,
        "balanced_accuracy": 0.5416666666666667,
        "description": "Agreement analysis between 'summary' and 'original correctness'."
    },
    "simple verify": {
        "agreement_count": "8",
        "agreement_percentage": 36.36363636363637,
        "mcc": -0.2833333333333333,
        "accuracy": 0.36363636363636365,
        "precision": 0.4166666666666667,
        "recall": 0.4166666666666667,
        "f1_score": 0.4166666666666667,
        "balanced_accuracy": 0.35833333333333334,
        "description": "Agreement analysis between 'simple verify' and 'original correctness'."
    },
    "complex verify": {
        "agreement_count": "10",
        "agreement_percentage": 45.45454545454545,
        "mcc": -0.1,
        "accuracy": 0.45454545454545453,
        "precision": 0.5,
        "recall": 0.5,
        "f1_score": 0.5,
        "balanced_accuracy": 0.45,
        "description": "Agreement analysis between 'complex verify' and 'original correctness'."
    },
    "summary verify": {
        "agreement_count": "12",
        "agreement_percentage": 54.54545454545454,
        "mcc": 0.1,
        "accuracy": 0.5454545454545454,
        "precision": 0.6,
        "recall": 0.5,
        "f1_score": 0.5454545454545454,
        "balanced_accuracy": 0.55,
        "description": "Agreement analysis between 'summary verify' and 'original correctness'."
    },
    "simple verify fsl": {
        "agreement_count": "9",
        "agreement_percentage": 40.909090909090914,
        "mcc": -0.1584236068762679,
        "accuracy": 0.4090909090909091,
        "precision": 0.4,
        "recall": 0.16666666666666666,
        "f1_score": 0.23529411764705882,
        "balanced_accuracy": 0.4333333333333333,
        "description": "Agreement analysis between 'simple verify fsl' and 'original correctness'."
    },
    "complex verify fsl": {
        "agreement_count": "6",
        "agreement_percentage": 27.27272727272727,
        "mcc": -0.4658474953124562,
        "accuracy": 0.2727272727272727,
        "precision": 0.16666666666666666,
        "recall": 0.08333333333333333,
        "f1_score": 0.1111111111111111,
        "balanced_accuracy": 0.2916666666666667,
        "description": "Agreement analysis between 'complex verify fsl' and 'original correctness'."
    },
    "summary verify fsl": {
        "agreement_count": "9",
        "agreement_percentage": 40.909090909090914,
        "mcc": -0.16878989451394444,
        "accuracy": 0.4090909090909091,
        "precision": 0.4444444444444444,
        "recall": 0.3333333333333333,
        "f1_score": 0.380952380952381,
        "balanced_accuracy": 0.41666666666666663,
        "description": "Agreement analysis between 'summary verify fsl' and 'original correctness'."
    }
}