{
    "total_valid_rows": {
        "value": 23,
        "description": "Total number of valid rows after preprocessing and removing invalid entries."
    },
    "summary fsl": {
        "agreement_count": "12",
        "agreement_percentage": 52.17391304347826,
        "mcc": 0.2041241452319315,
        "accuracy": 0.5217391304347826,
        "precision": 1.0,
        "recall": 0.08333333333333333,
        "f1_score": 0.15384615384615385,
        "balanced_accuracy": 0.5416666666666666,
        "description": "Agreement analysis between 'summary fsl' and 'original correctness'."
    },
    "naive correctness fsl": {
        "agreement_count": "10",
        "agreement_percentage": 43.47826086956522,
        "mcc": -0.1460766368670358,
        "accuracy": 0.43478260869565216,
        "precision": 0.3333333333333333,
        "recall": 0.08333333333333333,
        "f1_score": 0.13333333333333333,
        "balanced_accuracy": 0.4507575757575758,
        "description": "Agreement analysis between 'naive correctness fsl' and 'original correctness'."
    },
    "simple tree": {
        "agreement_count": "15",
        "agreement_percentage": 65.21739130434783,
        "mcc": 0.31252705510589024,
        "accuracy": 0.6521739130434783,
        "precision": 0.625,
        "recall": 0.8333333333333334,
        "f1_score": 0.7142857142857143,
        "balanced_accuracy": 0.6439393939393939,
        "description": "Agreement analysis between 'simple tree' and 'original correctness'."
    },
    "complex tree": {
        "agreement_count": "16",
        "agreement_percentage": 69.56521739130434,
        "mcc": 0.39727607885233013,
        "accuracy": 0.6956521739130435,
        "precision": 0.6666666666666666,
        "recall": 0.8333333333333334,
        "f1_score": 0.7407407407407408,
        "balanced_accuracy": 0.6893939393939394,
        "description": "Agreement analysis between 'complex tree' and 'original correctness'."
    },
    "vanilla": {
        "agreement_count": "13",
        "agreement_percentage": 56.52173913043478,
        "mcc": 0.1284457725980754,
        "accuracy": 0.5652173913043478,
        "precision": 0.5555555555555556,
        "recall": 0.8333333333333334,
        "f1_score": 0.6666666666666667,
        "balanced_accuracy": 0.553030303030303,
        "description": "Agreement analysis between 'vanilla' and 'original correctness'."
    },
    "vanilla_no_cot": {
        "agreement_count": "10",
        "agreement_percentage": 43.47826086956522,
        "mcc": -0.1284457725980754,
        "accuracy": 0.43478260869565216,
        "precision": 0.4,
        "recall": 0.16666666666666666,
        "f1_score": 0.23529411764705882,
        "balanced_accuracy": 0.44696969696969696,
        "description": "Agreement analysis between 'vanilla_no_cot' and 'original correctness'."
    },
    "summary": {
        "agreement_count": "14",
        "agreement_percentage": 60.86956521739131,
        "mcc": 0.21374668579336073,
        "accuracy": 0.6086956521739131,
        "precision": 0.6153846153846154,
        "recall": 0.6666666666666666,
        "f1_score": 0.64,
        "balanced_accuracy": 0.606060606060606,
        "description": "Agreement analysis between 'summary' and 'original correctness'."
    },
    "simple verify": {
        "agreement_count": "10",
        "agreement_percentage": 43.47826086956522,
        "mcc": -0.17236256333167305,
        "accuracy": 0.43478260869565216,
        "precision": 0.47058823529411764,
        "recall": 0.6666666666666666,
        "f1_score": 0.5517241379310345,
        "balanced_accuracy": 0.4242424242424242,
        "description": "Agreement analysis between 'simple verify' and 'original correctness'."
    },
    "complex verify": {
        "agreement_count": "13",
        "agreement_percentage": 56.52173913043478,
        "mcc": 0.12336594280495668,
        "accuracy": 0.5652173913043478,
        "precision": 0.5625,
        "recall": 0.75,
        "f1_score": 0.6428571428571429,
        "balanced_accuracy": 0.5568181818181819,
        "description": "Agreement analysis between 'complex verify' and 'original correctness'."
    },
    "summary verify": {
        "agreement_count": "11",
        "agreement_percentage": 47.82608695652174,
        "mcc": -0.045454545454545456,
        "accuracy": 0.4782608695652174,
        "precision": 0.5,
        "recall": 0.5,
        "f1_score": 0.5,
        "balanced_accuracy": 0.4772727272727273,
        "description": "Agreement analysis between 'summary verify' and 'original correctness'."
    },
    "simple verify fsl": {
        "agreement_count": "11",
        "agreement_percentage": 47.82608695652174,
        "mcc": -0.03178208630818641,
        "accuracy": 0.4782608695652174,
        "precision": 0.5,
        "recall": 0.3333333333333333,
        "f1_score": 0.4,
        "balanced_accuracy": 0.48484848484848486,
        "description": "Agreement analysis between 'simple verify fsl' and 'original correctness'."
    },
    "complex verify fsl": {
        "agreement_count": "10",
        "agreement_percentage": 43.47826086956522,
        "mcc": -0.12336594280495668,
        "accuracy": 0.43478260869565216,
        "precision": 0.42857142857142855,
        "recall": 0.25,
        "f1_score": 0.3157894736842105,
        "balanced_accuracy": 0.4431818181818182,
        "description": "Agreement analysis between 'complex verify fsl' and 'original correctness'."
    },
    "summary verify fsl": {
        "agreement_count": "12",
        "agreement_percentage": 52.17391304347826,
        "mcc": 0.045454545454545456,
        "accuracy": 0.5217391304347826,
        "precision": 0.5454545454545454,
        "recall": 0.5,
        "f1_score": 0.5217391304347826,
        "balanced_accuracy": 0.5227272727272727,
        "description": "Agreement analysis between 'summary verify fsl' and 'original correctness'."
    }
}