{
    "total_valid_rows": {
        "value": 22,
        "description": "Total number of valid rows after preprocessing and removing invalid entries."
    },
    "summary fsl": {
        "agreement_count": "5",
        "agreement_percentage": 22.727272727272727,
        "mcc": 0,
        "accuracy": 0.22727272727272727,
        "precision": 0,
        "recall": 0.0,
        "f1_score": 0,
        "balanced_accuracy": 0.5,
        "description": "Agreement analysis between 'summary fsl' and 'original correctness'."
    },
    "naive correctness fsl": {
        "agreement_count": "11",
        "agreement_percentage": 50.0,
        "mcc": 0.33210558207753577,
        "accuracy": 0.5,
        "precision": 1.0,
        "recall": 0.35294117647058826,
        "f1_score": 0.5217391304347826,
        "balanced_accuracy": 0.6764705882352942,
        "description": "Agreement analysis between 'naive correctness fsl' and 'original correctness'."
    },
    "simple tree": {
        "agreement_count": "18",
        "agreement_percentage": 81.81818181818183,
        "mcc": 0.4023739080814782,
        "accuracy": 0.8181818181818182,
        "precision": 0.8095238095238095,
        "recall": 1.0,
        "f1_score": 0.8947368421052632,
        "balanced_accuracy": 0.6,
        "description": "Agreement analysis between 'simple tree' and 'original correctness'."
    },
    "complex tree": {
        "agreement_count": "15",
        "agreement_percentage": 68.18181818181817,
        "mcc": -0.17149858514250885,
        "accuracy": 0.6818181818181818,
        "precision": 0.75,
        "recall": 0.8823529411764706,
        "f1_score": 0.8108108108108107,
        "balanced_accuracy": 0.4411764705882353,
        "description": "Agreement analysis between 'complex tree' and 'original correctness'."
    },
    "vanilla": {
        "agreement_count": "18",
        "agreement_percentage": 81.81818181818183,
        "mcc": 0.4023739080814782,
        "accuracy": 0.8181818181818182,
        "precision": 0.8095238095238095,
        "recall": 1.0,
        "f1_score": 0.8947368421052632,
        "balanced_accuracy": 0.6,
        "description": "Agreement analysis between 'vanilla' and 'original correctness'."
    },
    "vanilla_no_cot": {
        "agreement_count": "18",
        "agreement_percentage": 81.81818181818183,
        "mcc": 0.4823529411764706,
        "accuracy": 0.8181818181818182,
        "precision": 0.8823529411764706,
        "recall": 0.8823529411764706,
        "f1_score": 0.8823529411764706,
        "balanced_accuracy": 0.7411764705882353,
        "description": "Agreement analysis between 'vanilla_no_cot' and 'original correctness'."
    },
    "summary": {
        "agreement_count": "18",
        "agreement_percentage": 81.81818181818183,
        "mcc": 0.4166305453899284,
        "accuracy": 0.8181818181818182,
        "precision": 0.8421052631578947,
        "recall": 0.9411764705882353,
        "f1_score": 0.8888888888888888,
        "balanced_accuracy": 0.6705882352941177,
        "description": "Agreement analysis between 'summary' and 'original correctness'."
    },
    "simple verify": {
        "agreement_count": "17",
        "agreement_percentage": 77.27272727272727,
        "mcc": 0.2057983021710106,
        "accuracy": 0.7727272727272727,
        "precision": 0.8,
        "recall": 0.9411764705882353,
        "f1_score": 0.8648648648648648,
        "balanced_accuracy": 0.5705882352941176,
        "description": "Agreement analysis between 'simple verify' and 'original correctness'."
    },
    "complex verify": {
        "agreement_count": "17",
        "agreement_percentage": 77.27272727272727,
        "mcc": 0.2057983021710106,
        "accuracy": 0.7727272727272727,
        "precision": 0.8,
        "recall": 0.9411764705882353,
        "f1_score": 0.8648648648648648,
        "balanced_accuracy": 0.5705882352941176,
        "description": "Agreement analysis between 'complex verify' and 'original correctness'."
    },
    "summary verify": {
        "agreement_count": "17",
        "agreement_percentage": 77.27272727272727,
        "mcc": 0.3067859955389482,
        "accuracy": 0.7727272727272727,
        "precision": 0.8333333333333334,
        "recall": 0.8823529411764706,
        "f1_score": 0.8571428571428571,
        "balanced_accuracy": 0.6411764705882352,
        "description": "Agreement analysis between 'summary verify' and 'original correctness'."
    },
    "simple verify fsl": {
        "agreement_count": "11",
        "agreement_percentage": 50.0,
        "mcc": -0.18448201388042726,
        "accuracy": 0.5,
        "precision": 0.7142857142857143,
        "recall": 0.5882352941176471,
        "f1_score": 0.6451612903225806,
        "balanced_accuracy": 0.3941176470588236,
        "description": "Agreement analysis between 'simple verify fsl' and 'original correctness'."
    },
    "complex verify fsl": {
        "agreement_count": "13",
        "agreement_percentage": 59.09090909090909,
        "mcc": -0.08856148855400953,
        "accuracy": 0.5909090909090909,
        "precision": 0.75,
        "recall": 0.7058823529411765,
        "f1_score": 0.7272727272727272,
        "balanced_accuracy": 0.4529411764705883,
        "description": "Agreement analysis between 'complex verify fsl' and 'original correctness'."
    },
    "summary verify fsl": {
        "agreement_count": "14",
        "agreement_percentage": 63.63636363636363,
        "mcc": 0.21057989315866538,
        "accuracy": 0.6363636363636364,
        "precision": 0.8461538461538461,
        "recall": 0.6470588235294118,
        "f1_score": 0.7333333333333334,
        "balanced_accuracy": 0.6235294117647059,
        "description": "Agreement analysis between 'summary verify fsl' and 'original correctness'."
    }
}