{
    "total_valid_rows": {
        "value": 255,
        "description": "Total number of valid rows after preprocessing and removing invalid entries."
    },
    "summary fsl": {
        "agreement_count": "125",
        "agreement_percentage": 49.01960784313725,
        "mcc": 0.03866438649201414,
        "accuracy": 0.49019607843137253,
        "precision": 0.625,
        "recall": 0.03787878787878788,
        "f1_score": 0.07142857142857144,
        "balanced_accuracy": 0.5067442719881744,
        "description": "Agreement analysis between 'summary fsl' and 'original correctness'."
    },
    "naive correctness fsl": {
        "agreement_count": "139",
        "agreement_percentage": 54.509803921568626,
        "mcc": 0.22322671131820326,
        "accuracy": 0.5450980392156862,
        "precision": 0.9,
        "recall": 0.13636363636363635,
        "f1_score": 0.23684210526315788,
        "balanced_accuracy": 0.5600517368810052,
        "description": "Agreement analysis between 'naive correctness fsl' and 'original correctness'."
    },
    "simple tree": {
        "agreement_count": "158",
        "agreement_percentage": 61.96078431372549,
        "mcc": 0.23950515432232247,
        "accuracy": 0.6196078431372549,
        "precision": 0.6377952755905512,
        "recall": 0.6136363636363636,
        "f1_score": 0.6254826254826256,
        "balanced_accuracy": 0.6198263118994827,
        "description": "Agreement analysis between 'simple tree' and 'original correctness'."
    },
    "complex tree": {
        "agreement_count": "155",
        "agreement_percentage": 60.78431372549019,
        "mcc": 0.21906106301461253,
        "accuracy": 0.6078431372549019,
        "precision": 0.635593220338983,
        "recall": 0.5681818181818182,
        "f1_score": 0.6,
        "balanced_accuracy": 0.6092941611234295,
        "description": "Agreement analysis between 'complex tree' and 'original correctness'."
    },
    "summary": {
        "agreement_count": "151",
        "agreement_percentage": 59.21568627450981,
        "mcc": 0.19426614799636677,
        "accuracy": 0.592156862745098,
        "precision": 0.6346153846153846,
        "recall": 0.5,
        "f1_score": 0.559322033898305,
        "balanced_accuracy": 0.5955284552845528,
        "description": "Agreement analysis between 'summary' and 'original correctness'."
    },
    "simple verify": {
        "agreement_count": "147",
        "agreement_percentage": 57.647058823529406,
        "mcc": 0.1553830035828063,
        "accuracy": 0.5764705882352941,
        "precision": 0.6,
        "recall": 0.5454545454545454,
        "f1_score": 0.5714285714285713,
        "balanced_accuracy": 0.5776053215077606,
        "description": "Agreement analysis between 'simple verify' and 'original correctness'."
    },
    "complex verify": {
        "agreement_count": "154",
        "agreement_percentage": 60.3921568627451,
        "mcc": 0.2115998537686193,
        "accuracy": 0.6039215686274509,
        "precision": 0.6324786324786325,
        "recall": 0.5606060606060606,
        "f1_score": 0.5943775100401606,
        "balanced_accuracy": 0.6055062823355506,
        "description": "Agreement analysis between 'complex verify' and 'original correctness'."
    },
    "summary verify": {
        "agreement_count": "155",
        "agreement_percentage": 60.78431372549019,
        "mcc": 0.22882383220308805,
        "accuracy": 0.6078431372549019,
        "precision": 0.66,
        "recall": 0.5,
        "f1_score": 0.5689655172413792,
        "balanced_accuracy": 0.6117886178861789,
        "description": "Agreement analysis between 'summary verify' and 'original correctness'."
    },
    "simple verify fsl": {
        "agreement_count": "142",
        "agreement_percentage": 55.68627450980392,
        "mcc": 0.16275089944794374,
        "accuracy": 0.5568627450980392,
        "precision": 0.6727272727272727,
        "recall": 0.2803030303030303,
        "f1_score": 0.39572192513368987,
        "balanced_accuracy": 0.566980783444198,
        "description": "Agreement analysis between 'simple verify fsl' and 'original correctness'."
    },
    "complex verify fsl": {
        "agreement_count": "142",
        "agreement_percentage": 55.68627450980392,
        "mcc": 0.16873257668303732,
        "accuracy": 0.5568627450980392,
        "precision": 0.6862745098039216,
        "recall": 0.26515151515151514,
        "f1_score": 0.3825136612021858,
        "balanced_accuracy": 0.5675351071692535,
        "description": "Agreement analysis between 'complex verify fsl' and 'original correctness'."
    },
    "summary verify fsl": {
        "agreement_count": "141",
        "agreement_percentage": 55.294117647058826,
        "mcc": 0.14463603483194093,
        "accuracy": 0.5529411764705883,
        "precision": 0.6451612903225806,
        "recall": 0.30303030303030304,
        "f1_score": 0.41237113402061853,
        "balanced_accuracy": 0.5620842572062085,
        "description": "Agreement analysis between 'summary verify fsl' and 'original correctness'."
    }
}