{
    "total_valid_rows": {
        "value": 14,
        "description": "Total number of valid rows after preprocessing and removing invalid entries."
    },
    "summary fsl": {
        "agreement_count": "5",
        "agreement_percentage": 35.714285714285715,
        "mcc": 0,
        "accuracy": 0.35714285714285715,
        "precision": 0,
        "recall": 0.0,
        "f1_score": 0,
        "balanced_accuracy": 0.5,
        "description": "Agreement analysis between 'summary fsl' and 'original correctness'."
    },
    "naive correctness fsl": {
        "agreement_count": "6",
        "agreement_percentage": 42.857142857142854,
        "mcc": 0.20672455764868078,
        "accuracy": 0.42857142857142855,
        "precision": 1.0,
        "recall": 0.1111111111111111,
        "f1_score": 0.19999999999999998,
        "balanced_accuracy": 0.5555555555555556,
        "description": "Agreement analysis between 'naive correctness fsl' and 'original correctness'."
    },
    "simple tree": {
        "agreement_count": "7",
        "agreement_percentage": 50.0,
        "mcc": -0.3042903097250923,
        "accuracy": 0.5,
        "precision": 0.5833333333333334,
        "recall": 0.7777777777777778,
        "f1_score": 0.6666666666666666,
        "balanced_accuracy": 0.3888888888888889,
        "description": "Agreement analysis between 'simple tree' and 'original correctness'."
    },
    "complex tree": {
        "agreement_count": "7",
        "agreement_percentage": 50.0,
        "mcc": -0.3042903097250923,
        "accuracy": 0.5,
        "precision": 0.5833333333333334,
        "recall": 0.7777777777777778,
        "f1_score": 0.6666666666666666,
        "balanced_accuracy": 0.3888888888888889,
        "description": "Agreement analysis between 'complex tree' and 'original correctness'."
    },
    "vanilla": {
        "agreement_count": "7",
        "agreement_percentage": 50.0,
        "mcc": -0.3042903097250923,
        "accuracy": 0.5,
        "precision": 0.5833333333333334,
        "recall": 0.7777777777777778,
        "f1_score": 0.6666666666666666,
        "balanced_accuracy": 0.3888888888888889,
        "description": "Agreement analysis between 'vanilla' and 'original correctness'."
    },
    "vanilla_no_cot": {
        "agreement_count": "10",
        "agreement_percentage": 71.42857142857143,
        "mcc": 0.37777777777777777,
        "accuracy": 0.7142857142857143,
        "precision": 0.7777777777777778,
        "recall": 0.7777777777777778,
        "f1_score": 0.7777777777777778,
        "balanced_accuracy": 0.6888888888888889,
        "description": "Agreement analysis between 'vanilla_no_cot' and 'original correctness'."
    },
    "summary": {
        "agreement_count": "9",
        "agreement_percentage": 64.28571428571429,
        "mcc": 0,
        "accuracy": 0.6428571428571429,
        "precision": 0.6428571428571429,
        "recall": 1.0,
        "f1_score": 0.782608695652174,
        "balanced_accuracy": 0.5,
        "description": "Agreement analysis between 'summary' and 'original correctness'."
    },
    "simple verify": {
        "agreement_count": "6",
        "agreement_percentage": 42.857142857142854,
        "mcc": -0.3892494720807615,
        "accuracy": 0.42857142857142855,
        "precision": 0.5454545454545454,
        "recall": 0.6666666666666666,
        "f1_score": 0.6,
        "balanced_accuracy": 0.3333333333333333,
        "description": "Agreement analysis between 'simple verify' and 'original correctness'."
    },
    "complex verify": {
        "agreement_count": "7",
        "agreement_percentage": 50.0,
        "mcc": -0.1414213562373095,
        "accuracy": 0.5,
        "precision": 0.6,
        "recall": 0.6666666666666666,
        "f1_score": 0.631578947368421,
        "balanced_accuracy": 0.43333333333333335,
        "description": "Agreement analysis between 'complex verify' and 'original correctness'."
    },
    "summary verify": {
        "agreement_count": "7",
        "agreement_percentage": 50.0,
        "mcc": -0.1414213562373095,
        "accuracy": 0.5,
        "precision": 0.6,
        "recall": 0.6666666666666666,
        "f1_score": 0.631578947368421,
        "balanced_accuracy": 0.43333333333333335,
        "description": "Agreement analysis between 'summary verify' and 'original correctness'."
    },
    "simple verify fsl": {
        "agreement_count": "8",
        "agreement_percentage": 57.14285714285714,
        "mcc": 0.14907119849998599,
        "accuracy": 0.5714285714285714,
        "precision": 0.7142857142857143,
        "recall": 0.5555555555555556,
        "f1_score": 0.6250000000000001,
        "balanced_accuracy": 0.5777777777777777,
        "description": "Agreement analysis between 'simple verify fsl' and 'original correctness'."
    },
    "complex verify fsl": {
        "agreement_count": "3",
        "agreement_percentage": 21.428571428571427,
        "mcc": -0.5594309277855158,
        "accuracy": 0.21428571428571427,
        "precision": 0.3333333333333333,
        "recall": 0.2222222222222222,
        "f1_score": 0.26666666666666666,
        "balanced_accuracy": 0.2111111111111111,
        "description": "Agreement analysis between 'complex verify fsl' and 'original correctness'."
    },
    "summary verify fsl": {
        "agreement_count": "8",
        "agreement_percentage": 57.14285714285714,
        "mcc": 0.14907119849998599,
        "accuracy": 0.5714285714285714,
        "precision": 0.7142857142857143,
        "recall": 0.5555555555555556,
        "f1_score": 0.6250000000000001,
        "balanced_accuracy": 0.5777777777777777,
        "description": "Agreement analysis between 'summary verify fsl' and 'original correctness'."
    }
}