{
    "Correctness": 5.973214285714286,
    "naive correctness": 6.184210526315789,
    "annotated correctness": 5.973214285714286,
    "annotated correctness simple": 5.833333333333333,
    "naive no fsl correctness": 5.962962962962963
}