{
    "total_valid_rows": {
        "value": 58,
        "description": "Total number of valid rows after preprocessing and removing invalid entries."
    },
    "summary fsl": {
        "agreement_count": "46",
        "agreement_percentage": 79.3103448275862,
        "mcc": 0.39937460998592283,
        "accuracy": 0.7931034482758621,
        "precision": 0.4,
        "recall": 0.6666666666666666,
        "f1_score": 0.5,
        "balanced_accuracy": 0.7414965986394557,
        "description": "Agreement analysis between 'summary fsl' and 'original correctness'."
    },
    "naive correctness fsl": {
        "agreement_count": "47",
        "agreement_percentage": 81.03448275862068,
        "mcc": 0.30863731414973644,
        "accuracy": 0.8103448275862069,
        "precision": 0.4,
        "recall": 0.4444444444444444,
        "f1_score": 0.4210526315789474,
        "balanced_accuracy": 0.6609977324263039,
        "description": "Agreement analysis between 'naive correctness fsl' and 'original correctness'."
    },
    "simple tree": {
        "agreement_count": "22",
        "agreement_percentage": 37.93103448275862,
        "mcc": 0.14437485900899558,
        "accuracy": 0.3793103448275862,
        "precision": 0.18604651162790697,
        "recall": 0.8888888888888888,
        "f1_score": 0.3076923076923077,
        "balanced_accuracy": 0.5873015873015872,
        "description": "Agreement analysis between 'simple tree' and 'original correctness'."
    },
    "complex tree": {
        "agreement_count": "23",
        "agreement_percentage": 39.6551724137931,
        "mcc": 0.1579772392469036,
        "accuracy": 0.39655172413793105,
        "precision": 0.19047619047619047,
        "recall": 0.8888888888888888,
        "f1_score": 0.3137254901960784,
        "balanced_accuracy": 0.5975056689342404,
        "description": "Agreement analysis between 'complex tree' and 'original correctness'."
    },
    "vanilla": {
        "agreement_count": "15",
        "agreement_percentage": 25.862068965517242,
        "mcc": 0.14557847581859087,
        "accuracy": 0.25862068965517243,
        "precision": 0.17307692307692307,
        "recall": 1.0,
        "f1_score": 0.29508196721311475,
        "balanced_accuracy": 0.5612244897959183,
        "description": "Agreement analysis between 'vanilla' and 'original correctness'."
    },
    "summary": {
        "agreement_count": "18",
        "agreement_percentage": 31.03448275862069,
        "mcc": 0.08586561610702495,
        "accuracy": 0.3103448275862069,
        "precision": 0.1702127659574468,
        "recall": 0.8888888888888888,
        "f1_score": 0.2857142857142857,
        "balanced_accuracy": 0.546485260770975,
        "description": "Agreement analysis between 'summary' and 'original correctness'."
    },
    "simple verify": {
        "agreement_count": "26",
        "agreement_percentage": 44.827586206896555,
        "mcc": 0.055385579609661825,
        "accuracy": 0.4482758620689655,
        "precision": 0.17142857142857143,
        "recall": 0.6666666666666666,
        "f1_score": 0.27272727272727276,
        "balanced_accuracy": 0.5374149659863945,
        "description": "Agreement analysis between 'simple verify' and 'original correctness'."
    },
    "complex verify": {
        "agreement_count": "32",
        "agreement_percentage": 55.172413793103445,
        "mcc": 0.27686636709144324,
        "accuracy": 0.5517241379310345,
        "precision": 0.24242424242424243,
        "recall": 0.8888888888888888,
        "f1_score": 0.38095238095238093,
        "balanced_accuracy": 0.6893424036281179,
        "description": "Agreement analysis between 'complex verify' and 'original correctness'."
    },
    "summary verify": {
        "agreement_count": "28",
        "agreement_percentage": 48.275862068965516,
        "mcc": 0.08455200432133896,
        "accuracy": 0.4827586206896552,
        "precision": 0.18181818181818182,
        "recall": 0.6666666666666666,
        "f1_score": 0.28571428571428575,
        "balanced_accuracy": 0.5578231292517006,
        "description": "Agreement analysis between 'summary verify' and 'original correctness'."
    },
    "simple verify fsl": {
        "agreement_count": "22",
        "agreement_percentage": 37.93103448275862,
        "mcc": -0.0052479882740760365,
        "accuracy": 0.3793103448275862,
        "precision": 0.15384615384615385,
        "recall": 0.6666666666666666,
        "f1_score": 0.25,
        "balanced_accuracy": 0.4965986394557823,
        "description": "Agreement analysis between 'simple verify fsl' and 'original correctness'."
    },
    "complex verify fsl": {
        "agreement_count": "22",
        "agreement_percentage": 37.93103448275862,
        "mcc": -0.07345792415087984,
        "accuracy": 0.3793103448275862,
        "precision": 0.13513513513513514,
        "recall": 0.5555555555555556,
        "f1_score": 0.2173913043478261,
        "balanced_accuracy": 0.4512471655328798,
        "description": "Agreement analysis between 'complex verify fsl' and 'original correctness'."
    },
    "summary verify fsl": {
        "agreement_count": "15",
        "agreement_percentage": 25.862068965517242,
        "mcc": -0.05651105752037428,
        "accuracy": 0.25862068965517243,
        "precision": 0.14583333333333334,
        "recall": 0.7777777777777778,
        "f1_score": 0.24561403508771928,
        "balanced_accuracy": 0.47052154195011336,
        "description": "Agreement analysis between 'summary verify fsl' and 'original correctness'."
    }
}