{
    "total_valid_rows": {
        "value": 178,
        "description": "Total number of valid rows after preprocessing and removing invalid entries."
    },
    "summary fsl": {
        "agreement_count": "130",
        "agreement_percentage": 73.03370786516854,
        "mcc": 0.21429845374474785,
        "accuracy": 0.7303370786516854,
        "precision": 0.4166666666666667,
        "recall": 0.35714285714285715,
        "f1_score": 0.3846153846153846,
        "balanced_accuracy": 0.6013655462184874,
        "description": "Agreement analysis between 'summary fsl' and 'original correctness'."
    },
    "naive correctness fsl": {
        "agreement_count": "129",
        "agreement_percentage": 72.47191011235955,
        "mcc": 0.19114139686069348,
        "accuracy": 0.7247191011235955,
        "precision": 0.4,
        "recall": 0.3333333333333333,
        "f1_score": 0.3636363636363636,
        "balanced_accuracy": 0.5894607843137255,
        "description": "Agreement analysis between 'naive correctness fsl' and 'original correctness'."
    },
    "simple tree": {
        "agreement_count": "63",
        "agreement_percentage": 35.39325842696629,
        "mcc": 0.08075391797096657,
        "accuracy": 0.3539325842696629,
        "precision": 0.25170068027210885,
        "recall": 0.8809523809523809,
        "f1_score": 0.3915343915343915,
        "balanced_accuracy": 0.5360644257703081,
        "description": "Agreement analysis between 'simple tree' and 'original correctness'."
    },
    "complex tree": {
        "agreement_count": "63",
        "agreement_percentage": 35.39325842696629,
        "mcc": 0.12433310950907106,
        "accuracy": 0.3539325842696629,
        "precision": 0.2582781456953642,
        "recall": 0.9285714285714286,
        "f1_score": 0.40414507772020725,
        "balanced_accuracy": 0.5525210084033614,
        "description": "Agreement analysis between 'complex tree' and 'original correctness'."
    },
    "vanilla": {
        "agreement_count": "60",
        "agreement_percentage": 33.70786516853933,
        "mcc": 0.1558189770008433,
        "accuracy": 0.33707865168539325,
        "precision": 0.25949367088607594,
        "recall": 0.9761904761904762,
        "f1_score": 0.41,
        "balanced_accuracy": 0.5579481792717087,
        "description": "Agreement analysis between 'vanilla' and 'original correctness'."
    },
    "summary": {
        "agreement_count": "62",
        "agreement_percentage": 34.831460674157306,
        "mcc": 0.11744421559076001,
        "accuracy": 0.34831460674157305,
        "precision": 0.2565789473684211,
        "recall": 0.9285714285714286,
        "f1_score": 0.40206185567010316,
        "balanced_accuracy": 0.5488445378151261,
        "description": "Agreement analysis between 'summary' and 'original correctness'."
    },
    "simple verify": {
        "agreement_count": "87",
        "agreement_percentage": 48.87640449438202,
        "mcc": 0.14666740425794939,
        "accuracy": 0.4887640449438202,
        "precision": 0.2831858407079646,
        "recall": 0.7619047619047619,
        "f1_score": 0.4129032258064516,
        "balanced_accuracy": 0.583158263305322,
        "description": "Agreement analysis between 'simple verify' and 'original correctness'."
    },
    "complex verify": {
        "agreement_count": "89",
        "agreement_percentage": 50.0,
        "mcc": 0.14341545657926724,
        "accuracy": 0.5,
        "precision": 0.28440366972477066,
        "recall": 0.7380952380952381,
        "f1_score": 0.4105960264900662,
        "balanced_accuracy": 0.5822829131652661,
        "description": "Agreement analysis between 'complex verify' and 'original correctness'."
    },
    "summary verify": {
        "agreement_count": "85",
        "agreement_percentage": 47.752808988764045,
        "mcc": 0.031207802301751013,
        "accuracy": 0.47752808988764045,
        "precision": 0.24752475247524752,
        "recall": 0.5952380952380952,
        "f1_score": 0.34965034965034963,
        "balanced_accuracy": 0.5182072829131652,
        "description": "Agreement analysis between 'summary verify' and 'original correctness'."
    },
    "simple verify fsl": {
        "agreement_count": "81",
        "agreement_percentage": 45.50561797752809,
        "mcc": 0.0642248843908494,
        "accuracy": 0.4550561797752809,
        "precision": 0.25663716814159293,
        "recall": 0.6904761904761905,
        "f1_score": 0.3741935483870968,
        "balanced_accuracy": 0.5364145658263305,
        "description": "Agreement analysis between 'simple verify fsl' and 'original correctness'."
    },
    "complex verify fsl": {
        "agreement_count": "88",
        "agreement_percentage": 49.43820224719101,
        "mcc": 0.12234917679231862,
        "accuracy": 0.4943820224719101,
        "precision": 0.2777777777777778,
        "recall": 0.7142857142857143,
        "f1_score": 0.4,
        "balanced_accuracy": 0.5703781512605042,
        "description": "Agreement analysis between 'complex verify fsl' and 'original correctness'."
    },
    "summary verify fsl": {
        "agreement_count": "70",
        "agreement_percentage": 39.325842696629216,
        "mcc": 0.07306224618405653,
        "accuracy": 0.39325842696629215,
        "precision": 0.2537313432835821,
        "recall": 0.8095238095238095,
        "f1_score": 0.38636363636363635,
        "balanced_accuracy": 0.5371148459383753,
        "description": "Agreement analysis between 'summary verify fsl' and 'original correctness'."
    }
}