{
    "total_valid_rows": {
        "value": 285,
        "description": "Total number of valid rows after preprocessing and removing invalid entries."
    },
    "summary fsl": {
        "agreement_count": "209",
        "agreement_percentage": 73.33333333333333,
        "mcc": 0.19871063002747108,
        "accuracy": 0.7333333333333333,
        "precision": 0.38596491228070173,
        "recall": 0.3492063492063492,
        "f1_score": 0.36666666666666664,
        "balanced_accuracy": 0.5957743457743457,
        "description": "Agreement analysis between 'summary fsl' and 'original correctness'."
    },
    "naive correctness fsl": {
        "agreement_count": "207",
        "agreement_percentage": 72.63157894736842,
        "mcc": 0.20527670527670527,
        "accuracy": 0.7263157894736842,
        "precision": 0.38095238095238093,
        "recall": 0.38095238095238093,
        "f1_score": 0.38095238095238093,
        "balanced_accuracy": 0.6026383526383526,
        "description": "Agreement analysis between 'naive correctness fsl' and 'original correctness'."
    },
    "simple tree": {
        "agreement_count": "98",
        "agreement_percentage": 34.385964912280706,
        "mcc": 0.10001684258203201,
        "accuracy": 0.34385964912280703,
        "precision": 0.23949579831932774,
        "recall": 0.9047619047619048,
        "f1_score": 0.37873754152823924,
        "balanced_accuracy": 0.5447232947232947,
        "description": "Agreement analysis between 'simple tree' and 'original correctness'."
    },
    "complex tree": {
        "agreement_count": "100",
        "agreement_percentage": 35.08771929824561,
        "mcc": 0.12280245420143979,
        "accuracy": 0.3508771929824561,
        "precision": 0.24369747899159663,
        "recall": 0.9206349206349206,
        "f1_score": 0.3853820598006645,
        "balanced_accuracy": 0.5549120549120549,
        "description": "Agreement analysis between 'complex tree' and 'original correctness'."
    },
    "vanilla": {
        "agreement_count": "95",
        "agreement_percentage": 33.33333333333333,
        "mcc": 0.15164915684753139,
        "accuracy": 0.3333333333333333,
        "precision": 0.24497991967871485,
        "recall": 0.9682539682539683,
        "f1_score": 0.391025641025641,
        "balanced_accuracy": 0.5607035607035606,
        "description": "Agreement analysis between 'vanilla' and 'original correctness'."
    },
    "summary": {
        "agreement_count": "100",
        "agreement_percentage": 35.08771929824561,
        "mcc": 0.12280245420143979,
        "accuracy": 0.3508771929824561,
        "precision": 0.24369747899159663,
        "recall": 0.9206349206349206,
        "f1_score": 0.3853820598006645,
        "balanced_accuracy": 0.5549120549120549,
        "description": "Agreement analysis between 'summary' and 'original correctness'."
    },
    "simple verify": {
        "agreement_count": "146",
        "agreement_percentage": 51.2280701754386,
        "mcc": 0.15234879114234912,
        "accuracy": 0.512280701754386,
        "precision": 0.27380952380952384,
        "recall": 0.7301587301587301,
        "f1_score": 0.39826839826839827,
        "balanced_accuracy": 0.5903045903045903,
        "description": "Agreement analysis between 'simple verify' and 'original correctness'."
    },
    "complex verify": {
        "agreement_count": "141",
        "agreement_percentage": 49.473684210526315,
        "mcc": 0.12427395320024,
        "accuracy": 0.49473684210526314,
        "precision": 0.2631578947368421,
        "recall": 0.7142857142857143,
        "f1_score": 0.3846153846153846,
        "balanced_accuracy": 0.5733590733590734,
        "description": "Agreement analysis between 'complex verify' and 'original correctness'."
    },
    "summary verify": {
        "agreement_count": "135",
        "agreement_percentage": 47.368421052631575,
        "mcc": 0.033638946159345644,
        "accuracy": 0.47368421052631576,
        "precision": 0.2331288343558282,
        "recall": 0.6031746031746031,
        "f1_score": 0.336283185840708,
        "balanced_accuracy": 0.52005577005577,
        "description": "Agreement analysis between 'summary verify' and 'original correctness'."
    },
    "simple verify fsl": {
        "agreement_count": "138",
        "agreement_percentage": 48.421052631578945,
        "mcc": 0.13363093700106268,
        "accuracy": 0.4842105263157895,
        "precision": 0.2640449438202247,
        "recall": 0.746031746031746,
        "f1_score": 0.39004149377593356,
        "balanced_accuracy": 0.577970827970828,
        "description": "Agreement analysis between 'simple verify fsl' and 'original correctness'."
    },
    "complex verify fsl": {
        "agreement_count": "136",
        "agreement_percentage": 47.719298245614034,
        "mcc": 0.11616884757176288,
        "accuracy": 0.47719298245614034,
        "precision": 0.25842696629213485,
        "recall": 0.7301587301587301,
        "f1_score": 0.38174273858921165,
        "balanced_accuracy": 0.5677820677820677,
        "description": "Agreement analysis between 'complex verify fsl' and 'original correctness'."
    },
    "summary verify fsl": {
        "agreement_count": "117",
        "agreement_percentage": 41.05263157894737,
        "mcc": 0.11090372987252188,
        "accuracy": 0.4105263157894737,
        "precision": 0.24880382775119617,
        "recall": 0.8253968253968254,
        "f1_score": 0.3823529411764706,
        "balanced_accuracy": 0.5590948090948091,
        "description": "Agreement analysis between 'summary verify fsl' and 'original correctness'."
    }
}