{
    "total_valid_rows": {
        "value": 38,
        "description": "Total number of valid rows after preprocessing and removing invalid entries."
    },
    "summary fsl": {
        "agreement_count": "22",
        "agreement_percentage": 57.89473684210527,
        "mcc": 0.1827192587112113,
        "accuracy": 0.5789473684210527,
        "precision": 1.0,
        "recall": 0.058823529411764705,
        "f1_score": 0.1111111111111111,
        "balanced_accuracy": 0.5294117647058824,
        "description": "Agreement analysis between 'summary fsl' and 'original correctness'."
    },
    "naive correctness fsl": {
        "agreement_count": "21",
        "agreement_percentage": 55.26315789473685,
        "mcc": 0,
        "accuracy": 0.5526315789473685,
        "precision": 0,
        "recall": 0.0,
        "f1_score": 0,
        "balanced_accuracy": 0.5,
        "description": "Agreement analysis between 'naive correctness fsl' and 'original correctness'."
    },
    "simple tree": {
        "agreement_count": "23",
        "agreement_percentage": 60.526315789473685,
        "mcc": 0.29731356871703196,
        "accuracy": 0.6052631578947368,
        "precision": 0.5357142857142857,
        "recall": 0.8823529411764706,
        "f1_score": 0.6666666666666667,
        "balanced_accuracy": 0.6316526610644257,
        "description": "Agreement analysis between 'simple tree' and 'original correctness'."
    },
    "complex tree": {
        "agreement_count": "21",
        "agreement_percentage": 55.26315789473685,
        "mcc": 0.17712297710801905,
        "accuracy": 0.5526315789473685,
        "precision": 0.5,
        "recall": 0.8235294117647058,
        "f1_score": 0.6222222222222222,
        "balanced_accuracy": 0.5784313725490196,
        "description": "Agreement analysis between 'complex tree' and 'original correctness'."
    },
    "vanilla": {
        "agreement_count": "19",
        "agreement_percentage": 50.0,
        "mcc": 0.04194851880896947,
        "accuracy": 0.5,
        "precision": 0.46153846153846156,
        "recall": 0.7058823529411765,
        "f1_score": 0.558139534883721,
        "balanced_accuracy": 0.5196078431372549,
        "description": "Agreement analysis between 'vanilla' and 'original correctness'."
    },
    "vanilla_no_cot": {
        "agreement_count": "21",
        "agreement_percentage": 55.26315789473685,
        "mcc": 0.03630667057931575,
        "accuracy": 0.5526315789473685,
        "precision": 0.5,
        "recall": 0.11764705882352941,
        "f1_score": 0.19047619047619047,
        "balanced_accuracy": 0.511204481792717,
        "description": "Agreement analysis between 'vanilla_no_cot' and 'original correctness'."
    },
    "summary": {
        "agreement_count": "15",
        "agreement_percentage": 39.473684210526315,
        "mcc": -0.1974661233610029,
        "accuracy": 0.39473684210526316,
        "precision": 0.36363636363636365,
        "recall": 0.47058823529411764,
        "f1_score": 0.41025641025641024,
        "balanced_accuracy": 0.4019607843137255,
        "description": "Agreement analysis between 'summary' and 'original correctness'."
    },
    "simple verify": {
        "agreement_count": "14",
        "agreement_percentage": 36.84210526315789,
        "mcc": -0.31412896915955485,
        "accuracy": 0.3684210526315789,
        "precision": 0.23076923076923078,
        "recall": 0.17647058823529413,
        "f1_score": 0.20000000000000004,
        "balanced_accuracy": 0.350140056022409,
        "description": "Agreement analysis between 'simple verify' and 'original correctness'."
    },
    "complex verify": {
        "agreement_count": "17",
        "agreement_percentage": 44.73684210526316,
        "mcc": -0.17712297710801905,
        "accuracy": 0.4473684210526316,
        "precision": 0.3,
        "recall": 0.17647058823529413,
        "f1_score": 0.22222222222222224,
        "balanced_accuracy": 0.4215686274509804,
        "description": "Agreement analysis between 'complex verify' and 'original correctness'."
    },
    "summary verify": {
        "agreement_count": "14",
        "agreement_percentage": 36.84210526315789,
        "mcc": -0.31412896915955485,
        "accuracy": 0.3684210526315789,
        "precision": 0.23076923076923078,
        "recall": 0.17647058823529413,
        "f1_score": 0.20000000000000004,
        "balanced_accuracy": 0.350140056022409,
        "description": "Agreement analysis between 'summary verify' and 'original correctness'."
    },
    "simple verify fsl": {
        "agreement_count": "21",
        "agreement_percentage": 55.26315789473685,
        "mcc": 0.08084520834544433,
        "accuracy": 0.5526315789473685,
        "precision": 0.5,
        "recall": 0.4117647058823529,
        "f1_score": 0.45161290322580644,
        "balanced_accuracy": 0.5392156862745098,
        "description": "Agreement analysis between 'simple verify fsl' and 'original correctness'."
    },
    "complex verify fsl": {
        "agreement_count": "18",
        "agreement_percentage": 47.368421052631575,
        "mcc": -0.05292561240249631,
        "accuracy": 0.47368421052631576,
        "precision": 0.42105263157894735,
        "recall": 0.47058823529411764,
        "f1_score": 0.4444444444444444,
        "balanced_accuracy": 0.4733893557422969,
        "description": "Agreement analysis between 'complex verify fsl' and 'original correctness'."
    },
    "summary verify fsl": {
        "agreement_count": "19",
        "agreement_percentage": 50.0,
        "mcc": -0.01692566771665739,
        "accuracy": 0.5,
        "precision": 0.4375,
        "recall": 0.4117647058823529,
        "f1_score": 0.42424242424242425,
        "balanced_accuracy": 0.49159663865546216,
        "description": "Agreement analysis between 'summary verify fsl' and 'original correctness'."
    }
}