{
    "total_valid_rows": {
        "value": 70,
        "description": "Total number of valid rows after preprocessing and removing invalid entries."
    },
    "summary fsl": {
        "agreement_count": "40",
        "agreement_percentage": 57.14285714285714,
        "mcc": 0.14590242355719252,
        "accuracy": 0.5714285714285714,
        "precision": 0.6176470588235294,
        "recall": 0.5526315789473685,
        "f1_score": 0.5833333333333334,
        "balanced_accuracy": 0.5731907894736843,
        "description": "Agreement analysis between 'summary fsl' and 'original correctness'."
    },
    "naive correctness fsl": {
        "agreement_count": "32",
        "agreement_percentage": 45.714285714285715,
        "mcc": -0.06613247904539037,
        "accuracy": 0.45714285714285713,
        "precision": 0.5,
        "recall": 0.34210526315789475,
        "f1_score": 0.40625000000000006,
        "balanced_accuracy": 0.46792763157894735,
        "description": "Agreement analysis between 'naive correctness fsl' and 'original correctness'."
    },
    "simple tree": {
        "agreement_count": "33",
        "agreement_percentage": 47.14285714285714,
        "mcc": -0.10870595389164812,
        "accuracy": 0.4714285714285714,
        "precision": 0.5098039215686274,
        "recall": 0.6842105263157895,
        "f1_score": 0.5842696629213484,
        "balanced_accuracy": 0.45148026315789475,
        "description": "Agreement analysis between 'simple tree' and 'original correctness'."
    },
    "complex tree": {
        "agreement_count": "41",
        "agreement_percentage": 58.57142857142858,
        "mcc": 0.1490374514185817,
        "accuracy": 0.5857142857142857,
        "precision": 0.5849056603773585,
        "recall": 0.8157894736842105,
        "f1_score": 0.6813186813186812,
        "balanced_accuracy": 0.5641447368421053,
        "description": "Agreement analysis between 'complex tree' and 'original correctness'."
    },
    "vanilla": {
        "agreement_count": "35",
        "agreement_percentage": 50.0,
        "mcc": -0.020198929081169423,
        "accuracy": 0.5,
        "precision": 0.5348837209302325,
        "recall": 0.6052631578947368,
        "f1_score": 0.5679012345679012,
        "balanced_accuracy": 0.4901315789473684,
        "description": "Agreement analysis between 'vanilla' and 'original correctness'."
    },
    "vanilla_no_cot": {
        "agreement_count": "29",
        "agreement_percentage": 41.42857142857143,
        "mcc": -0.1490374514185817,
        "accuracy": 0.4142857142857143,
        "precision": 0.4117647058823529,
        "recall": 0.18421052631578946,
        "f1_score": 0.2545454545454545,
        "balanced_accuracy": 0.43585526315789475,
        "description": "Agreement analysis between 'vanilla_no_cot' and 'original correctness'."
    },
    "summary": {
        "agreement_count": "38",
        "agreement_percentage": 54.285714285714285,
        "mcc": 0.058243194768505833,
        "accuracy": 0.5428571428571428,
        "precision": 0.5625,
        "recall": 0.7105263157894737,
        "f1_score": 0.627906976744186,
        "balanced_accuracy": 0.5271381578947368,
        "description": "Agreement analysis between 'summary' and 'original correctness'."
    },
    "simple verify": {
        "agreement_count": "37",
        "agreement_percentage": 52.85714285714286,
        "mcc": 0.06762914773813516,
        "accuracy": 0.5285714285714286,
        "precision": 0.5806451612903226,
        "recall": 0.47368421052631576,
        "f1_score": 0.5217391304347826,
        "balanced_accuracy": 0.5337171052631579,
        "description": "Agreement analysis between 'simple verify' and 'original correctness'."
    },
    "complex verify": {
        "agreement_count": "37",
        "agreement_percentage": 52.85714285714286,
        "mcc": 0.06237189984483309,
        "accuracy": 0.5285714285714286,
        "precision": 0.5757575757575758,
        "recall": 0.5,
        "f1_score": 0.5352112676056339,
        "balanced_accuracy": 0.53125,
        "description": "Agreement analysis between 'complex verify' and 'original correctness'."
    },
    "summary verify": {
        "agreement_count": "37",
        "agreement_percentage": 52.85714285714286,
        "mcc": 0.06237189984483309,
        "accuracy": 0.5285714285714286,
        "precision": 0.5757575757575758,
        "recall": 0.5,
        "f1_score": 0.5352112676056339,
        "balanced_accuracy": 0.53125,
        "description": "Agreement analysis between 'summary verify' and 'original correctness'."
    },
    "simple verify fsl": {
        "agreement_count": "39",
        "agreement_percentage": 55.714285714285715,
        "mcc": 0.12536134702678714,
        "accuracy": 0.5571428571428572,
        "precision": 0.6129032258064516,
        "recall": 0.5,
        "f1_score": 0.5507246376811595,
        "balanced_accuracy": 0.5625,
        "description": "Agreement analysis between 'simple verify fsl' and 'original correctness'."
    },
    "complex verify fsl": {
        "agreement_count": "40",
        "agreement_percentage": 57.14285714285714,
        "mcc": 0.16390251702679642,
        "accuracy": 0.5714285714285714,
        "precision": 0.6428571428571429,
        "recall": 0.47368421052631576,
        "f1_score": 0.5454545454545454,
        "balanced_accuracy": 0.5805921052631579,
        "description": "Agreement analysis between 'complex verify fsl' and 'original correctness'."
    },
    "summary verify fsl": {
        "agreement_count": "34",
        "agreement_percentage": 48.57142857142857,
        "mcc": -0.02138157894736842,
        "accuracy": 0.4857142857142857,
        "precision": 0.53125,
        "recall": 0.4473684210526316,
        "f1_score": 0.4857142857142857,
        "balanced_accuracy": 0.4893092105263158,
        "description": "Agreement analysis between 'summary verify fsl' and 'original correctness'."
    }
}