{
    "total_valid_rows": {
        "value": 148,
        "description": "Total number of valid rows after preprocessing and removing invalid entries."
    },
    "Function summary": {
        "agreement_count": "96",
        "agreement_percentage": 64.86486486486487,
        "mcc": 0.1593579674126539,
        "accuracy": 0.6486486486486487,
        "precision": 0.4186046511627907,
        "recall": 0.4,
        "f1_score": 0.40909090909090917,
        "balanced_accuracy": 0.5786407766990291,
        "description": "Agreement analysis between 'Correctness' and 'original correctness'."
    },
    "Naive": {
        "agreement_count": "117",
        "agreement_percentage": 79.05405405405406,
        "mcc": 0.46828199398435943,
        "accuracy": 0.7905405405405406,
        "precision": 0.75,
        "recall": 0.4666666666666667,
        "f1_score": 0.5753424657534245,
        "balanced_accuracy": 0.6993527508090616,
        "description": "Agreement analysis between 'naive correctness' and 'original correctness'."
    },
    "Complex tree": {
        "agreement_count": "100",
        "agreement_percentage": 67.56756756756756,
        "mcc": 0.3119183326257832,
        "accuracy": 0.6756756756756757,
        "precision": 0.47540983606557374,
        "recall": 0.6444444444444445,
        "f1_score": 0.5471698113207547,
        "balanced_accuracy": 0.6668824163969795,
        "description": "Agreement analysis between 'annotated correctness' and 'original correctness'."
    },
    "Simple tree": {
        "agreement_count": "91",
        "agreement_percentage": 61.48648648648649,
        "mcc": 0.2613111707326796,
        "accuracy": 0.6148648648648649,
        "precision": 0.42105263157894735,
        "recall": 0.7111111111111111,
        "f1_score": 0.5289256198347106,
        "balanced_accuracy": 0.6419633225458468,
        "description": "Agreement analysis between 'annotated correctness simple' and 'original correctness'."
    },
    "Naive No FSL": {
        "agreement_count": "109",
        "agreement_percentage": 73.64864864864865,
        "mcc": 0.3373799612683121,
        "accuracy": 0.7364864864864865,
        "precision": 0.5882352941176471,
        "recall": 0.4444444444444444,
        "f1_score": 0.5063291139240507,
        "balanced_accuracy": 0.6542610571736784,
        "description": "Agreement analysis between 'naive no fsl correctness' and 'original correctness'."
    },
    "naive_correctness_vs_correctness_diff": {
        "description": "Analysis of cases where 'naive correctness' and 'Correctness' differ.",
        "count": 45,
        "original_agreement_count": "33",
        "original_agreement_percentage": 73.33333333333333
    },
    "naive_correctness_vs_correctness_same": {
        "description": "Analysis of cases where 'naive correctness' and 'Correctness' are the same.",
        "count": 103,
        "original_agreement_count": "84",
        "original_disagreement_count": "19"
    }
}