{
    "total_valid_rows": {
        "value": 26,
        "description": "Total number of valid rows after preprocessing and removing invalid entries."
    },
    "Function summary": {
        "agreement_count": "16",
        "agreement_percentage": 61.53846153846154,
        "mcc": 0.23076923076923078,
        "accuracy": 0.6153846153846154,
        "precision": 0.6153846153846154,
        "recall": 0.6153846153846154,
        "f1_score": 0.6153846153846154,
        "balanced_accuracy": 0.6153846153846154,
        "description": "Agreement analysis between 'Correctness' and 'original correctness'."
    },
    "Naive": {
        "agreement_count": "16",
        "agreement_percentage": 61.53846153846154,
        "mcc": 0.260132990857236,
        "accuracy": 0.6153846153846154,
        "precision": 0.7142857142857143,
        "recall": 0.38461538461538464,
        "f1_score": 0.5,
        "balanced_accuracy": 0.6153846153846154,
        "description": "Agreement analysis between 'naive correctness' and 'original correctness'."
    },
    "Complex tree": {
        "agreement_count": "16",
        "agreement_percentage": 61.53846153846154,
        "mcc": 0.2927700218845599,
        "accuracy": 0.6153846153846154,
        "precision": 0.5714285714285714,
        "recall": 0.9230769230769231,
        "f1_score": 0.7058823529411765,
        "balanced_accuracy": 0.6153846153846154,
        "description": "Agreement analysis between 'annotated correctness' and 'original correctness'."
    },
    "Simple tree": {
        "agreement_count": "12",
        "agreement_percentage": 46.15384615384615,
        "mcc": -0.1203858530857692,
        "accuracy": 0.46153846153846156,
        "precision": 0.4782608695652174,
        "recall": 0.8461538461538461,
        "f1_score": 0.6111111111111112,
        "balanced_accuracy": 0.46153846153846156,
        "description": "Agreement analysis between 'annotated correctness simple' and 'original correctness'."
    },
    "Naive No FSL": {
        "agreement_count": "14",
        "agreement_percentage": 53.84615384615385,
        "mcc": 0.07692307692307693,
        "accuracy": 0.5384615384615384,
        "precision": 0.5384615384615384,
        "recall": 0.5384615384615384,
        "f1_score": 0.5384615384615384,
        "balanced_accuracy": 0.5384615384615384,
        "description": "Agreement analysis between 'naive no fsl correctness' and 'original correctness'."
    },
    "naive_correctness_vs_correctness_diff": {
        "description": "Analysis of cases where 'naive correctness' and 'Correctness' differ.",
        "count": 10,
        "original_agreement_count": "5",
        "original_agreement_percentage": 50.0
    },
    "naive_correctness_vs_correctness_same": {
        "description": "Analysis of cases where 'naive correctness' and 'Correctness' are the same.",
        "count": 16,
        "original_agreement_count": "11",
        "original_disagreement_count": "5"
    }
}