{
    "total_valid_rows": {
        "value": 23,
        "description": "Total number of valid rows after preprocessing and removing invalid entries."
    },
    "summary fsl": {
        "agreement_count": "12",
        "agreement_percentage": 52.17391304347826,
        "mcc": 0.2041241452319315,
        "accuracy": 0.5217391304347826,
        "precision": 1.0,
        "recall": 0.08333333333333333,
        "f1_score": 0.15384615384615385,
        "balanced_accuracy": 0.5416666666666666,
        "description": "Agreement analysis between 'summary fsl' and 'original correctness'."
    },
    "naive correctness fsl": {
        "agreement_count": "10",
        "agreement_percentage": 43.47826086956522,
        "mcc": -0.1460766368670358,
        "accuracy": 0.43478260869565216,
        "precision": 0.3333333333333333,
        "recall": 0.08333333333333333,
        "f1_score": 0.13333333333333333,
        "balanced_accuracy": 0.4507575757575758,
        "description": "Agreement analysis between 'naive correctness fsl' and 'original correctness'."
    },
    "simple tree": {
        "agreement_count": "12",
        "agreement_percentage": 52.17391304347826,
        "mcc": 0.025854384499750957,
        "accuracy": 0.5217391304347826,
        "precision": 0.5294117647058824,
        "recall": 0.75,
        "f1_score": 0.6206896551724139,
        "balanced_accuracy": 0.5113636363636364,
        "description": "Agreement analysis between 'simple tree' and 'original correctness'."
    },
    "complex tree": {
        "agreement_count": "15",
        "agreement_percentage": 65.21739130434783,
        "mcc": 0.31252705510589024,
        "accuracy": 0.6521739130434783,
        "precision": 0.625,
        "recall": 0.8333333333333334,
        "f1_score": 0.7142857142857143,
        "balanced_accuracy": 0.6439393939393939,
        "description": "Agreement analysis between 'complex tree' and 'original correctness'."
    },
    "vanilla": {
        "agreement_count": "10",
        "agreement_percentage": 43.47826086956522,
        "mcc": -0.15096490996388545,
        "accuracy": 0.43478260869565216,
        "precision": 0.4666666666666667,
        "recall": 0.5833333333333334,
        "f1_score": 0.5185185185185186,
        "balanced_accuracy": 0.42803030303030304,
        "description": "Agreement analysis between 'vanilla' and 'original correctness'."
    },
    "vanilla_no_cot": {
        "agreement_count": "11",
        "agreement_percentage": 47.82608695652174,
        "mcc": -0.025854384499750957,
        "accuracy": 0.4782608695652174,
        "precision": 0.5,
        "recall": 0.25,
        "f1_score": 0.3333333333333333,
        "balanced_accuracy": 0.48863636363636365,
        "description": "Agreement analysis between 'vanilla_no_cot' and 'original correctness'."
    },
    "summary": {
        "agreement_count": "12",
        "agreement_percentage": 52.17391304347826,
        "mcc": 0.0381690510345287,
        "accuracy": 0.5217391304347826,
        "precision": 0.5384615384615384,
        "recall": 0.5833333333333334,
        "f1_score": 0.5599999999999999,
        "balanced_accuracy": 0.5189393939393939,
        "description": "Agreement analysis between 'summary' and 'original correctness'."
    },
    "simple verify": {
        "agreement_count": "12",
        "agreement_percentage": 52.17391304347826,
        "mcc": 0.0381690510345287,
        "accuracy": 0.5217391304347826,
        "precision": 0.5384615384615384,
        "recall": 0.5833333333333334,
        "f1_score": 0.5599999999999999,
        "balanced_accuracy": 0.5189393939393939,
        "description": "Agreement analysis between 'simple verify' and 'original correctness'."
    },
    "complex verify": {
        "agreement_count": "12",
        "agreement_percentage": 52.17391304347826,
        "mcc": 0.054278245606577465,
        "accuracy": 0.5217391304347826,
        "precision": 0.5555555555555556,
        "recall": 0.4166666666666667,
        "f1_score": 0.4761904761904762,
        "balanced_accuracy": 0.5265151515151515,
        "description": "Agreement analysis between 'complex verify' and 'original correctness'."
    },
    "summary verify": {
        "agreement_count": "14",
        "agreement_percentage": 60.86956521739131,
        "mcc": 0.2196969696969697,
        "accuracy": 0.6086956521739131,
        "precision": 0.6363636363636364,
        "recall": 0.5833333333333334,
        "f1_score": 0.6086956521739131,
        "balanced_accuracy": 0.6098484848484849,
        "description": "Agreement analysis between 'summary verify' and 'original correctness'."
    },
    "simple verify fsl": {
        "agreement_count": "13",
        "agreement_percentage": 56.52173913043478,
        "mcc": 0.17236256333167305,
        "accuracy": 0.5652173913043478,
        "precision": 0.6666666666666666,
        "recall": 0.3333333333333333,
        "f1_score": 0.4444444444444444,
        "balanced_accuracy": 0.5757575757575758,
        "description": "Agreement analysis between 'simple verify fsl' and 'original correctness'."
    },
    "complex verify fsl": {
        "agreement_count": "10",
        "agreement_percentage": 43.47826086956522,
        "mcc": -0.12336594280495668,
        "accuracy": 0.43478260869565216,
        "precision": 0.42857142857142855,
        "recall": 0.25,
        "f1_score": 0.3157894736842105,
        "balanced_accuracy": 0.4431818181818182,
        "description": "Agreement analysis between 'complex verify fsl' and 'original correctness'."
    },
    "summary verify fsl": {
        "agreement_count": "11",
        "agreement_percentage": 47.82608695652174,
        "mcc": -0.025854384499750957,
        "accuracy": 0.4782608695652174,
        "precision": 0.5,
        "recall": 0.25,
        "f1_score": 0.3333333333333333,
        "balanced_accuracy": 0.48863636363636365,
        "description": "Agreement analysis between 'summary verify fsl' and 'original correctness'."
    }
}