question_id,generation_passes,generation_total,generation_pass_rate,generation_tokens,repair_passes,repair_total,repair_pass_rate,repair_tokens
0056,14,121,0.11570247933884298,1108.0,16,121,0.1322314049586777,1521.0
0073,110,110,1.0,1087.0,0,0,0.0,0.0
0074,0,109,0.0,980.0,0,109,0.0,1680.0
Overall,124,340,0.36470588235294116,1058.3333333333333,16,230,0.06956521739130435,1067.0
