question_id,generation_passes,generation_total,generation_pass_rate,generation_tokens,repair_passes,repair_total,repair_pass_rate,repair_tokens
0004,254,254,1.0,1036.0,0,0,0.0,0.0
0013,46,182,0.25274725274725274,1410.0,46,182,0.25274725274725274,2092.0
0033,7,135,0.05185185185185185,1033.0,10,135,0.07407407407407407,1447.0
Overall,307,571,0.5376532399299475,1159.6666666666667,56,317,0.17665615141955837,1179.6666666666667
