question_id,generation_passes,generation_total,generation_pass_rate,generation_tokens,repair_passes,repair_total,repair_pass_rate,repair_tokens
0089,2,102,0.0196078431372549,768.0,2,102,0.0196078431372549,1002.0
0091,30,102,0.29411764705882354,1244.0,81,102,0.7941176470588235,1912.0
0124,73,94,0.776595744680851,1237.0,73,94,0.776595744680851,1408.0
Overall,105,298,0.3523489932885906,1083.0,156,298,0.5234899328859061,1440.6666666666667
