{
    "total_valid_rows": {
        "value": 11,
        "description": "Total number of valid rows after preprocessing and removing invalid entries."
    },
    "summary fsl": {
        "agreement_count": "5",
        "agreement_percentage": 45.45454545454545,
        "mcc": 0.03857583749052298,
        "accuracy": 0.45454545454545453,
        "precision": 0.2857142857142857,
        "recall": 0.6666666666666666,
        "f1_score": 0.4,
        "balanced_accuracy": 0.5208333333333333,
        "description": "Agreement analysis between 'summary fsl' and 'original correctness'."
    },
    "naive correctness fsl": {
        "agreement_count": "7",
        "agreement_percentage": 63.63636363636363,
        "mcc": 0.08333333333333333,
        "accuracy": 0.6363636363636364,
        "precision": 0.3333333333333333,
        "recall": 0.3333333333333333,
        "f1_score": 0.3333333333333333,
        "balanced_accuracy": 0.5416666666666666,
        "description": "Agreement analysis between 'naive correctness fsl' and 'original correctness'."
    },
    "simple tree": {
        "agreement_count": "3",
        "agreement_percentage": 27.27272727272727,
        "mcc": -0.24056261216234406,
        "accuracy": 0.2727272727272727,
        "precision": 0.2222222222222222,
        "recall": 0.6666666666666666,
        "f1_score": 0.3333333333333333,
        "balanced_accuracy": 0.3958333333333333,
        "description": "Agreement analysis between 'simple tree' and 'original correctness'."
    },
    "complex tree": {
        "agreement_count": "7",
        "agreement_percentage": 63.63636363636363,
        "mcc": 0.2608745973749754,
        "accuracy": 0.6363636363636364,
        "precision": 0.4,
        "recall": 0.6666666666666666,
        "f1_score": 0.5,
        "balanced_accuracy": 0.6458333333333333,
        "description": "Agreement analysis between 'complex tree' and 'original correctness'."
    },
    "vanilla": {
        "agreement_count": "6",
        "agreement_percentage": 54.54545454545454,
        "mcc": 0.14907119849998599,
        "accuracy": 0.5454545454545454,
        "precision": 0.3333333333333333,
        "recall": 0.6666666666666666,
        "f1_score": 0.4444444444444444,
        "balanced_accuracy": 0.5833333333333333,
        "description": "Agreement analysis between 'vanilla' and 'original correctness'."
    },
    "vanilla_no_cot": {
        "agreement_count": "7",
        "agreement_percentage": 63.63636363636363,
        "mcc": 0.2608745973749754,
        "accuracy": 0.6363636363636364,
        "precision": 0.4,
        "recall": 0.6666666666666666,
        "f1_score": 0.5,
        "balanced_accuracy": 0.6458333333333333,
        "description": "Agreement analysis between 'vanilla_no_cot' and 'original correctness'."
    },
    "summary": {
        "agreement_count": "3",
        "agreement_percentage": 27.27272727272727,
        "mcc": -0.24056261216234406,
        "accuracy": 0.2727272727272727,
        "precision": 0.2222222222222222,
        "recall": 0.6666666666666666,
        "f1_score": 0.3333333333333333,
        "balanced_accuracy": 0.3958333333333333,
        "description": "Agreement analysis between 'summary' and 'original correctness'."
    },
    "simple verify": {
        "agreement_count": "7",
        "agreement_percentage": 63.63636363636363,
        "mcc": 0.2608745973749754,
        "accuracy": 0.6363636363636364,
        "precision": 0.4,
        "recall": 0.6666666666666666,
        "f1_score": 0.5,
        "balanced_accuracy": 0.6458333333333333,
        "description": "Agreement analysis between 'simple verify' and 'original correctness'."
    },
    "complex verify": {
        "agreement_count": "6",
        "agreement_percentage": 54.54545454545454,
        "mcc": 0.14907119849998599,
        "accuracy": 0.5454545454545454,
        "precision": 0.3333333333333333,
        "recall": 0.6666666666666666,
        "f1_score": 0.4444444444444444,
        "balanced_accuracy": 0.5833333333333333,
        "description": "Agreement analysis between 'complex verify' and 'original correctness'."
    },
    "summary verify": {
        "agreement_count": "7",
        "agreement_percentage": 63.63636363636363,
        "mcc": 0.2608745973749754,
        "accuracy": 0.6363636363636364,
        "precision": 0.4,
        "recall": 0.6666666666666666,
        "f1_score": 0.5,
        "balanced_accuracy": 0.6458333333333333,
        "description": "Agreement analysis between 'summary verify' and 'original correctness'."
    },
    "simple verify fsl": {
        "agreement_count": "7",
        "agreement_percentage": 63.63636363636363,
        "mcc": 0.08333333333333333,
        "accuracy": 0.6363636363636364,
        "precision": 0.3333333333333333,
        "recall": 0.3333333333333333,
        "f1_score": 0.3333333333333333,
        "balanced_accuracy": 0.5416666666666666,
        "description": "Agreement analysis between 'simple verify fsl' and 'original correctness'."
    },
    "complex verify fsl": {
        "agreement_count": "5",
        "agreement_percentage": 45.45454545454545,
        "mcc": -0.14907119849998599,
        "accuracy": 0.45454545454545453,
        "precision": 0.2,
        "recall": 0.3333333333333333,
        "f1_score": 0.25,
        "balanced_accuracy": 0.41666666666666663,
        "description": "Agreement analysis between 'complex verify fsl' and 'original correctness'."
    },
    "summary verify fsl": {
        "agreement_count": "5",
        "agreement_percentage": 45.45454545454545,
        "mcc": -0.14907119849998599,
        "accuracy": 0.45454545454545453,
        "precision": 0.2,
        "recall": 0.3333333333333333,
        "f1_score": 0.25,
        "balanced_accuracy": 0.41666666666666663,
        "description": "Agreement analysis between 'summary verify fsl' and 'original correctness'."
    }
}