{
    "total_valid_rows": {
        "value": 33,
        "description": "Total number of valid rows after preprocessing and removing invalid entries."
    },
    "summary fsl": {
        "agreement_count": "19",
        "agreement_percentage": 57.57575757575758,
        "mcc": 0.15498260496951669,
        "accuracy": 0.5757575757575758,
        "precision": 0.5294117647058824,
        "recall": 0.6,
        "f1_score": 0.5625,
        "balanced_accuracy": 0.5777777777777777,
        "description": "Agreement analysis between 'summary fsl' and 'original correctness'."
    },
    "naive correctness fsl": {
        "agreement_count": "17",
        "agreement_percentage": 51.515151515151516,
        "mcc": -0.012422599874998832,
        "accuracy": 0.5151515151515151,
        "precision": 0.4444444444444444,
        "recall": 0.26666666666666666,
        "f1_score": 0.33333333333333337,
        "balanced_accuracy": 0.49444444444444446,
        "description": "Agreement analysis between 'naive correctness fsl' and 'original correctness'."
    },
    "simple tree": {
        "agreement_count": "14",
        "agreement_percentage": 42.42424242424242,
        "mcc": -0.12344267996967352,
        "accuracy": 0.42424242424242425,
        "precision": 0.42857142857142855,
        "recall": 0.8,
        "f1_score": 0.5581395348837209,
        "balanced_accuracy": 0.4555555555555556,
        "description": "Agreement analysis between 'simple tree' and 'original correctness'."
    },
    "complex tree": {
        "agreement_count": "20",
        "agreement_percentage": 60.60606060606061,
        "mcc": 0.23777817717036512,
        "accuracy": 0.6060606060606061,
        "precision": 0.55,
        "recall": 0.7333333333333333,
        "f1_score": 0.6285714285714286,
        "balanced_accuracy": 0.6166666666666667,
        "description": "Agreement analysis between 'complex tree' and 'original correctness'."
    },
    "vanilla": {
        "agreement_count": "20",
        "agreement_percentage": 60.60606060606061,
        "mcc": 0.25819888974716115,
        "accuracy": 0.6060606060606061,
        "precision": 0.5454545454545454,
        "recall": 0.8,
        "f1_score": 0.6486486486486486,
        "balanced_accuracy": 0.6222222222222222,
        "description": "Agreement analysis between 'vanilla' and 'original correctness'."
    },
    "vanilla_no_cot": {
        "agreement_count": "19",
        "agreement_percentage": 57.57575757575758,
        "mcc": 0.1358732440973515,
        "accuracy": 0.5757575757575758,
        "precision": 0.5384615384615384,
        "recall": 0.4666666666666667,
        "f1_score": 0.5,
        "balanced_accuracy": 0.5666666666666667,
        "description": "Agreement analysis between 'vanilla_no_cot' and 'original correctness'."
    },
    "summary": {
        "agreement_count": "15",
        "agreement_percentage": 45.45454545454545,
        "mcc": -0.051639777949432225,
        "accuracy": 0.45454545454545453,
        "precision": 0.44,
        "recall": 0.7333333333333333,
        "f1_score": 0.5499999999999999,
        "balanced_accuracy": 0.47777777777777775,
        "description": "Agreement analysis between 'summary' and 'original correctness'."
    },
    "simple verify": {
        "agreement_count": "20",
        "agreement_percentage": 60.60606060606061,
        "mcc": 0.23777817717036512,
        "accuracy": 0.6060606060606061,
        "precision": 0.55,
        "recall": 0.7333333333333333,
        "f1_score": 0.6285714285714286,
        "balanced_accuracy": 0.6166666666666667,
        "description": "Agreement analysis between 'simple verify' and 'original correctness'."
    },
    "complex verify": {
        "agreement_count": "17",
        "agreement_percentage": 51.515151515151516,
        "mcc": 0.05750546327852952,
        "accuracy": 0.5151515151515151,
        "precision": 0.47619047619047616,
        "recall": 0.6666666666666666,
        "f1_score": 0.5555555555555556,
        "balanced_accuracy": 0.5277777777777778,
        "description": "Agreement analysis between 'complex verify' and 'original correctness'."
    },
    "summary verify": {
        "agreement_count": "21",
        "agreement_percentage": 63.63636363636363,
        "mcc": 0.29105288084576925,
        "accuracy": 0.6363636363636364,
        "precision": 0.5789473684210527,
        "recall": 0.7333333333333333,
        "f1_score": 0.6470588235294117,
        "balanced_accuracy": 0.6444444444444444,
        "description": "Agreement analysis between 'summary verify' and 'original correctness'."
    },
    "simple verify fsl": {
        "agreement_count": "18",
        "agreement_percentage": 54.54545454545454,
        "mcc": 0.06900655593423542,
        "accuracy": 0.5454545454545454,
        "precision": 0.5,
        "recall": 0.4,
        "f1_score": 0.4444444444444445,
        "balanced_accuracy": 0.5333333333333333,
        "description": "Agreement analysis between 'simple verify fsl' and 'original correctness'."
    },
    "complex verify fsl": {
        "agreement_count": "15",
        "agreement_percentage": 45.45454545454545,
        "mcc": -0.1,
        "accuracy": 0.45454545454545453,
        "precision": 0.4,
        "recall": 0.4,
        "f1_score": 0.4000000000000001,
        "balanced_accuracy": 0.45,
        "description": "Agreement analysis between 'complex verify fsl' and 'original correctness'."
    },
    "summary verify fsl": {
        "agreement_count": "17",
        "agreement_percentage": 51.515151515151516,
        "mcc": 0.022222222222222223,
        "accuracy": 0.5151515151515151,
        "precision": 0.4666666666666667,
        "recall": 0.4666666666666667,
        "f1_score": 0.4666666666666667,
        "balanced_accuracy": 0.5111111111111111,
        "description": "Agreement analysis between 'summary verify fsl' and 'original correctness'."
    }
}