{
    "total_valid_rows": {
        "value": 16,
        "description": "Total number of valid rows after preprocessing and removing invalid entries."
    },
    "summary fsl": {
        "agreement_count": "4",
        "agreement_percentage": 25.0,
        "mcc": 0.12403473458920847,
        "accuracy": 0.25,
        "precision": 1.0,
        "recall": 0.07692307692307693,
        "f1_score": 0.14285714285714288,
        "balanced_accuracy": 0.5384615384615384,
        "description": "Agreement analysis between 'summary fsl' and 'original correctness'."
    },
    "naive correctness fsl": {
        "agreement_count": "4",
        "agreement_percentage": 25.0,
        "mcc": 0.12403473458920847,
        "accuracy": 0.25,
        "precision": 1.0,
        "recall": 0.07692307692307693,
        "f1_score": 0.14285714285714288,
        "balanced_accuracy": 0.5384615384615384,
        "description": "Agreement analysis between 'naive correctness fsl' and 'original correctness'."
    },
    "simple tree": {
        "agreement_count": "8",
        "agreement_percentage": 50.0,
        "mcc": -0.10087125544480041,
        "accuracy": 0.5,
        "precision": 0.7777777777777778,
        "recall": 0.5384615384615384,
        "f1_score": 0.6363636363636364,
        "balanced_accuracy": 0.4358974358974359,
        "description": "Agreement analysis between 'simple tree' and 'original correctness'."
    },
    "complex tree": {
        "agreement_count": "10",
        "agreement_percentage": 62.5,
        "mcc": 0.021591675854376522,
        "accuracy": 0.625,
        "precision": 0.8181818181818182,
        "recall": 0.6923076923076923,
        "f1_score": 0.7500000000000001,
        "balanced_accuracy": 0.5128205128205128,
        "description": "Agreement analysis between 'complex tree' and 'original correctness'."
    },
    "vanilla": {
        "agreement_count": "8",
        "agreement_percentage": 50.0,
        "mcc": -0.32387513781564786,
        "accuracy": 0.5,
        "precision": 0.7272727272727273,
        "recall": 0.6153846153846154,
        "f1_score": 0.6666666666666667,
        "balanced_accuracy": 0.3076923076923077,
        "description": "Agreement analysis between 'vanilla' and 'original correctness'."
    },
    "vanilla_no_cot": {
        "agreement_count": "4",
        "agreement_percentage": 25.0,
        "mcc": -0.1794871794871795,
        "accuracy": 0.25,
        "precision": 0.6666666666666666,
        "recall": 0.15384615384615385,
        "f1_score": 0.25,
        "balanced_accuracy": 0.41025641025641024,
        "description": "Agreement analysis between 'vanilla_no_cot' and 'original correctness'."
    },
    "summary": {
        "agreement_count": "9",
        "agreement_percentage": 56.25,
        "mcc": -0.041344911529736156,
        "accuracy": 0.5625,
        "precision": 0.8,
        "recall": 0.6153846153846154,
        "f1_score": 0.6956521739130435,
        "balanced_accuracy": 0.47435897435897434,
        "description": "Agreement analysis between 'summary' and 'original correctness'."
    },
    "simple verify": {
        "agreement_count": "11",
        "agreement_percentage": 68.75,
        "mcc": -0.18156825980064073,
        "accuracy": 0.6875,
        "precision": 0.7857142857142857,
        "recall": 0.8461538461538461,
        "f1_score": 0.8148148148148148,
        "balanced_accuracy": 0.4230769230769231,
        "description": "Agreement analysis between 'simple verify' and 'original correctness'."
    },
    "complex verify": {
        "agreement_count": "10",
        "agreement_percentage": 62.5,
        "mcc": -0.23076923076923078,
        "accuracy": 0.625,
        "precision": 0.7692307692307693,
        "recall": 0.7692307692307693,
        "f1_score": 0.7692307692307693,
        "balanced_accuracy": 0.38461538461538464,
        "description": "Agreement analysis between 'complex verify' and 'original correctness'."
    },
    "summary verify": {
        "agreement_count": "10",
        "agreement_percentage": 62.5,
        "mcc": -0.23076923076923078,
        "accuracy": 0.625,
        "precision": 0.7692307692307693,
        "recall": 0.7692307692307693,
        "f1_score": 0.7692307692307693,
        "balanced_accuracy": 0.38461538461538464,
        "description": "Agreement analysis between 'summary verify' and 'original correctness'."
    },
    "simple verify fsl": {
        "agreement_count": "7",
        "agreement_percentage": 43.75,
        "mcc": 0.041344911529736156,
        "accuracy": 0.4375,
        "precision": 0.8333333333333334,
        "recall": 0.38461538461538464,
        "f1_score": 0.5263157894736842,
        "balanced_accuracy": 0.5256410256410257,
        "description": "Agreement analysis between 'simple verify fsl' and 'original correctness'."
    },
    "complex verify fsl": {
        "agreement_count": "9",
        "agreement_percentage": 56.25,
        "mcc": 0.16012815380508713,
        "accuracy": 0.5625,
        "precision": 0.875,
        "recall": 0.5384615384615384,
        "f1_score": 0.6666666666666667,
        "balanced_accuracy": 0.6025641025641025,
        "description": "Agreement analysis between 'complex verify fsl' and 'original correctness'."
    },
    "summary verify fsl": {
        "agreement_count": "6",
        "agreement_percentage": 37.5,
        "mcc": -0.021591675854376522,
        "accuracy": 0.375,
        "precision": 0.8,
        "recall": 0.3076923076923077,
        "f1_score": 0.4444444444444444,
        "balanced_accuracy": 0.48717948717948717,
        "description": "Agreement analysis between 'summary verify fsl' and 'original correctness'."
    }
}