{
    "total_valid_rows": {
        "value": 446,
        "description": "Total number of valid rows after preprocessing and removing invalid entries."
    },
    "Function summary": {
        "agreement_count": "300",
        "agreement_percentage": 67.2645739910314,
        "mcc": 0.2310312774625159,
        "accuracy": 0.672645739910314,
        "precision": 0.460431654676259,
        "recall": 0.4740740740740741,
        "f1_score": 0.4671532846715329,
        "balanced_accuracy": 0.6164582589019888,
        "description": "Agreement analysis between 'Correctness' and 'original correctness'."
    },
    "Naive": {
        "agreement_count": "339",
        "agreement_percentage": 76.00896860986546,
        "mcc": 0.3846145374864781,
        "accuracy": 0.7600896860986547,
        "precision": 0.6590909090909091,
        "recall": 0.42962962962962964,
        "f1_score": 0.5201793721973094,
        "balanced_accuracy": 0.6665833035607955,
        "description": "Agreement analysis between 'naive correctness' and 'original correctness'."
    },
    "Complex tree": {
        "agreement_count": "309",
        "agreement_percentage": 69.28251121076234,
        "mcc": 0.3334939606523593,
        "accuracy": 0.6928251121076233,
        "precision": 0.4942528735632184,
        "recall": 0.6370370370370371,
        "f1_score": 0.5566343042071198,
        "balanced_accuracy": 0.6770394188400619,
        "description": "Agreement analysis between 'annotated correctness' and 'original correctness'."
    },
    "Simple tree": {
        "agreement_count": "290",
        "agreement_percentage": 65.02242152466367,
        "mcc": 0.33866284513708794,
        "accuracy": 0.6502242152466368,
        "precision": 0.45414847161572053,
        "recall": 0.7703703703703704,
        "f1_score": 0.5714285714285714,
        "balanced_accuracy": 0.6842205549601048,
        "description": "Agreement analysis between 'annotated correctness simple' and 'original correctness'."
    },
    "Naive No FSL": {
        "agreement_count": "337",
        "agreement_percentage": 75.56053811659193,
        "mcc": 0.36762590413935237,
        "accuracy": 0.7556053811659192,
        "precision": 0.6585365853658537,
        "recall": 0.4,
        "f1_score": 0.4976958525345622,
        "balanced_accuracy": 0.654983922829582,
        "description": "Agreement analysis between 'naive no fsl correctness' and 'original correctness'."
    },
    "naive_correctness_vs_correctness_diff": {
        "description": "Analysis of cases where 'naive correctness' and 'Correctness' differ.",
        "count": 127,
        "original_agreement_count": "83",
        "original_agreement_percentage": 65.35433070866141
    },
    "naive_correctness_vs_correctness_same": {
        "description": "Analysis of cases where 'naive correctness' and 'Correctness' are the same.",
        "count": 319,
        "original_agreement_count": "256",
        "original_disagreement_count": "63"
    }
}