{
    "total_valid_rows": {
        "value": 239,
        "description": "Total number of valid rows after preprocessing and removing invalid entries."
    },
    "Function summary": {
        "agreement_count": "145",
        "agreement_percentage": 60.66945606694561,
        "mcc": 0.1919570115240307,
        "accuracy": 0.606694560669456,
        "precision": 0.5247524752475248,
        "recall": 0.5353535353535354,
        "f1_score": 0.5299999999999999,
        "balanced_accuracy": 0.5962481962481962,
        "description": "Agreement analysis between 'Correctness' and 'original correctness'."
    },
    "Naive": {
        "agreement_count": "161",
        "agreement_percentage": 67.36401673640168,
        "mcc": 0.3077502238596227,
        "accuracy": 0.6736401673640168,
        "precision": 0.6521739130434783,
        "recall": 0.45454545454545453,
        "f1_score": 0.5357142857142857,
        "balanced_accuracy": 0.6415584415584416,
        "description": "Agreement analysis between 'naive correctness' and 'original correctness'."
    },
    "Complex tree": {
        "agreement_count": "146",
        "agreement_percentage": 61.08786610878661,
        "mcc": 0.2551272724378609,
        "accuracy": 0.6108786610878661,
        "precision": 0.5217391304347826,
        "recall": 0.7272727272727273,
        "f1_score": 0.6075949367088608,
        "balanced_accuracy": 0.627922077922078,
        "description": "Agreement analysis between 'annotated correctness' and 'original correctness'."
    },
    "Simple tree": {
        "agreement_count": "134",
        "agreement_percentage": 56.06694560669456,
        "mcc": 0.22763128100474717,
        "accuracy": 0.5606694560669456,
        "precision": 0.4827586206896552,
        "recall": 0.8484848484848485,
        "f1_score": 0.6153846153846154,
        "balanced_accuracy": 0.6028138528138528,
        "description": "Agreement analysis between 'annotated correctness simple' and 'original correctness'."
    },
    "Naive No FSL": {
        "agreement_count": "156",
        "agreement_percentage": 65.27196652719665,
        "mcc": 0.25809081292837627,
        "accuracy": 0.6527196652719666,
        "precision": 0.6290322580645161,
        "recall": 0.3939393939393939,
        "f1_score": 0.48447204968944096,
        "balanced_accuracy": 0.6148268398268398,
        "description": "Agreement analysis between 'naive no fsl correctness' and 'original correctness'."
    },
    "naive_correctness_vs_correctness_diff": {
        "description": "Analysis of cases where 'naive correctness' and 'Correctness' differ.",
        "count": 82,
        "original_agreement_count": "49",
        "original_agreement_percentage": 59.756097560975604
    },
    "naive_correctness_vs_correctness_same": {
        "description": "Analysis of cases where 'naive correctness' and 'Correctness' are the same.",
        "count": 157,
        "original_agreement_count": "112",
        "original_disagreement_count": "45"
    }
}