{
    "total_valid_rows": {
        "value": 51,
        "description": "Total number of valid rows after preprocessing and removing invalid entries."
    },
    "summary fsl": {
        "agreement_count": "33",
        "agreement_percentage": 64.70588235294117,
        "mcc": 0.339503822162351,
        "accuracy": 0.6470588235294118,
        "precision": 0.88,
        "recall": 0.5945945945945946,
        "f1_score": 0.7096774193548386,
        "balanced_accuracy": 0.6901544401544402,
        "description": "Agreement analysis between 'summary fsl' and 'original correctness'."
    },
    "naive correctness fsl": {
        "agreement_count": "21",
        "agreement_percentage": 41.17647058823529,
        "mcc": 0.10892112680197476,
        "accuracy": 0.4117647058823529,
        "precision": 0.8181818181818182,
        "recall": 0.24324324324324326,
        "f1_score": 0.375,
        "balanced_accuracy": 0.5501930501930502,
        "description": "Agreement analysis between 'naive correctness fsl' and 'original correctness'."
    },
    "simple tree": {
        "agreement_count": "27",
        "agreement_percentage": 52.94117647058824,
        "mcc": -0.04411428900546388,
        "accuracy": 0.5294117647058824,
        "precision": 0.7096774193548387,
        "recall": 0.5945945945945946,
        "f1_score": 0.6470588235294118,
        "balanced_accuracy": 0.47586872586872586,
        "description": "Agreement analysis between 'simple tree' and 'original correctness'."
    },
    "complex tree": {
        "agreement_count": "33",
        "agreement_percentage": 64.70588235294117,
        "mcc": 0.028208925514281964,
        "accuracy": 0.6470588235294118,
        "precision": 0.7317073170731707,
        "recall": 0.8108108108108109,
        "f1_score": 0.7692307692307694,
        "balanced_accuracy": 0.5125482625482626,
        "description": "Agreement analysis between 'complex tree' and 'original correctness'."
    },
    "vanilla": {
        "agreement_count": "22",
        "agreement_percentage": 43.13725490196079,
        "mcc": -0.08523556823702355,
        "accuracy": 0.43137254901960786,
        "precision": 0.6818181818181818,
        "recall": 0.40540540540540543,
        "f1_score": 0.5084745762711864,
        "balanced_accuracy": 0.45270270270270274,
        "description": "Agreement analysis between 'vanilla' and 'original correctness'."
    },
    "vanilla_no_cot": {
        "agreement_count": "21",
        "agreement_percentage": 41.17647058823529,
        "mcc": 0.10892112680197476,
        "accuracy": 0.4117647058823529,
        "precision": 0.8181818181818182,
        "recall": 0.24324324324324326,
        "f1_score": 0.375,
        "balanced_accuracy": 0.5501930501930502,
        "description": "Agreement analysis between 'vanilla_no_cot' and 'original correctness'."
    },
    "summary": {
        "agreement_count": "36",
        "agreement_percentage": 70.58823529411765,
        "mcc": 0.24512823085384058,
        "accuracy": 0.7058823529411765,
        "precision": 0.7894736842105263,
        "recall": 0.8108108108108109,
        "f1_score": 0.8,
        "balanced_accuracy": 0.6196911196911197,
        "description": "Agreement analysis between 'summary' and 'original correctness'."
    },
    "simple verify": {
        "agreement_count": "26",
        "agreement_percentage": 50.98039215686274,
        "mcc": 0.012063587589525162,
        "accuracy": 0.5098039215686274,
        "precision": 0.7307692307692307,
        "recall": 0.5135135135135135,
        "f1_score": 0.6031746031746031,
        "balanced_accuracy": 0.5067567567567568,
        "description": "Agreement analysis between 'simple verify' and 'original correctness'."
    },
    "complex verify": {
        "agreement_count": "24",
        "agreement_percentage": 47.05882352941176,
        "mcc": -0.03624656968340334,
        "accuracy": 0.47058823529411764,
        "precision": 0.7083333333333334,
        "recall": 0.4594594594594595,
        "f1_score": 0.5573770491803279,
        "balanced_accuracy": 0.4797297297297297,
        "description": "Agreement analysis between 'complex verify' and 'original correctness'."
    },
    "summary verify": {
        "agreement_count": "26",
        "agreement_percentage": 50.98039215686274,
        "mcc": 0.09219357380739282,
        "accuracy": 0.5098039215686274,
        "precision": 0.7727272727272727,
        "recall": 0.4594594594594595,
        "f1_score": 0.576271186440678,
        "balanced_accuracy": 0.5511583011583012,
        "description": "Agreement analysis between 'summary verify' and 'original correctness'."
    },
    "simple verify fsl": {
        "agreement_count": "29",
        "agreement_percentage": 56.86274509803921,
        "mcc": 0.12427395320024001,
        "accuracy": 0.5686274509803921,
        "precision": 0.7777777777777778,
        "recall": 0.5675675675675675,
        "f1_score": 0.65625,
        "balanced_accuracy": 0.5694980694980695,
        "description": "Agreement analysis between 'simple verify fsl' and 'original correctness'."
    },
    "complex verify fsl": {
        "agreement_count": "27",
        "agreement_percentage": 52.94117647058824,
        "mcc": -0.003479002785184635,
        "accuracy": 0.5294117647058824,
        "precision": 0.7241379310344828,
        "recall": 0.5675675675675675,
        "f1_score": 0.6363636363636365,
        "balanced_accuracy": 0.4980694980694981,
        "description": "Agreement analysis between 'complex verify fsl' and 'original correctness'."
    },
    "summary verify fsl": {
        "agreement_count": "21",
        "agreement_percentage": 41.17647058823529,
        "mcc": 0.057328376570656266,
        "accuracy": 0.4117647058823529,
        "precision": 0.7692307692307693,
        "recall": 0.2702702702702703,
        "f1_score": 0.4,
        "balanced_accuracy": 0.527992277992278,
        "description": "Agreement analysis between 'summary verify fsl' and 'original correctness'."
    }
}