{
    "total_valid_rows": {
        "value": 143,
        "description": "Total number of valid rows after preprocessing and removing invalid entries."
    },
    "complex tree": {
        "agreement_count": "75",
        "agreement_percentage": 52.44755244755245,
        "mcc": -0.0778971639747572,
        "accuracy": 0.5244755244755245,
        "precision": 0.5871559633027523,
        "recall": 0.735632183908046,
        "f1_score": 0.6530612244897959,
        "balanced_accuracy": 0.4660303776683087,
        "description": "Agreement analysis between 'complex tree' and 'original correctness'."
    },
    "vanilla": {
        "agreement_count": "83",
        "agreement_percentage": 58.04195804195804,
        "mcc": 0.07454941142123461,
        "accuracy": 0.5804195804195804,
        "precision": 0.6310679611650486,
        "recall": 0.7471264367816092,
        "f1_score": 0.6842105263157895,
        "balanced_accuracy": 0.5342775041050903,
        "description": "Agreement analysis between 'vanilla' and 'original correctness'."
    },
    "vanilla_no_cot": {
        "agreement_count": "57",
        "agreement_percentage": 39.86013986013986,
        "mcc": -0.1046274700957241,
        "accuracy": 0.3986013986013986,
        "precision": 0.5151515151515151,
        "recall": 0.19540229885057472,
        "f1_score": 0.2833333333333334,
        "balanced_accuracy": 0.4548440065681445,
        "description": "Agreement analysis between 'vanilla_no_cot' and 'original correctness'."
    }
}