{
    "total_valid_rows": {
        "value": 30,
        "description": "Total number of valid rows after preprocessing and removing invalid entries."
    },
    "complex tree": {
        "agreement_count": "20",
        "agreement_percentage": 66.66666666666666,
        "mcc": 0.28022426915890253,
        "accuracy": 0.6666666666666666,
        "precision": 0.6538461538461539,
        "recall": 0.9444444444444444,
        "f1_score": 0.7727272727272727,
        "balanced_accuracy": 0.5972222222222222,
        "description": "Agreement analysis between 'complex tree' and 'original correctness'."
    },
    "vanilla": {
        "agreement_count": "24",
        "agreement_percentage": 80.0,
        "mcc": 0.6123724356957946,
        "accuracy": 0.8,
        "precision": 0.75,
        "recall": 1.0,
        "f1_score": 0.8571428571428571,
        "balanced_accuracy": 0.75,
        "description": "Agreement analysis between 'vanilla' and 'original correctness'."
    },
    "vanilla_no_cot": {
        "agreement_count": "14",
        "agreement_percentage": 46.666666666666664,
        "mcc": 0.21821789023599236,
        "accuracy": 0.4666666666666667,
        "precision": 1.0,
        "recall": 0.1111111111111111,
        "f1_score": 0.19999999999999998,
        "balanced_accuracy": 0.5555555555555556,
        "description": "Agreement analysis between 'vanilla_no_cot' and 'original correctness'."
    }
}