{
  "question_id": "1380",
  "generation_passes": 17,
  "generation_total": 18,
  "generation_pass_rate": 0.9444444444444444,
  "generation_tokens": 1106,
  "repair_passes": 7,
  "repair_total": 18,
  "repair_pass_rate": 0.3888888888888889,
  "repair_tokens": 1930,
  "generations": [
    {
      "id": 1,
      "passes": 17,
      "total": 18,
      "pass_rate": "94.44%",
      "tokens": 1106,
      "feedbacks": [
        {
          "id": 1,
          "feedback": "### ANALYSIS\n\nI have found several issues with the code:\n\n1. In line 6, the condition `diff > 0` should be `diff < 0` since we want to decrease the height of the tree if the difference is negative. Similarly, in line 9, the condition `diff < 0` should be `diff > 0` since we want to increase the height of the tree if the difference is positive.\n2. In line 5, the calculation of the difference is incorrect. It should be `heights[i+1] - heights[i] - k`, not `k - (heights[i+1] - heights[i])`.\n3. The loop should iterate from `1` to `n-1` instead of `0` to `n-1`. This is because we are comparing each tree with the previous tree, so we don't need to consider the first tree.\n4. The actions list should be reversed when printing to get the correct order of the actions.\n5. The initial height of the first tree should not be modified.\n\nThese bugs are causing incorrect output and could potentially lead to wrong results in other test cases as well. By fixing these issues, the code should be able to produce the correct output.",
          "tokens": 1550,
          "metadata": {
            "actual_input": "50 5\n232 6 11 16 21 26 31 36 41 46 665 56 61 66 71 76 602 86 91 712 101 106 111 116 121 126 131 136 141 146 151 156 161 166 755 176 181 186 191 196 201 206 211 216 221 226 231 236 241 246\n",
            "actual_output": "49\n+ 2 231\n+ 3 231\n+ 4 231\n+ 5 231\n+ 6 231\n+ 7 231\n+ 8 231\n+ 9 231\n+ 10 231\n- 11 383\n+ 12 231\n+ 13 231\n+ 14 231\n+ 15 231\n+ 16 231\n- 17 290\n+ 18 231\n+ 19 231\n- 20 385\n+ 21 231\n+ 22 231\n+ 23 231\n+ 24 231\n+ 25 231\n+ 26 231\n+ 27 231\n+ 28 231\n+ 29 231\n+ 30 231\n+ 31 231\n+ 32 231\n+ 33 231\n+ 34 231\n- 35 353\n+ 36 231\n+ 37 231\n+ 38 231\n+ 39 231\n+ 40 231\n+ 41 231\n+ 42 231\n+ 43 231\n+ 44 231\n+ 45 231\n+ 46 231\n+ 47 231\n+ 48 231\n+ 49 231\n+ 50 231\n",
            "expected_output": "5\n- 1 231\n- 11 614\n- 17 521\n- 20 616\n- 35 584\n",
            "include_test_case": true
          },
          "repairs": [
            {
              "id": 1,
              "passes": 7,
              "total": 18,
              "pass_rate": "38.89%",
              "tokens": 1930,
              "metadata": {
                "include_test_case": true
              }
            }
          ]
        }
      ]
    }
  ]
}