{
    "total_valid_rows": {
        "value": 98,
        "description": "Total number of valid rows after preprocessing and removing invalid entries."
    },
    "summary fsl": {
        "agreement_count": "61",
        "agreement_percentage": 62.244897959183675,
        "mcc": 0.2558658630471184,
        "accuracy": 0.6224489795918368,
        "precision": 0.6923076923076923,
        "recall": 0.3829787234042553,
        "f1_score": 0.4931506849315068,
        "balanced_accuracy": 0.613057989153108,
        "description": "Agreement analysis between 'summary fsl' and 'original correctness'."
    },
    "naive correctness fsl": {
        "agreement_count": "55",
        "agreement_percentage": 56.12244897959183,
        "mcc": 0.13987780710463382,
        "accuracy": 0.5612244897959183,
        "precision": 0.6666666666666666,
        "recall": 0.1702127659574468,
        "f1_score": 0.2711864406779661,
        "balanced_accuracy": 0.5458906967042135,
        "description": "Agreement analysis between 'naive correctness fsl' and 'original correctness'."
    },
    "simple tree": {
        "agreement_count": "61",
        "agreement_percentage": 62.244897959183675,
        "mcc": 0.24174595537305188,
        "accuracy": 0.6224489795918368,
        "precision": 0.6190476190476191,
        "recall": 0.5531914893617021,
        "f1_score": 0.5842696629213483,
        "balanced_accuracy": 0.6197329995828118,
        "description": "Agreement analysis between 'simple tree' and 'original correctness'."
    },
    "complex tree": {
        "agreement_count": "63",
        "agreement_percentage": 64.28571428571429,
        "mcc": 0.2832627458735424,
        "accuracy": 0.6428571428571429,
        "precision": 0.6363636363636364,
        "recall": 0.5957446808510638,
        "f1_score": 0.6153846153846154,
        "balanced_accuracy": 0.6410095953274927,
        "description": "Agreement analysis between 'complex tree' and 'original correctness'."
    },
    "vanilla": {
        "agreement_count": "56",
        "agreement_percentage": 57.14285714285714,
        "mcc": 0.13753403860619556,
        "accuracy": 0.5714285714285714,
        "precision": 0.5641025641025641,
        "recall": 0.46808510638297873,
        "f1_score": 0.5116279069767442,
        "balanced_accuracy": 0.5673758865248226,
        "description": "Agreement analysis between 'vanilla' and 'original correctness'."
    },
    "vanilla_no_cot": {
        "agreement_count": "55",
        "agreement_percentage": 56.12244897959183,
        "mcc": 0.13987780710463382,
        "accuracy": 0.5612244897959183,
        "precision": 0.6666666666666666,
        "recall": 0.1702127659574468,
        "f1_score": 0.2711864406779661,
        "balanced_accuracy": 0.5458906967042135,
        "description": "Agreement analysis between 'vanilla_no_cot' and 'original correctness'."
    },
    "summary": {
        "agreement_count": "58",
        "agreement_percentage": 59.183673469387756,
        "mcc": 0.17956659886258525,
        "accuracy": 0.5918367346938775,
        "precision": 0.5853658536585366,
        "recall": 0.5106382978723404,
        "f1_score": 0.5454545454545454,
        "balanced_accuracy": 0.5886524822695035,
        "description": "Agreement analysis between 'summary' and 'original correctness'."
    },
    "simple verify": {
        "agreement_count": "56",
        "agreement_percentage": 57.14285714285714,
        "mcc": 0.13701630134236556,
        "accuracy": 0.5714285714285714,
        "precision": 0.5714285714285714,
        "recall": 0.425531914893617,
        "f1_score": 0.4878048780487805,
        "balanced_accuracy": 0.5657071339173968,
        "description": "Agreement analysis between 'simple verify' and 'original correctness'."
    },
    "complex verify": {
        "agreement_count": "54",
        "agreement_percentage": 55.10204081632652,
        "mcc": 0.09366859819872307,
        "accuracy": 0.5510204081632653,
        "precision": 0.5483870967741935,
        "recall": 0.3617021276595745,
        "f1_score": 0.43589743589743596,
        "balanced_accuracy": 0.543596161869003,
        "description": "Agreement analysis between 'complex verify' and 'original correctness'."
    },
    "summary verify": {
        "agreement_count": "56",
        "agreement_percentage": 57.14285714285714,
        "mcc": 0.13715534084561248,
        "accuracy": 0.5714285714285714,
        "precision": 0.5757575757575758,
        "recall": 0.40425531914893614,
        "f1_score": 0.47500000000000003,
        "balanced_accuracy": 0.5648727576136837,
        "description": "Agreement analysis between 'summary verify' and 'original correctness'."
    },
    "simple verify fsl": {
        "agreement_count": "57",
        "agreement_percentage": 58.16326530612245,
        "mcc": 0.18383011781390066,
        "accuracy": 0.5816326530612245,
        "precision": 0.6875,
        "recall": 0.23404255319148937,
        "f1_score": 0.3492063492063492,
        "balanced_accuracy": 0.5680016687526075,
        "description": "Agreement analysis between 'simple verify fsl' and 'original correctness'."
    },
    "complex verify fsl": {
        "agreement_count": "60",
        "agreement_percentage": 61.224489795918366,
        "mcc": 0.25252893680550775,
        "accuracy": 0.6122448979591837,
        "precision": 0.7368421052631579,
        "recall": 0.2978723404255319,
        "f1_score": 0.4242424242424243,
        "balanced_accuracy": 0.5999165623696288,
        "description": "Agreement analysis between 'complex verify fsl' and 'original correctness'."
    },
    "summary verify fsl": {
        "agreement_count": "58",
        "agreement_percentage": 59.183673469387756,
        "mcc": 0.20751063675952786,
        "accuracy": 0.5918367346938775,
        "precision": 0.7058823529411765,
        "recall": 0.2553191489361702,
        "f1_score": 0.37499999999999994,
        "balanced_accuracy": 0.5786399666249479,
        "description": "Agreement analysis between 'summary verify fsl' and 'original correctness'."
    }
}