{
    "total_valid_rows": {
        "value": 29,
        "description": "Total number of valid rows after preprocessing and removing invalid entries."
    },
    "complex tree": {
        "agreement_count": "15",
        "agreement_percentage": 51.724137931034484,
        "mcc": -0.10880795435114117,
        "accuracy": 0.5172413793103449,
        "precision": 0.5909090909090909,
        "recall": 0.7222222222222222,
        "f1_score": 0.65,
        "balanced_accuracy": 0.452020202020202,
        "description": "Agreement analysis between 'complex tree' and 'original correctness'."
    },
    "vanilla": {
        "agreement_count": "19",
        "agreement_percentage": 65.51724137931035,
        "mcc": 0.24366266169609582,
        "accuracy": 0.6551724137931034,
        "precision": 0.7,
        "recall": 0.7777777777777778,
        "f1_score": 0.7368421052631577,
        "balanced_accuracy": 0.6161616161616161,
        "description": "Agreement analysis between 'vanilla' and 'original correctness'."
    },
    "vanilla_no_cot": {
        "agreement_count": "12",
        "agreement_percentage": 41.37931034482759,
        "mcc": -0.0900492445398615,
        "accuracy": 0.41379310344827586,
        "precision": 0.5555555555555556,
        "recall": 0.2777777777777778,
        "f1_score": 0.3703703703703704,
        "balanced_accuracy": 0.45707070707070707,
        "description": "Agreement analysis between 'vanilla_no_cot' and 'original correctness'."
    }
}