{
    "complex tree": {
        "Agreement Count": 1120,
        "Balanced Accuracy": 0.6156128728072827,
        "True Positive Rate (TPR)": 0.5933701657458563,
        "False Negative Rate (FNR)": 0.4066298342541437,
        "False Positive Rate (FPR)": 0.36214442013129106,
        "MCC": 0.23146400050060179
    },
    "vanilla": {
        "Agreement Count": 1019,
        "Balanced Accuracy": 0.5595941583954931,
        "True Positive Rate (TPR)": 0.4375690607734807,
        "False Negative Rate (FNR)": 0.5624309392265193,
        "False Positive Rate (FPR)": 0.31838074398249455,
        "MCC": 0.12292196441880099
    },
    "vanilla_no_cot": {
        "Agreement Count": 1008,
        "Balanced Accuracy": 0.5525702092677443,
        "True Positive Rate (TPR)": 0.23314917127071824,
        "False Negative Rate (FNR)": 0.7668508287292818,
        "False Positive Rate (FPR)": 0.12800875273522977,
        "MCC": 0.1367386681103356
    }
}