{
    "total_valid_rows": {
        "value": 87,
        "description": "Total number of valid rows after preprocessing and removing invalid entries."
    },
    "summary fsl": {
        "agreement_count": "49",
        "agreement_percentage": 56.32183908045977,
        "mcc": 0.19000568455262212,
        "accuracy": 0.5632183908045977,
        "precision": 0.7037037037037037,
        "recall": 0.3877551020408163,
        "f1_score": 0.5,
        "balanced_accuracy": 0.5886143931256713,
        "description": "Agreement analysis between 'summary fsl' and 'original correctness'."
    },
    "naive correctness fsl": {
        "agreement_count": "42",
        "agreement_percentage": 48.275862068965516,
        "mcc": 0.04051704245469077,
        "accuracy": 0.4827586206896552,
        "precision": 0.6,
        "recall": 0.24489795918367346,
        "f1_score": 0.34782608695652173,
        "balanced_accuracy": 0.5171858216970999,
        "description": "Agreement analysis between 'naive correctness fsl' and 'original correctness'."
    },
    "simple tree": {
        "agreement_count": "47",
        "agreement_percentage": 54.02298850574713,
        "mcc": 0.07676119934393914,
        "accuracy": 0.5402298850574713,
        "precision": 0.6,
        "recall": 0.5510204081632653,
        "f1_score": 0.5744680851063829,
        "balanced_accuracy": 0.5386680988184747,
        "description": "Agreement analysis between 'simple tree' and 'original correctness'."
    },
    "complex tree": {
        "agreement_count": "54",
        "agreement_percentage": 62.06896551724138,
        "mcc": 0.2544123501266723,
        "accuracy": 0.6206896551724138,
        "precision": 0.7,
        "recall": 0.5714285714285714,
        "f1_score": 0.6292134831460674,
        "balanced_accuracy": 0.6278195488721805,
        "description": "Agreement analysis between 'complex tree' and 'original correctness'."
    },
    "vanilla": {
        "agreement_count": "50",
        "agreement_percentage": 57.47126436781609,
        "mcc": 0.19113046947486795,
        "accuracy": 0.5747126436781609,
        "precision": 0.6875,
        "recall": 0.4489795918367347,
        "f1_score": 0.5432098765432098,
        "balanced_accuracy": 0.5929108485499462,
        "description": "Agreement analysis between 'vanilla' and 'original correctness'."
    },
    "vanilla_no_cot": {
        "agreement_count": "39",
        "agreement_percentage": 44.827586206896555,
        "mcc": -0.027501912181672142,
        "accuracy": 0.4482758620689655,
        "precision": 0.5333333333333333,
        "recall": 0.16326530612244897,
        "f1_score": 0.25,
        "balanced_accuracy": 0.4895273899033297,
        "description": "Agreement analysis between 'vanilla_no_cot' and 'original correctness'."
    },
    "summary": {
        "agreement_count": "55",
        "agreement_percentage": 63.2183908045977,
        "mcc": 0.274285239211085,
        "accuracy": 0.632183908045977,
        "precision": 0.7073170731707317,
        "recall": 0.5918367346938775,
        "f1_score": 0.6444444444444445,
        "balanced_accuracy": 0.6380236305048335,
        "description": "Agreement analysis between 'summary' and 'original correctness'."
    },
    "simple verify": {
        "agreement_count": "50",
        "agreement_percentage": 57.47126436781609,
        "mcc": 0.22054528634499182,
        "accuracy": 0.5747126436781609,
        "precision": 0.7307692307692307,
        "recall": 0.3877551020408163,
        "f1_score": 0.5066666666666667,
        "balanced_accuracy": 0.6017722878625134,
        "description": "Agreement analysis between 'simple verify' and 'original correctness'."
    },
    "complex verify": {
        "agreement_count": "52",
        "agreement_percentage": 59.77011494252874,
        "mcc": 0.2594278143829104,
        "accuracy": 0.5977011494252874,
        "precision": 0.75,
        "recall": 0.42857142857142855,
        "f1_score": 0.5454545454545454,
        "balanced_accuracy": 0.6221804511278195,
        "description": "Agreement analysis between 'complex verify' and 'original correctness'."
    },
    "summary verify": {
        "agreement_count": "47",
        "agreement_percentage": 54.02298850574713,
        "mcc": 0.13991327680693083,
        "accuracy": 0.5402298850574713,
        "precision": 0.6666666666666666,
        "recall": 0.3673469387755102,
        "f1_score": 0.47368421052631576,
        "balanced_accuracy": 0.5652524167561762,
        "description": "Agreement analysis between 'summary verify' and 'original correctness'."
    },
    "simple verify fsl": {
        "agreement_count": "43",
        "agreement_percentage": 49.42528735632184,
        "mcc": 0.04709060819601881,
        "accuracy": 0.4942528735632184,
        "precision": 0.6,
        "recall": 0.30612244897959184,
        "f1_score": 0.40540540540540543,
        "balanced_accuracy": 0.5214822771213748,
        "description": "Agreement analysis between 'simple verify fsl' and 'original correctness'."
    },
    "complex verify fsl": {
        "agreement_count": "49",
        "agreement_percentage": 56.32183908045977,
        "mcc": 0.19000568455262212,
        "accuracy": 0.5632183908045977,
        "precision": 0.7037037037037037,
        "recall": 0.3877551020408163,
        "f1_score": 0.5,
        "balanced_accuracy": 0.5886143931256713,
        "description": "Agreement analysis between 'complex verify fsl' and 'original correctness'."
    },
    "summary verify fsl": {
        "agreement_count": "43",
        "agreement_percentage": 49.42528735632184,
        "mcc": 0.06349341968194311,
        "accuracy": 0.4942528735632184,
        "precision": 0.6190476190476191,
        "recall": 0.2653061224489796,
        "f1_score": 0.37142857142857144,
        "balanced_accuracy": 0.527389903329753,
        "description": "Agreement analysis between 'summary verify fsl' and 'original correctness'."
    }
}