{
    "total_valid_rows": {
        "value": 142,
        "description": "Total number of valid rows after preprocessing and removing invalid entries."
    },
    "complex tree": {
        "agreement_count": "85",
        "agreement_percentage": 59.859154929577464,
        "mcc": 0.05209356966404396,
        "accuracy": 0.5985915492957746,
        "precision": 0.6229508196721312,
        "recall": 0.8735632183908046,
        "f1_score": 0.7272727272727273,
        "balanced_accuracy": 0.5185997910135841,
        "description": "Agreement analysis between 'complex tree' and 'original correctness'."
    },
    "vanilla": {
        "agreement_count": "83",
        "agreement_percentage": 58.45070422535211,
        "mcc": -0.03367321297138582,
        "accuracy": 0.5845070422535211,
        "precision": 0.6076923076923076,
        "recall": 0.9080459770114943,
        "f1_score": 0.728110599078341,
        "balanced_accuracy": 0.4903866248693835,
        "description": "Agreement analysis between 'vanilla' and 'original correctness'."
    },
    "vanilla_no_cot": {
        "agreement_count": "78",
        "agreement_percentage": 54.929577464788736,
        "mcc": 0.003819049918775659,
        "accuracy": 0.5492957746478874,
        "precision": 0.6138613861386139,
        "recall": 0.7126436781609196,
        "f1_score": 0.6595744680851064,
        "balanced_accuracy": 0.5017763845350052,
        "description": "Agreement analysis between 'vanilla_no_cot' and 'original correctness'."
    }
}