{
    "total_valid_rows": {
        "value": 30,
        "description": "Total number of valid rows after preprocessing and removing invalid entries."
    },
    "complex tree": {
        "agreement_count": "16",
        "agreement_percentage": 53.333333333333336,
        "mcc": -0.12009611535381536,
        "accuracy": 0.5333333333333333,
        "precision": 0.5769230769230769,
        "recall": 0.8333333333333334,
        "f1_score": 0.6818181818181818,
        "balanced_accuracy": 0.45833333333333337,
        "description": "Agreement analysis between 'complex tree' and 'original correctness'."
    },
    "vanilla": {
        "agreement_count": "19",
        "agreement_percentage": 63.33333333333333,
        "mcc": 0.18144368465060579,
        "accuracy": 0.6333333333333333,
        "precision": 0.6296296296296297,
        "recall": 0.9444444444444444,
        "f1_score": 0.7555555555555556,
        "balanced_accuracy": 0.5555555555555556,
        "description": "Agreement analysis between 'vanilla' and 'original correctness'."
    },
    "vanilla_no_cot": {
        "agreement_count": "15",
        "agreement_percentage": 50.0,
        "mcc": -0.0890870806374748,
        "accuracy": 0.5,
        "precision": 0.5714285714285714,
        "recall": 0.6666666666666666,
        "f1_score": 0.6153846153846153,
        "balanced_accuracy": 0.4583333333333333,
        "description": "Agreement analysis between 'vanilla_no_cot' and 'original correctness'."
    }
}