{
    "total_valid_rows": {
        "value": 100,
        "description": "Total number of valid rows after preprocessing and removing invalid entries."
    },
    "summary fsl": {
        "agreement_count": "52",
        "agreement_percentage": 52.0,
        "mcc": 0.05048155877311136,
        "accuracy": 0.52,
        "precision": 0.6,
        "recall": 0.061224489795918366,
        "f1_score": 0.1111111111111111,
        "balanced_accuracy": 0.5110044017607043,
        "description": "Agreement analysis between 'summary fsl' and 'original correctness'."
    },
    "naive correctness fsl": {
        "agreement_count": "54",
        "agreement_percentage": 54.0,
        "mcc": 0.12309092350914322,
        "accuracy": 0.54,
        "precision": 0.7142857142857143,
        "recall": 0.10204081632653061,
        "f1_score": 0.17857142857142858,
        "balanced_accuracy": 0.5314125650260104,
        "description": "Agreement analysis between 'naive correctness fsl' and 'original correctness'."
    },
    "simple tree": {
        "agreement_count": "66",
        "agreement_percentage": 66.0,
        "mcc": 0.3197278911564626,
        "accuracy": 0.66,
        "precision": 0.6530612244897959,
        "recall": 0.6530612244897959,
        "f1_score": 0.6530612244897959,
        "balanced_accuracy": 0.6598639455782312,
        "description": "Agreement analysis between 'simple tree' and 'original correctness'."
    },
    "complex tree": {
        "agreement_count": "60",
        "agreement_percentage": 60.0,
        "mcc": 0.1996798719487795,
        "accuracy": 0.6,
        "precision": 0.5918367346938775,
        "recall": 0.5918367346938775,
        "f1_score": 0.5918367346938775,
        "balanced_accuracy": 0.5998399359743898,
        "description": "Agreement analysis between 'complex tree' and 'original correctness'."
    },
    "vanilla": {
        "agreement_count": "59",
        "agreement_percentage": 59.0,
        "mcc": 0.18376439235228026,
        "accuracy": 0.59,
        "precision": 0.5714285714285714,
        "recall": 0.6530612244897959,
        "f1_score": 0.6095238095238094,
        "balanced_accuracy": 0.5912364945978391,
        "description": "Agreement analysis between 'vanilla' and 'original correctness'."
    },
    "vanilla_no_cot": {
        "agreement_count": "59",
        "agreement_percentage": 59.0,
        "mcc": 0.1906844932773043,
        "accuracy": 0.59,
        "precision": 0.6428571428571429,
        "recall": 0.3673469387755102,
        "f1_score": 0.4675324675324675,
        "balanced_accuracy": 0.5856342537014806,
        "description": "Agreement analysis between 'vanilla_no_cot' and 'original correctness'."
    },
    "summary": {
        "agreement_count": "60",
        "agreement_percentage": 60.0,
        "mcc": 0.19920128498214962,
        "accuracy": 0.6,
        "precision": 0.6046511627906976,
        "recall": 0.5306122448979592,
        "f1_score": 0.5652173913043479,
        "balanced_accuracy": 0.5986394557823129,
        "description": "Agreement analysis between 'summary' and 'original correctness'."
    },
    "simple verify": {
        "agreement_count": "61",
        "agreement_percentage": 61.0,
        "mcc": 0.2191460862171419,
        "accuracy": 0.61,
        "precision": 0.6086956521739131,
        "recall": 0.5714285714285714,
        "f1_score": 0.5894736842105263,
        "balanced_accuracy": 0.6092436974789917,
        "description": "Agreement analysis between 'simple verify' and 'original correctness'."
    },
    "complex verify": {
        "agreement_count": "60",
        "agreement_percentage": 60.0,
        "mcc": 0.1996798719487795,
        "accuracy": 0.6,
        "precision": 0.5918367346938775,
        "recall": 0.5918367346938775,
        "f1_score": 0.5918367346938775,
        "balanced_accuracy": 0.5998399359743898,
        "description": "Agreement analysis between 'complex verify' and 'original correctness'."
    },
    "summary verify": {
        "agreement_count": "56",
        "agreement_percentage": 56.00000000000001,
        "mcc": 0.11903822913264524,
        "accuracy": 0.56,
        "precision": 0.5531914893617021,
        "recall": 0.5306122448979592,
        "f1_score": 0.5416666666666667,
        "balanced_accuracy": 0.5594237695078031,
        "description": "Agreement analysis between 'summary verify' and 'original correctness'."
    },
    "simple verify fsl": {
        "agreement_count": "52",
        "agreement_percentage": 52.0,
        "mcc": 0.03568027292868909,
        "accuracy": 0.52,
        "precision": 0.5294117647058824,
        "recall": 0.1836734693877551,
        "f1_score": 0.27272727272727276,
        "balanced_accuracy": 0.513405362144858,
        "description": "Agreement analysis between 'simple verify fsl' and 'original correctness'."
    },
    "complex verify fsl": {
        "agreement_count": "51",
        "agreement_percentage": 51.0,
        "mcc": 0.008730461876459155,
        "accuracy": 0.51,
        "precision": 0.5,
        "recall": 0.16326530612244897,
        "f1_score": 0.24615384615384614,
        "balanced_accuracy": 0.5032012805122049,
        "description": "Agreement analysis between 'complex verify fsl' and 'original correctness'."
    },
    "summary verify fsl": {
        "agreement_count": "51",
        "agreement_percentage": 51.0,
        "mcc": 0.008730461876459155,
        "accuracy": 0.51,
        "precision": 0.5,
        "recall": 0.16326530612244897,
        "f1_score": 0.24615384615384614,
        "balanced_accuracy": 0.5032012805122049,
        "description": "Agreement analysis between 'summary verify fsl' and 'original correctness'."
    }
}