{
    "total_valid_rows": {
        "value": 93,
        "description": "Total number of valid rows after preprocessing and removing invalid entries."
    },
    "summary fsl": {
        "agreement_count": "51",
        "agreement_percentage": 54.83870967741935,
        "mcc": 0,
        "accuracy": 0.5483870967741935,
        "precision": 0,
        "recall": 0.0,
        "f1_score": 0,
        "balanced_accuracy": 0.5,
        "description": "Agreement analysis between 'summary fsl' and 'original correctness'."
    },
    "naive correctness fsl": {
        "agreement_count": "60",
        "agreement_percentage": 64.51612903225806,
        "mcc": 0.33669204158268673,
        "accuracy": 0.6451612903225806,
        "precision": 0.9090909090909091,
        "recall": 0.23809523809523808,
        "f1_score": 0.3773584905660377,
        "balanced_accuracy": 0.6092436974789915,
        "description": "Agreement analysis between 'naive correctness fsl' and 'original correctness'."
    },
    "simple tree": {
        "agreement_count": "57",
        "agreement_percentage": 61.29032258064516,
        "mcc": 0.23485595317438746,
        "accuracy": 0.6129032258064516,
        "precision": 0.56,
        "recall": 0.6666666666666666,
        "f1_score": 0.6086956521739131,
        "balanced_accuracy": 0.6176470588235294,
        "description": "Agreement analysis between 'simple tree' and 'original correctness'."
    },
    "complex tree": {
        "agreement_count": "57",
        "agreement_percentage": 61.29032258064516,
        "mcc": 0.2258388695232139,
        "accuracy": 0.6129032258064516,
        "precision": 0.5652173913043478,
        "recall": 0.6190476190476191,
        "f1_score": 0.5909090909090909,
        "balanced_accuracy": 0.6134453781512605,
        "description": "Agreement analysis between 'complex tree' and 'original correctness'."
    },
   
    "summary": {
        "agreement_count": "56",
        "agreement_percentage": 60.215053763440864,
        "mcc": 0.20223329044929975,
        "accuracy": 0.6021505376344086,
        "precision": 0.5555555555555556,
        "recall": 0.5952380952380952,
        "f1_score": 0.574712643678161,
        "balanced_accuracy": 0.6015406162464986,
        "description": "Agreement analysis between 'summary' and 'original correctness'."
    },
    "simple verify": {
        "agreement_count": "63",
        "agreement_percentage": 67.74193548387096,
        "mcc": 0.34632089735507327,
        "accuracy": 0.6774193548387096,
        "precision": 0.65,
        "recall": 0.6190476190476191,
        "f1_score": 0.6341463414634146,
        "balanced_accuracy": 0.6722689075630253,
        "description": "Agreement analysis between 'simple verify' and 'original correctness'."
    },
    "complex verify": {
        "agreement_count": "58",
        "agreement_percentage": 62.365591397849464,
        "mcc": 0.2386529695647409,
        "accuracy": 0.6236559139784946,
        "precision": 0.5853658536585366,
        "recall": 0.5714285714285714,
        "f1_score": 0.5783132530120483,
        "balanced_accuracy": 0.6190476190476191,
        "description": "Agreement analysis between 'complex verify' and 'original correctness'."
    },
    "summary verify": {
        "agreement_count": "62",
        "agreement_percentage": 66.66666666666666,
        "mcc": 0.3256911114059994,
        "accuracy": 0.6666666666666666,
        "precision": 0.6341463414634146,
        "recall": 0.6190476190476191,
        "f1_score": 0.6265060240963854,
        "balanced_accuracy": 0.6624649859943978,
        "description": "Agreement analysis between 'summary verify' and 'original correctness'."
    },
    "simple verify fsl": {
        "agreement_count": "57",
        "agreement_percentage": 61.29032258064516,
        "mcc": 0.20665292265928473,
        "accuracy": 0.6129032258064516,
        "precision": 0.6363636363636364,
        "recall": 0.3333333333333333,
        "f1_score": 0.43749999999999994,
        "balanced_accuracy": 0.5882352941176471,
        "description": "Agreement analysis between 'simple verify fsl' and 'original correctness'."
    },
    "complex verify fsl": {
        "agreement_count": "60",
        "agreement_percentage": 64.51612903225806,
        "mcc": 0.2782661165794066,
        "accuracy": 0.6451612903225806,
        "precision": 0.68,
        "recall": 0.40476190476190477,
        "f1_score": 0.5074626865671642,
        "balanced_accuracy": 0.6239495798319328,
        "description": "Agreement analysis between 'complex verify fsl' and 'original correctness'."
    },
    "summary verify fsl": {
        "agreement_count": "59",
        "agreement_percentage": 63.44086021505376,
        "mcc": 0.2531483205656935,
        "accuracy": 0.6344086021505376,
        "precision": 0.6538461538461539,
        "recall": 0.40476190476190477,
        "f1_score": 0.5,
        "balanced_accuracy": 0.6141456582633054,
        "description": "Agreement analysis between 'summary verify fsl' and 'original correctness'."
    }
}