{
    "total_valid_rows": {
        "value": 101,
        "description": "Total number of valid rows after preprocessing and removing invalid entries."
    },
    "vanilla": {
        "agreement_count": "61",
        "agreement_percentage": 60.396039603960396,
        "mcc": 0.20769547190940632,
        "accuracy": 0.6039603960396039,
        "precision": 0.6041666666666666,
        "recall": 0.58,
        "f1_score": 0.5918367346938774,
        "balanced_accuracy": 0.6037254901960785,
        "description": "Agreement analysis between 'vanilla' and 'original correctness'."
    }
}