{
    "total_valid_rows": {
        "value": 99,
        "description": "Total number of valid rows after preprocessing and removing invalid entries."
    },
    "vanilla": {
        "agreement_count": "63",
        "agreement_percentage": 63.63636363636363,
        "mcc": 0.27925164868088215,
        "accuracy": 0.6363636363636364,
        "precision": 0.6071428571428571,
        "recall": 0.7083333333333334,
        "f1_score": 0.6538461538461539,
        "balanced_accuracy": 0.6384803921568627,
        "description": "Agreement analysis between 'vanilla' and 'original correctness'."
    }
}