{
    "total_valid_rows": {
        "value": 310,
        "description": "Total number of valid rows after preprocessing and removing invalid entries."
    },
    "tester": {
        "agreement_count": "157",
        "agreement_percentage": 50.645161290322584,
        "mcc": 0.07928534714043564,
        "accuracy": 0.5064516129032258,
        "precision": 0.75,
        "recall": 0.03821656050955414,
        "f1_score": 0.07272727272727272,
        "balanced_accuracy": 0.5125723325423588,
        "description": "Agreement analysis between 'tester' and 'original correctness'."
    }
}