{
    "total_valid_rows": {
        "value": 104,
        "description": "Total number of valid rows after preprocessing and removing invalid entries."
    },
    "summary fsl": {
        "agreement_count": "50",
        "agreement_percentage": 48.07692307692308,
        "mcc": -0.1,
        "accuracy": 0.4807692307692308,
        "precision": 0.25,
        "recall": 0.019230769230769232,
        "f1_score": 0.03571428571428572,
        "balanced_accuracy": 0.4807692307692308,
        "description": "Agreement analysis between 'summary fsl' and 'original correctness'."
    },
    "naive correctness fsl": {
        "agreement_count": "52",
        "agreement_percentage": 50.0,
        "mcc": 0.0,
        "accuracy": 0.5,
        "precision": 0.5,
        "recall": 0.057692307692307696,
        "f1_score": 0.10344827586206896,
        "balanced_accuracy": 0.5,
        "description": "Agreement analysis between 'naive correctness fsl' and 'original correctness'."
    },
    "simple tree": {
        "agreement_count": "52",
        "agreement_percentage": 50.0,
        "mcc": 0.0,
        "accuracy": 0.5,
        "precision": 0.5,
        "recall": 0.6346153846153846,
        "f1_score": 0.559322033898305,
        "balanced_accuracy": 0.5,
        "description": "Agreement analysis between 'simple tree' and 'original correctness'."
    },
    "complex tree": {
        "agreement_count": "56",
        "agreement_percentage": 53.84615384615385,
        "mcc": 0.08199200616907877,
        "accuracy": 0.5384615384615384,
        "precision": 0.5285714285714286,
        "recall": 0.7115384615384616,
        "f1_score": 0.6065573770491803,
        "balanced_accuracy": 0.5384615384615384,
        "description": "Agreement analysis between 'complex tree' and 'original correctness'."
    },
    "vanilla": {
        "agreement_count": "48",
        "agreement_percentage": 46.15384615384615,
        "mcc": -0.0769800358919501,
        "accuracy": 0.46153846153846156,
        "precision": 0.46296296296296297,
        "recall": 0.4807692307692308,
        "f1_score": 0.4716981132075472,
        "balanced_accuracy": 0.46153846153846156,
        "description": "Agreement analysis between 'vanilla' and 'original correctness'."
    },
    "vanilla_no_cot": {
        "agreement_count": "51",
        "agreement_percentage": 49.03846153846153,
        "mcc": -0.02395252523826518,
        "accuracy": 0.49038461538461536,
        "precision": 0.47619047619047616,
        "recall": 0.19230769230769232,
        "f1_score": 0.273972602739726,
        "balanced_accuracy": 0.49038461538461536,
        "description": "Agreement analysis between 'vanilla_no_cot' and 'original correctness'."
    },
    "summary": {
        "agreement_count": "54",
        "agreement_percentage": 51.92307692307693,
        "mcc": 0.038461538461538464,
        "accuracy": 0.5192307692307693,
        "precision": 0.5192307692307693,
        "recall": 0.5192307692307693,
        "f1_score": 0.5192307692307693,
        "balanced_accuracy": 0.5192307692307693,
        "description": "Agreement analysis between 'summary' and 'original correctness'."
    },
    "simple verify": {
        "agreement_count": "49",
        "agreement_percentage": 47.11538461538461,
        "mcc": -0.05770297860846152,
        "accuracy": 0.47115384615384615,
        "precision": 0.47058823529411764,
        "recall": 0.46153846153846156,
        "f1_score": 0.46601941747572817,
        "balanced_accuracy": 0.47115384615384615,
        "description": "Agreement analysis between 'simple verify' and 'original correctness'."
    },
    "complex verify": {
        "agreement_count": "48",
        "agreement_percentage": 46.15384615384615,
        "mcc": -0.07744030926623663,
        "accuracy": 0.46153846153846156,
        "precision": 0.45652173913043476,
        "recall": 0.40384615384615385,
        "f1_score": 0.4285714285714286,
        "balanced_accuracy": 0.46153846153846156,
        "description": "Agreement analysis between 'complex verify' and 'original correctness'."
    },
    "summary verify": {
        "agreement_count": "55",
        "agreement_percentage": 52.88461538461539,
        "mcc": 0.05857632341884199,
        "accuracy": 0.5288461538461539,
        "precision": 0.5348837209302325,
        "recall": 0.4423076923076923,
        "f1_score": 0.4842105263157894,
        "balanced_accuracy": 0.5288461538461539,
        "description": "Agreement analysis between 'summary verify' and 'original correctness'."
    },
    "simple verify fsl": {
        "agreement_count": "52",
        "agreement_percentage": 50.0,
        "mcc": 0.0,
        "accuracy": 0.5,
        "precision": 0.5,
        "recall": 0.3076923076923077,
        "f1_score": 0.380952380952381,
        "balanced_accuracy": 0.5,
        "description": "Agreement analysis between 'simple verify fsl' and 'original correctness'."
    },
    "complex verify fsl": {
        "agreement_count": "46",
        "agreement_percentage": 44.230769230769226,
        "mcc": -0.130066495428618,
        "accuracy": 0.4423076923076923,
        "precision": 0.39285714285714285,
        "recall": 0.21153846153846154,
        "f1_score": 0.275,
        "balanced_accuracy": 0.44230769230769235,
        "description": "Agreement analysis between 'complex verify fsl' and 'original correctness'."
    },
    "summary verify fsl": {
        "agreement_count": "50",
        "agreement_percentage": 48.07692307692308,
        "mcc": -0.04441155916843275,
        "accuracy": 0.4807692307692308,
        "precision": 0.46153846153846156,
        "recall": 0.23076923076923078,
        "f1_score": 0.30769230769230776,
        "balanced_accuracy": 0.4807692307692307,
        "description": "Agreement analysis between 'summary verify fsl' and 'original correctness'."
    }
}