{
    "total_valid_rows": {
        "value": 85,
        "description": "Total number of valid rows after preprocessing and removing invalid entries."
    },
    "summary fsl": {
        "agreement_count": "46",
        "agreement_percentage": 54.11764705882353,
        "mcc": 0.1529517617338788,
        "accuracy": 0.5411764705882353,
        "precision": 0.8,
        "recall": 0.09523809523809523,
        "f1_score": 0.1702127659574468,
        "balanced_accuracy": 0.5359911406423035,
        "description": "Agreement analysis between 'summary fsl' and 'original correctness'."
    },
    "naive correctness fsl": {
        "agreement_count": "45",
        "agreement_percentage": 52.94117647058824,
        "mcc": 0.08438024413387321,
        "accuracy": 0.5294117647058824,
        "precision": 0.625,
        "recall": 0.11904761904761904,
        "f1_score": 0.19999999999999998,
        "balanced_accuracy": 0.5246400885935769,
        "description": "Agreement analysis between 'naive correctness fsl' and 'original correctness'."
    },
    "simple tree": {
        "agreement_count": "55",
        "agreement_percentage": 64.70588235294117,
        "mcc": 0.29816791148443045,
        "accuracy": 0.6470588235294118,
        "precision": 0.625,
        "recall": 0.7142857142857143,
        "f1_score": 0.6666666666666666,
        "balanced_accuracy": 0.6478405315614618,
        "description": "Agreement analysis between 'simple tree' and 'original correctness'."
    },
    "complex tree": {
        "agreement_count": "57",
        "agreement_percentage": 67.05882352941175,
        "mcc": 0.34182830730708536,
        "accuracy": 0.6705882352941176,
        "precision": 0.6590909090909091,
        "recall": 0.6904761904761905,
        "f1_score": 0.6744186046511628,
        "balanced_accuracy": 0.6708194905869325,
        "description": "Agreement analysis between 'complex tree' and 'original correctness'."
    },
    "vanilla": {
        "agreement_count": "55",
        "agreement_percentage": 64.70588235294117,
        "mcc": 0.30447194036660313,
        "accuracy": 0.6470588235294118,
        "precision": 0.6153846153846154,
        "recall": 0.7619047619047619,
        "f1_score": 0.6808510638297872,
        "balanced_accuracy": 0.6483942414174972,
        "description": "Agreement analysis between 'vanilla' and 'original correctness'."
    },
    "vanilla_no_cot": {
        "agreement_count": "48",
        "agreement_percentage": 56.470588235294116,
        "mcc": 0.132548241918726,
        "accuracy": 0.5647058823529412,
        "precision": 0.5862068965517241,
        "recall": 0.40476190476190477,
        "f1_score": 0.4788732394366197,
        "balanced_accuracy": 0.5628460686600221,
        "description": "Agreement analysis between 'vanilla_no_cot' and 'original correctness'."
    },
    "summary": {
        "agreement_count": "49",
        "agreement_percentage": 57.647058823529406,
        "mcc": 0.1534626274295991,
        "accuracy": 0.5764705882352941,
        "precision": 0.5681818181818182,
        "recall": 0.5952380952380952,
        "f1_score": 0.5813953488372093,
        "balanced_accuracy": 0.5766888150609081,
        "description": "Agreement analysis between 'summary' and 'original correctness'."
    },
    "simple verify": {
        "agreement_count": "48",
        "agreement_percentage": 56.470588235294116,
        "mcc": 0.12937487365741163,
        "accuracy": 0.5647058823529412,
        "precision": 0.5714285714285714,
        "recall": 0.47619047619047616,
        "f1_score": 0.5194805194805195,
        "balanced_accuracy": 0.5636766334440753,
        "description": "Agreement analysis between 'simple verify' and 'original correctness'."
    },
    "complex verify": {
        "agreement_count": "51",
        "agreement_percentage": 60.0,
        "mcc": 0.19966749769191655,
        "accuracy": 0.6,
        "precision": 0.6,
        "recall": 0.5714285714285714,
        "f1_score": 0.5853658536585366,
        "balanced_accuracy": 0.5996677740863787,
        "description": "Agreement analysis between 'complex verify' and 'original correctness'."
    },
    "summary verify": {
        "agreement_count": "46",
        "agreement_percentage": 54.11764705882353,
        "mcc": 0.08156242034923776,
        "accuracy": 0.5411764705882353,
        "precision": 0.5428571428571428,
        "recall": 0.4523809523809524,
        "f1_score": 0.49350649350649345,
        "balanced_accuracy": 0.5401439645625692,
        "description": "Agreement analysis between 'summary verify' and 'original correctness'."
    },
    "simple verify fsl": {
        "agreement_count": "49",
        "agreement_percentage": 57.647058823529406,
        "mcc": 0.1729479126568917,
        "accuracy": 0.5764705882352941,
        "precision": 0.65,
        "recall": 0.30952380952380953,
        "f1_score": 0.41935483870967744,
        "balanced_accuracy": 0.5733665559246954,
        "description": "Agreement analysis between 'simple verify fsl' and 'original correctness'."
    },
    "complex verify fsl": {
        "agreement_count": "48",
        "agreement_percentage": 56.470588235294116,
        "mcc": 0.1395819889974288,
        "accuracy": 0.5647058823529412,
        "precision": 0.6086956521739131,
        "recall": 0.3333333333333333,
        "f1_score": 0.4307692307692308,
        "balanced_accuracy": 0.562015503875969,
        "description": "Agreement analysis between 'complex verify fsl' and 'original correctness'."
    },
    "summary verify fsl": {
        "agreement_count": "48",
        "agreement_percentage": 56.470588235294116,
        "mcc": 0.14751810784113625,
        "accuracy": 0.5647058823529412,
        "precision": 0.631578947368421,
        "recall": 0.2857142857142857,
        "f1_score": 0.39344262295081966,
        "balanced_accuracy": 0.5614617940199336,
        "description": "Agreement analysis between 'summary verify fsl' and 'original correctness'."
    }
}