{
    "total_valid_rows": {
        "value": 17,
        "description": "Total number of valid rows after preprocessing and removing invalid entries."
    },
    "summary fsl": {
        "agreement_count": "6",
        "agreement_percentage": 35.294117647058826,
        "mcc": 0.1613743060919757,
        "accuracy": 0.35294117647058826,
        "precision": 1.0,
        "recall": 0.08333333333333333,
        "f1_score": 0.15384615384615385,
        "balanced_accuracy": 0.5416666666666666,
        "description": "Agreement analysis between 'summary fsl' and 'original correctness'."
    },
    "naive correctness fsl": {
        "agreement_count": "6",
        "agreement_percentage": 35.294117647058826,
        "mcc": 0.1613743060919757,
        "accuracy": 0.35294117647058826,
        "precision": 1.0,
        "recall": 0.08333333333333333,
        "f1_score": 0.15384615384615385,
        "balanced_accuracy": 0.5416666666666666,
        "description": "Agreement analysis between 'naive correctness fsl' and 'original correctness'."
    },
    "simple tree": {
        "agreement_count": "13",
        "agreement_percentage": 76.47058823529412,
        "mcc": 0.3872983346207417,
        "accuracy": 0.7647058823529411,
        "precision": 0.75,
        "recall": 1.0,
        "f1_score": 0.8571428571428571,
        "balanced_accuracy": 0.6,
        "description": "Agreement analysis between 'simple tree' and 'original correctness'."
    },
    "complex tree": {
        "agreement_count": "14",
        "agreement_percentage": 82.35294117647058,
        "mcc": 0.565685424949238,
        "accuracy": 0.8235294117647058,
        "precision": 0.8,
        "recall": 1.0,
        "f1_score": 0.888888888888889,
        "balanced_accuracy": 0.7,
        "description": "Agreement analysis between 'complex tree' and 'original correctness'."
    },
    "vanilla": {
        "agreement_count": "10",
        "agreement_percentage": 58.82352941176471,
        "mcc": -0.053708615552957466,
        "accuracy": 0.5882352941176471,
        "precision": 0.6923076923076923,
        "recall": 0.75,
        "f1_score": 0.7199999999999999,
        "balanced_accuracy": 0.475,
        "description": "Agreement analysis between 'vanilla' and 'original correctness'."
    },
    "vanilla_no_cot": {
        "agreement_count": "7",
        "agreement_percentage": 41.17647058823529,
        "mcc": -0.06356417261637282,
        "accuracy": 0.4117647058823529,
        "precision": 0.6666666666666666,
        "recall": 0.3333333333333333,
        "f1_score": 0.4444444444444444,
        "balanced_accuracy": 0.4666666666666667,
        "description": "Agreement analysis between 'vanilla_no_cot' and 'original correctness'."
    },
    "summary": {
        "agreement_count": "9",
        "agreement_percentage": 52.94117647058824,
        "mcc": -0.13333333333333333,
        "accuracy": 0.5294117647058824,
        "precision": 0.6666666666666666,
        "recall": 0.6666666666666666,
        "f1_score": 0.6666666666666666,
        "balanced_accuracy": 0.43333333333333335,
        "description": "Agreement analysis between 'summary' and 'original correctness'."
    },
    "simple verify": {
        "agreement_count": "12",
        "agreement_percentage": 70.58823529411765,
        "mcc": 0.25064020591380154,
        "accuracy": 0.7058823529411765,
        "precision": 0.7692307692307693,
        "recall": 0.8333333333333334,
        "f1_score": 0.8,
        "balanced_accuracy": 0.6166666666666667,
        "description": "Agreement analysis between 'simple verify' and 'original correctness'."
    },
    "complex verify": {
        "agreement_count": "10",
        "agreement_percentage": 58.82352941176471,
        "mcc": -0.053708615552957466,
        "accuracy": 0.5882352941176471,
        "precision": 0.6923076923076923,
        "recall": 0.75,
        "f1_score": 0.7199999999999999,
        "balanced_accuracy": 0.475,
        "description": "Agreement analysis between 'complex verify' and 'original correctness'."
    },
    "summary verify": {
        "agreement_count": "8",
        "agreement_percentage": 47.05882352941176,
        "mcc": -0.09128709291752769,
        "accuracy": 0.47058823529411764,
        "precision": 0.6666666666666666,
        "recall": 0.5,
        "f1_score": 0.5714285714285715,
        "balanced_accuracy": 0.45,
        "description": "Agreement analysis between 'summary verify' and 'original correctness'."
    },
    "simple verify fsl": {
        "agreement_count": "11",
        "agreement_percentage": 64.70588235294117,
        "mcc": 0.4767312946227961,
        "accuracy": 0.6470588235294118,
        "precision": 1.0,
        "recall": 0.5,
        "f1_score": 0.6666666666666666,
        "balanced_accuracy": 0.75,
        "description": "Agreement analysis between 'simple verify fsl' and 'original correctness'."
    },
    "complex verify fsl": {
        "agreement_count": "10",
        "agreement_percentage": 58.82352941176471,
        "mcc": 0.16735967034880075,
        "accuracy": 0.5882352941176471,
        "precision": 0.7777777777777778,
        "recall": 0.5833333333333334,
        "f1_score": 0.6666666666666666,
        "balanced_accuracy": 0.5916666666666667,
        "description": "Agreement analysis between 'complex verify fsl' and 'original correctness'."
    },
    "summary verify fsl": {
        "agreement_count": "8",
        "agreement_percentage": 47.05882352941176,
        "mcc": 0.13333333333333333,
        "accuracy": 0.47058823529411764,
        "precision": 0.8,
        "recall": 0.3333333333333333,
        "f1_score": 0.47058823529411764,
        "balanced_accuracy": 0.5666666666666667,
        "description": "Agreement analysis between 'summary verify fsl' and 'original correctness'."
    }
}