{
    "total_valid_rows": {
        "value": 18,
        "description": "Total number of valid rows after preprocessing and removing invalid entries."
    },
    "summary fsl": {
        "agreement_count": "9",
        "agreement_percentage": 50.0,
        "mcc": 0.08058229640253803,
        "accuracy": 0.5,
        "precision": 0.7142857142857143,
        "recall": 0.4166666666666667,
        "f1_score": 0.5263157894736842,
        "balanced_accuracy": 0.5416666666666666,
        "description": "Agreement analysis between 'summary fsl' and 'original correctness'."
    },
    "naive correctness fsl": {
        "agreement_count": "8",
        "agreement_percentage": 44.44444444444444,
        "mcc": 0.0944911182523068,
        "accuracy": 0.4444444444444444,
        "precision": 0.75,
        "recall": 0.25,
        "f1_score": 0.375,
        "balanced_accuracy": 0.5416666666666667,
        "description": "Agreement analysis between 'naive correctness fsl' and 'original correctness'."
    },
    "simple tree": {
        "agreement_count": "8",
        "agreement_percentage": 44.44444444444444,
        "mcc": -0.3779644730092272,
        "accuracy": 0.4444444444444444,
        "precision": 0.5714285714285714,
        "recall": 0.6666666666666666,
        "f1_score": 0.6153846153846153,
        "balanced_accuracy": 0.3333333333333333,
        "description": "Agreement analysis between 'simple tree' and 'original correctness'."
    },
    "complex tree": {
        "agreement_count": "7",
        "agreement_percentage": 38.88888888888889,
        "mcc": -0.43852900965351455,
        "accuracy": 0.3888888888888889,
        "precision": 0.5384615384615384,
        "recall": 0.5833333333333334,
        "f1_score": 0.5599999999999999,
        "balanced_accuracy": 0.2916666666666667,
        "description": "Agreement analysis between 'complex tree' and 'original correctness'."
    },
    "vanilla": {
        "agreement_count": "9",
        "agreement_percentage": 50.0,
        "mcc": -0.08058229640253803,
        "accuracy": 0.5,
        "precision": 0.6363636363636364,
        "recall": 0.5833333333333334,
        "f1_score": 0.6086956521739131,
        "balanced_accuracy": 0.45833333333333337,
        "description": "Agreement analysis between 'vanilla' and 'original correctness'."
    },
    "vanilla_no_cot": {
        "agreement_count": "6",
        "agreement_percentage": 33.33333333333333,
        "mcc": -0.1889822365046136,
        "accuracy": 0.3333333333333333,
        "precision": 0.5,
        "recall": 0.16666666666666666,
        "f1_score": 0.25,
        "balanced_accuracy": 0.41666666666666663,
        "description": "Agreement analysis between 'vanilla_no_cot' and 'original correctness'."
    },
    "summary": {
        "agreement_count": "10",
        "agreement_percentage": 55.55555555555556,
        "mcc": 0.07905694150420949,
        "accuracy": 0.5555555555555556,
        "precision": 0.7,
        "recall": 0.5833333333333334,
        "f1_score": 0.6363636363636365,
        "balanced_accuracy": 0.5416666666666667,
        "description": "Agreement analysis between 'summary' and 'original correctness'."
    },
    "simple verify": {
        "agreement_count": "8",
        "agreement_percentage": 44.44444444444444,
        "mcc": -0.25,
        "accuracy": 0.4444444444444444,
        "precision": 0.5833333333333334,
        "recall": 0.5833333333333334,
        "f1_score": 0.5833333333333334,
        "balanced_accuracy": 0.375,
        "description": "Agreement analysis between 'simple verify' and 'original correctness'."
    },
    "complex verify": {
        "agreement_count": "5",
        "agreement_percentage": 27.77777777777778,
        "mcc": -0.4029114820126901,
        "accuracy": 0.2777777777777778,
        "precision": 0.42857142857142855,
        "recall": 0.25,
        "f1_score": 0.3157894736842105,
        "balanced_accuracy": 0.29166666666666663,
        "description": "Agreement analysis between 'complex verify' and 'original correctness'."
    },
    "summary verify": {
        "agreement_count": "7",
        "agreement_percentage": 38.88888888888889,
        "mcc": -0.16116459280507606,
        "accuracy": 0.3888888888888889,
        "precision": 0.5714285714285714,
        "recall": 0.3333333333333333,
        "f1_score": 0.4210526315789474,
        "balanced_accuracy": 0.41666666666666663,
        "description": "Agreement analysis between 'summary verify' and 'original correctness'."
    },
    "simple verify fsl": {
        "agreement_count": "8",
        "agreement_percentage": 44.44444444444444,
        "mcc": -0.07905694150420949,
        "accuracy": 0.4444444444444444,
        "precision": 0.625,
        "recall": 0.4166666666666667,
        "f1_score": 0.5,
        "balanced_accuracy": 0.45833333333333337,
        "description": "Agreement analysis between 'simple verify fsl' and 'original correctness'."
    },
    "complex verify fsl": {
        "agreement_count": "10",
        "agreement_percentage": 55.55555555555556,
        "mcc": 0.15811388300841897,
        "accuracy": 0.5555555555555556,
        "precision": 0.75,
        "recall": 0.5,
        "f1_score": 0.6,
        "balanced_accuracy": 0.5833333333333333,
        "description": "Agreement analysis between 'complex verify fsl' and 'original correctness'."
    },
    "summary verify fsl": {
        "agreement_count": "8",
        "agreement_percentage": 44.44444444444444,
        "mcc": 0.0,
        "accuracy": 0.4444444444444444,
        "precision": 0.6666666666666666,
        "recall": 0.3333333333333333,
        "f1_score": 0.4444444444444444,
        "balanced_accuracy": 0.5,
        "description": "Agreement analysis between 'summary verify fsl' and 'original correctness'."
    }
}