{
    "total_valid_rows": {
        "value": 99,
        "description": "Total number of valid rows after preprocessing and removing invalid entries."
    },
    "summary fsl": {
        "agreement_count": "55",
        "agreement_percentage": 55.55555555555556,
        "mcc": 0.1174004589080647,
        "accuracy": 0.5555555555555556,
        "precision": 0.75,
        "recall": 0.06521739130434782,
        "f1_score": 0.12,
        "balanced_accuracy": 0.523174733388023,
        "description": "Agreement analysis between 'summary fsl' and 'original correctness'."
    },
    "naive correctness fsl": {
        "agreement_count": "56",
        "agreement_percentage": 56.56565656565656,
        "mcc": 0.13806586520769887,
        "accuracy": 0.5656565656565656,
        "precision": 0.7142857142857143,
        "recall": 0.10869565217391304,
        "f1_score": 0.18867924528301885,
        "balanced_accuracy": 0.5354799015586547,
        "description": "Agreement analysis between 'naive correctness fsl' and 'original correctness'."
    },
    "simple tree": {
        "agreement_count": "52",
        "agreement_percentage": 52.52525252525253,
        "mcc": 0.052804040188536634,
        "accuracy": 0.5252525252525253,
        "precision": 0.49019607843137253,
        "recall": 0.5434782608695652,
        "f1_score": 0.5154639175257731,
        "balanced_accuracy": 0.526456111566858,
        "description": "Agreement analysis between 'simple tree' and 'original correctness'."
    },
    "complex tree": {
        "agreement_count": "60",
        "agreement_percentage": 60.60606060606061,
        "mcc": 0.20706683672213694,
        "accuracy": 0.6060606060606061,
        "precision": 0.5777777777777777,
        "recall": 0.5652173913043478,
        "f1_score": 0.5714285714285713,
        "balanced_accuracy": 0.603363412633306,
        "description": "Agreement analysis between 'complex tree' and 'original correctness'."
    },
    "vanilla": {
        "agreement_count": "56",
        "agreement_percentage": 56.56565656565656,
        "mcc": 0.14799788223327617,
        "accuracy": 0.5656565656565656,
        "precision": 0.5254237288135594,
        "recall": 0.6739130434782609,
        "f1_score": 0.5904761904761905,
        "balanced_accuracy": 0.572805578342904,
        "description": "Agreement analysis between 'vanilla' and 'original correctness'."
    },
    "vanilla_no_cot": {
        "agreement_count": "58",
        "agreement_percentage": 58.58585858585859,
        "mcc": 0.15709455237740017,
        "accuracy": 0.5858585858585859,
        "precision": 0.5925925925925926,
        "recall": 0.34782608695652173,
        "f1_score": 0.4383561643835616,
        "balanced_accuracy": 0.5701394585726005,
        "description": "Agreement analysis between 'vanilla_no_cot' and 'original correctness'."
    },
    "summary": {
        "agreement_count": "60",
        "agreement_percentage": 60.60606060606061,
        "mcc": 0.20512155340251215,
        "accuracy": 0.6060606060606061,
        "precision": 0.5813953488372093,
        "recall": 0.5434782608695652,
        "f1_score": 0.5617977528089888,
        "balanced_accuracy": 0.6019278096800655,
        "description": "Agreement analysis between 'summary' and 'original correctness'."
    },
    "simple verify": {
        "agreement_count": "56",
        "agreement_percentage": 56.56565656565656,
        "mcc": 0.1212718703538411,
        "accuracy": 0.5656565656565656,
        "precision": 0.5365853658536586,
        "recall": 0.4782608695652174,
        "f1_score": 0.5057471264367817,
        "balanced_accuracy": 0.5598851517637408,
        "description": "Agreement analysis between 'simple verify' and 'original correctness'."
    },
    "complex verify": {
        "agreement_count": "59",
        "agreement_percentage": 59.59595959595959,
        "mcc": 0.18567439104891761,
        "accuracy": 0.5959595959595959,
        "precision": 0.5681818181818182,
        "recall": 0.5434782608695652,
        "f1_score": 0.5555555555555556,
        "balanced_accuracy": 0.5924938474159147,
        "description": "Agreement analysis between 'complex verify' and 'original correctness'."
    },
    "summary verify": {
        "agreement_count": "52",
        "agreement_percentage": 52.52525252525253,
        "mcc": 0.039039574702948845,
        "accuracy": 0.5252525252525253,
        "precision": 0.4878048780487805,
        "recall": 0.43478260869565216,
        "f1_score": 0.45977011494252873,
        "balanced_accuracy": 0.5192780968006563,
        "description": "Agreement analysis between 'summary verify' and 'original correctness'."
    },
    "simple verify fsl": {
        "agreement_count": "55",
        "agreement_percentage": 55.55555555555556,
        "mcc": 0.08832601691735838,
        "accuracy": 0.5555555555555556,
        "precision": 0.5384615384615384,
        "recall": 0.30434782608695654,
        "f1_score": 0.3888888888888889,
        "balanced_accuracy": 0.538966365873667,
        "description": "Agreement analysis between 'simple verify fsl' and 'original correctness'."
    },
    "complex verify fsl": {
        "agreement_count": "56",
        "agreement_percentage": 56.56565656565656,
        "mcc": 0.11168627727979606,
        "accuracy": 0.5656565656565656,
        "precision": 0.5789473684210527,
        "recall": 0.2391304347826087,
        "f1_score": 0.3384615384615385,
        "balanced_accuracy": 0.5440935192780968,
        "description": "Agreement analysis between 'complex verify fsl' and 'original correctness'."
    },
    "summary verify fsl": {
        "agreement_count": "57",
        "agreement_percentage": 57.57575757575758,
        "mcc": 0.1343485204690346,
        "accuracy": 0.5757575757575758,
        "precision": 0.5769230769230769,
        "recall": 0.32608695652173914,
        "f1_score": 0.41666666666666663,
        "balanced_accuracy": 0.5592698933552092,
        "description": "Agreement analysis between 'summary verify fsl' and 'original correctness'."
    }
}