{
    "total_valid_rows": {
        "value": 54,
        "description": "Total number of valid rows after preprocessing and removing invalid entries."
    },
    "summary fsl": {
        "agreement_count": "31",
        "agreement_percentage": 57.407407407407405,
        "mcc": 0.12953217512268725,
        "accuracy": 0.5740740740740741,
        "precision": 0.7586206896551724,
        "recall": 0.5789473684210527,
        "f1_score": 0.6567164179104478,
        "balanced_accuracy": 0.5707236842105263,
        "description": "Agreement analysis between 'summary fsl' and 'original correctness'."
    },
    "naive correctness fsl": {
        "agreement_count": "23",
        "agreement_percentage": 42.592592592592595,
        "mcc": 0.040242181829276684,
        "accuracy": 0.42592592592592593,
        "precision": 0.7333333333333333,
        "recall": 0.2894736842105263,
        "f1_score": 0.4150943396226416,
        "balanced_accuracy": 0.5197368421052632,
        "description": "Agreement analysis between 'naive correctness fsl' and 'original correctness'."
    },
    "simple tree": {
        "agreement_count": "34",
        "agreement_percentage": 62.96296296296296,
        "mcc": -0.04228188071823365,
        "accuracy": 0.6296296296296297,
        "precision": 0.6956521739130435,
        "recall": 0.8421052631578947,
        "f1_score": 0.761904761904762,
        "balanced_accuracy": 0.48355263157894735,
        "description": "Agreement analysis between 'simple tree' and 'original correctness'."
    },
    "complex tree": {
        "agreement_count": "38",
        "agreement_percentage": 70.37037037037037,
        "mcc": 0.238455241619133,
        "accuracy": 0.7037037037037037,
        "precision": 0.7619047619047619,
        "recall": 0.8421052631578947,
        "f1_score": 0.8,
        "balanced_accuracy": 0.6085526315789473,
        "description": "Agreement analysis between 'complex tree' and 'original correctness'."
    },
    "vanilla": {
        "agreement_count": "33",
        "agreement_percentage": 61.111111111111114,
        "mcc": 0.2108663315950723,
        "accuracy": 0.6111111111111112,
        "precision": 0.7931034482758621,
        "recall": 0.6052631578947368,
        "f1_score": 0.6865671641791046,
        "balanced_accuracy": 0.6151315789473684,
        "description": "Agreement analysis between 'vanilla' and 'original correctness'."
    },
    "vanilla_no_cot": {
        "agreement_count": "19",
        "agreement_percentage": 35.18518518518518,
        "mcc": -0.1089121409600601,
        "accuracy": 0.35185185185185186,
        "precision": 0.6153846153846154,
        "recall": 0.21052631578947367,
        "f1_score": 0.3137254901960784,
        "balanced_accuracy": 0.44901315789473684,
        "description": "Agreement analysis between 'vanilla_no_cot' and 'original correctness'."
    },
    "summary": {
        "agreement_count": "36",
        "agreement_percentage": 66.66666666666666,
        "mcc": 0.20065789473684212,
        "accuracy": 0.6666666666666666,
        "precision": 0.7631578947368421,
        "recall": 0.7631578947368421,
        "f1_score": 0.7631578947368421,
        "balanced_accuracy": 0.600328947368421,
        "description": "Agreement analysis between 'summary' and 'original correctness'."
    },
    "simple verify": {
        "agreement_count": "32",
        "agreement_percentage": 59.25925925925925,
        "mcc": 0.18638210221950421,
        "accuracy": 0.5925925925925926,
        "precision": 0.7857142857142857,
        "recall": 0.5789473684210527,
        "f1_score": 0.6666666666666667,
        "balanced_accuracy": 0.6019736842105263,
        "description": "Agreement analysis between 'simple verify' and 'original correctness'."
    },
    "complex verify": {
        "agreement_count": "31",
        "agreement_percentage": 57.407407407407405,
        "mcc": 0.2308591186824161,
        "accuracy": 0.5740740740740741,
        "precision": 0.8260869565217391,
        "recall": 0.5,
        "f1_score": 0.6229508196721311,
        "balanced_accuracy": 0.625,
        "description": "Agreement analysis between 'complex verify' and 'original correctness'."
    },
    "summary verify": {
        "agreement_count": "30",
        "agreement_percentage": 55.55555555555556,
        "mcc": 0.17230060940112776,
        "accuracy": 0.5555555555555556,
        "precision": 0.7916666666666666,
        "recall": 0.5,
        "f1_score": 0.6129032258064516,
        "balanced_accuracy": 0.59375,
        "description": "Agreement analysis between 'summary verify' and 'original correctness'."
    },
    "simple verify fsl": {
        "agreement_count": "26",
        "agreement_percentage": 48.148148148148145,
        "mcc": 0.042797648953895366,
        "accuracy": 0.48148148148148145,
        "precision": 0.7272727272727273,
        "recall": 0.42105263157894735,
        "f1_score": 0.5333333333333333,
        "balanced_accuracy": 0.5230263157894737,
        "description": "Agreement analysis between 'simple verify fsl' and 'original correctness'."
    },
    "complex verify fsl": {
        "agreement_count": "32",
        "agreement_percentage": 59.25925925925925,
        "mcc": 0.2194498945487711,
        "accuracy": 0.5925925925925926,
        "precision": 0.8076923076923077,
        "recall": 0.5526315789473685,
        "f1_score": 0.6562500000000001,
        "balanced_accuracy": 0.6200657894736843,
        "description": "Agreement analysis between 'complex verify fsl' and 'original correctness'."
    },
    "summary verify fsl": {
        "agreement_count": "25",
        "agreement_percentage": 46.2962962962963,
        "mcc": 0.01848684666616339,
        "accuracy": 0.46296296296296297,
        "precision": 0.7142857142857143,
        "recall": 0.39473684210526316,
        "f1_score": 0.5084745762711864,
        "balanced_accuracy": 0.5098684210526316,
        "description": "Agreement analysis between 'summary verify fsl' and 'original correctness'."
    }
}