{
    "total_valid_rows": {
        "value": 70,
        "description": "Total number of valid rows after preprocessing and removing invalid entries."
    },
    "summary fsl": {
        "agreement_count": "34",
        "agreement_percentage": 48.57142857142857,
        "mcc": -0.02333800140046683,
        "accuracy": 0.4857142857142857,
        "precision": 0.5,
        "recall": 0.3888888888888889,
        "f1_score": 0.43750000000000006,
        "balanced_accuracy": 0.488562091503268,
        "description": "Agreement analysis between 'summary fsl' and 'original correctness'."
    },
    "naive correctness fsl": {
        "agreement_count": "33",
        "agreement_percentage": 47.14285714285714,
        "mcc": -0.04989874590434131,
        "accuracy": 0.4714285714285714,
        "precision": 0.47619047619047616,
        "recall": 0.2777777777777778,
        "f1_score": 0.3508771929824561,
        "balanced_accuracy": 0.477124183006536,
        "description": "Agreement analysis between 'naive correctness fsl' and 'original correctness'."
    },
    "simple tree": {
        "agreement_count": "36",
        "agreement_percentage": 51.42857142857142,
        "mcc": 0.018077538151554683,
        "accuracy": 0.5142857142857142,
        "precision": 0.52,
        "recall": 0.7222222222222222,
        "f1_score": 0.6046511627906976,
        "balanced_accuracy": 0.5081699346405228,
        "description": "Agreement analysis between 'simple tree' and 'original correctness'."
    },
    "complex tree": {
        "agreement_count": "37",
        "agreement_percentage": 52.85714285714286,
        "mcc": 0.04951653415938994,
        "accuracy": 0.5285714285714286,
        "precision": 0.5283018867924528,
        "recall": 0.7777777777777778,
        "f1_score": 0.6292134831460674,
        "balanced_accuracy": 0.5212418300653595,
        "description": "Agreement analysis between 'complex tree' and 'original correctness'."
    },
    "vanilla": {
        "agreement_count": "38",
        "agreement_percentage": 54.285714285714285,
        "mcc": 0.08168300490163391,
        "accuracy": 0.5428571428571428,
        "precision": 0.5476190476190477,
        "recall": 0.6388888888888888,
        "f1_score": 0.5897435897435898,
        "balanced_accuracy": 0.5400326797385621,
        "description": "Agreement analysis between 'vanilla' and 'original correctness'."
    },
    "vanilla_no_cot": {
        "agreement_count": "33",
        "agreement_percentage": 47.14285714285714,
        "mcc": -0.04951653415938994,
        "accuracy": 0.4714285714285714,
        "precision": 0.47058823529411764,
        "recall": 0.2222222222222222,
        "f1_score": 0.3018867924528302,
        "balanced_accuracy": 0.47875816993464054,
        "description": "Agreement analysis between 'vanilla_no_cot' and 'original correctness'."
    },
    "summary": {
        "agreement_count": "38",
        "agreement_percentage": 54.285714285714285,
        "mcc": 0.08134892168199608,
        "accuracy": 0.5428571428571428,
        "precision": 0.54,
        "recall": 0.75,
        "f1_score": 0.627906976744186,
        "balanced_accuracy": 0.5367647058823529,
        "description": "Agreement analysis between 'summary' and 'original correctness'."
    },
    "simple verify": {
        "agreement_count": "34",
        "agreement_percentage": 48.57142857142857,
        "mcc": -0.027777777777777776,
        "accuracy": 0.4857142857142857,
        "precision": 0.5,
        "recall": 0.4722222222222222,
        "f1_score": 0.4857142857142857,
        "balanced_accuracy": 0.4861111111111111,
        "description": "Agreement analysis between 'simple verify' and 'original correctness'."
    },
    "complex verify": {
        "agreement_count": "42",
        "agreement_percentage": 60.0,
        "mcc": 0.19934640522875818,
        "accuracy": 0.6,
        "precision": 0.6111111111111112,
        "recall": 0.6111111111111112,
        "f1_score": 0.6111111111111112,
        "balanced_accuracy": 0.5996732026143792,
        "description": "Agreement analysis between 'complex verify' and 'original correctness'."
    },
    "summary verify": {
        "agreement_count": "39",
        "agreement_percentage": 55.714285714285715,
        "mcc": 0.11615550665980433,
        "accuracy": 0.5571428571428572,
        "precision": 0.5757575757575758,
        "recall": 0.5277777777777778,
        "f1_score": 0.5507246376811594,
        "balanced_accuracy": 0.5580065359477124,
        "description": "Agreement analysis between 'summary verify' and 'original correctness'."
    },
    "simple verify fsl": {
        "agreement_count": "37",
        "agreement_percentage": 52.85714285714286,
        "mcc": 0.06083140683229593,
        "accuracy": 0.5285714285714286,
        "precision": 0.5483870967741935,
        "recall": 0.4722222222222222,
        "f1_score": 0.5074626865671641,
        "balanced_accuracy": 0.5302287581699346,
        "description": "Agreement analysis between 'simple verify fsl' and 'original correctness'."
    },
    "complex verify fsl": {
        "agreement_count": "39",
        "agreement_percentage": 55.714285714285715,
        "mcc": 0.12102392106489979,
        "accuracy": 0.5571428571428572,
        "precision": 0.5862068965517241,
        "recall": 0.4722222222222222,
        "f1_score": 0.523076923076923,
        "balanced_accuracy": 0.559640522875817,
        "description": "Agreement analysis between 'complex verify fsl' and 'original correctness'."
    },
    "summary verify fsl": {
        "agreement_count": "28",
        "agreement_percentage": 40.0,
        "mcc": -0.20406349327836207,
        "accuracy": 0.4,
        "precision": 0.36363636363636365,
        "recall": 0.2222222222222222,
        "f1_score": 0.27586206896551724,
        "balanced_accuracy": 0.40522875816993464,
        "description": "Agreement analysis between 'summary verify fsl' and 'original correctness'."
    }
}