{
    "total_valid_rows": {
        "value": 101,
        "description": "Total number of valid rows after preprocessing and removing invalid entries."
    },
    "vanilla": {
        "agreement_count": "55",
        "agreement_percentage": 54.45544554455446,
        "mcc": 0.06092600432568441,
        "accuracy": 0.5445544554455446,
        "precision": 0.5652173913043478,
        "recall": 0.7090909090909091,
        "f1_score": 0.6290322580645161,
        "balanced_accuracy": 0.5284584980237155,
        "description": "Agreement analysis between 'vanilla' and 'original correctness'."
    }
}