{
    "total_valid_rows": {
        "value": 249,
        "description": "Total number of valid rows after preprocessing and removing invalid entries."
    },
    "summary fsl": {
        "agreement_count": "139",
        "agreement_percentage": 55.82329317269076,
        "mcc": 0.16705538640298948,
        "accuracy": 0.5582329317269076,
        "precision": 0.671875,
        "recall": 0.32575757575757575,
        "f1_score": 0.4387755102040817,
        "balanced_accuracy": 0.5731351981351981,
        "description": "Agreement analysis between 'summary fsl' and 'original correctness'."
    },
    "naive correctness fsl": {
        "agreement_count": "128",
        "agreement_percentage": 51.40562248995983,
        "mcc": 0.12129212093399755,
        "accuracy": 0.5140562248995983,
        "precision": 0.7037037037037037,
        "recall": 0.14393939393939395,
        "f1_score": 0.23899371069182393,
        "balanced_accuracy": 0.5377816627816628,
        "description": "Agreement analysis between 'naive correctness fsl' and 'original correctness'."
    },
    "simple tree": {
        "agreement_count": "138",
        "agreement_percentage": 55.42168674698795,
        "mcc": 0.11247086247086246,
        "accuracy": 0.5542168674698795,
        "precision": 0.5897435897435898,
        "recall": 0.5227272727272727,
        "f1_score": 0.5542168674698795,
        "balanced_accuracy": 0.5562354312354312,
        "description": "Agreement analysis between 'simple tree' and 'original correctness'."
    },
    "complex tree": {
        "agreement_count": "142",
        "agreement_percentage": 57.028112449799195,
        "mcc": 0.14702108854555984,
        "accuracy": 0.570281124497992,
        "precision": 0.6106194690265486,
        "recall": 0.5227272727272727,
        "f1_score": 0.5632653061224488,
        "balanced_accuracy": 0.5733294483294483,
        "description": "Agreement analysis between 'complex tree' and 'original correctness'."
    },
    "summary": {
        "agreement_count": "146",
        "agreement_percentage": 58.63453815261044,
        "mcc": 0.1910544179601999,
        "accuracy": 0.5863453815261044,
        "precision": 0.6494845360824743,
        "recall": 0.4772727272727273,
        "f1_score": 0.5502183406113537,
        "balanced_accuracy": 0.5933372183372183,
        "description": "Agreement analysis between 'summary' and 'original correctness'."
    },
    "simple verify": {
        "agreement_count": "139",
        "agreement_percentage": 55.82329317269076,
        "mcc": 0.15915569542558416,
        "accuracy": 0.5582329317269076,
        "precision": 0.6571428571428571,
        "recall": 0.3484848484848485,
        "f1_score": 0.45544554455445546,
        "balanced_accuracy": 0.5716783216783217,
        "description": "Agreement analysis between 'simple verify' and 'original correctness'."
    },
    "complex verify": {
        "agreement_count": "144",
        "agreement_percentage": 57.831325301204814,
        "mcc": 0.21475382040203125,
        "accuracy": 0.5783132530120482,
        "precision": 0.7142857142857143,
        "recall": 0.3409090909090909,
        "f1_score": 0.4615384615384615,
        "balanced_accuracy": 0.5935314685314685,
        "description": "Agreement analysis between 'complex verify' and 'original correctness'."
    },
    "summary verify": {
        "agreement_count": "139",
        "agreement_percentage": 55.82329317269076,
        "mcc": 0.16705538640298948,
        "accuracy": 0.5582329317269076,
        "precision": 0.671875,
        "recall": 0.32575757575757575,
        "f1_score": 0.4387755102040817,
        "balanced_accuracy": 0.5731351981351981,
        "description": "Agreement analysis between 'summary verify' and 'original correctness'."
    },
    "simple verify fsl": {
        "agreement_count": "131",
        "agreement_percentage": 52.610441767068274,
        "mcc": 0.10756800527884301,
        "accuracy": 0.5261044176706827,
        "precision": 0.6346153846153846,
        "recall": 0.25,
        "f1_score": 0.358695652173913,
        "balanced_accuracy": 0.5438034188034189,
        "description": "Agreement analysis between 'simple verify fsl' and 'original correctness'."
    },
    "complex verify fsl": {
        "agreement_count": "138",
        "agreement_percentage": 55.42168674698795,
        "mcc": 0.16207887236104757,
        "accuracy": 0.5542168674698795,
        "precision": 0.6721311475409836,
        "recall": 0.3106060606060606,
        "f1_score": 0.4248704663212435,
        "balanced_accuracy": 0.5698329448329449,
        "description": "Agreement analysis between 'complex verify fsl' and 'original correctness'."
    },
    "summary verify fsl": {
        "agreement_count": "126",
        "agreement_percentage": 50.602409638554214,
        "mcc": 0.05708111269690736,
        "accuracy": 0.5060240963855421,
        "precision": 0.5849056603773585,
        "recall": 0.23484848484848486,
        "f1_score": 0.33513513513513515,
        "balanced_accuracy": 0.5234071484071484,
        "description": "Agreement analysis between 'summary verify fsl' and 'original correctness'."
    }
}