{
    "total_valid_rows": {
        "value": 80,
        "description": "Total number of valid rows after preprocessing and removing invalid entries."
    },
    "Function summary": {
        "agreement_count": "49",
        "agreement_percentage": 61.25000000000001,
        "mcc": 0.2285265222535615,
        "accuracy": 0.6125,
        "precision": 0.525,
        "recall": 0.6363636363636364,
        "f1_score": 0.5753424657534246,
        "balanced_accuracy": 0.61605415860735,
        "description": "Agreement analysis between 'Correctness' and 'original correctness'."
    },
    "Naive": {
        "agreement_count": "55",
        "agreement_percentage": 68.75,
        "mcc": 0.33799812316639843,
        "accuracy": 0.6875,
        "precision": 0.6666666666666666,
        "recall": 0.48484848484848486,
        "f1_score": 0.5614035087719298,
        "balanced_accuracy": 0.657317859445519,
        "description": "Agreement analysis between 'naive correctness' and 'original correctness'."
    },
    "Complex tree": {
        "agreement_count": "46",
        "agreement_percentage": 57.49999999999999,
        "mcc": 0.166149683608676,
        "accuracy": 0.575,
        "precision": 0.4883720930232558,
        "recall": 0.6363636363636364,
        "f1_score": 0.5526315789473685,
        "balanced_accuracy": 0.5841392649903288,
        "description": "Agreement analysis between 'annotated correctness' and 'original correctness'."
    },
    "Simple tree": {
        "agreement_count": "44",
        "agreement_percentage": 55.00000000000001,
        "mcc": 0.21136159045243552,
        "accuracy": 0.55,
        "precision": 0.4745762711864407,
        "recall": 0.8484848484848485,
        "f1_score": 0.6086956521739131,
        "balanced_accuracy": 0.594455190199871,
        "description": "Agreement analysis between 'annotated correctness simple' and 'original correctness'."
    },
    "Naive No FSL": {
        "agreement_count": "51",
        "agreement_percentage": 63.74999999999999,
        "mcc": 0.21738423082290945,
        "accuracy": 0.6375,
        "precision": 0.6111111111111112,
        "recall": 0.3333333333333333,
        "f1_score": 0.43137254901960786,
        "balanced_accuracy": 0.5921985815602837,
        "description": "Agreement analysis between 'naive no fsl correctness' and 'original correctness'."
    },
    "naive_correctness_vs_correctness_diff": {
        "description": "Analysis of cases where 'naive correctness' and 'Correctness' differ.",
        "count": 28,
        "original_agreement_count": "17",
        "original_agreement_percentage": 60.71428571428571
    },
    "naive_correctness_vs_correctness_same": {
        "description": "Analysis of cases where 'naive correctness' and 'Correctness' are the same.",
        "count": 52,
        "original_agreement_count": "38",
        "original_disagreement_count": "14"
    }
}