{
    "total_valid_rows": {
        "value": 26,
        "description": "Total number of valid rows after preprocessing and removing invalid entries."
    },
    "Function summary": {
        "agreement_count": "14",
        "agreement_percentage": 53.84615384615385,
        "mcc": 0.0778498944161523,
        "accuracy": 0.5384615384615384,
        "precision": 0.5333333333333333,
        "recall": 0.6153846153846154,
        "f1_score": 0.5714285714285715,
        "balanced_accuracy": 0.5384615384615385,
        "description": "Agreement analysis between 'Correctness' and 'original correctness'."
    },
    "Naive": {
        "agreement_count": "16",
        "agreement_percentage": 61.53846153846154,
        "mcc": 0.23076923076923078,
        "accuracy": 0.6153846153846154,
        "precision": 0.6153846153846154,
        "recall": 0.6153846153846154,
        "f1_score": 0.6153846153846154,
        "balanced_accuracy": 0.6153846153846154,
        "description": "Agreement analysis between 'naive correctness' and 'original correctness'."
    },
    "Complex tree": {
        "agreement_count": "16",
        "agreement_percentage": 61.53846153846154,
        "mcc": 0.3611575592573076,
        "accuracy": 0.6153846153846154,
        "precision": 0.5652173913043478,
        "recall": 1.0,
        "f1_score": 0.7222222222222222,
        "balanced_accuracy": 0.6153846153846154,
        "description": "Agreement analysis between 'annotated correctness' and 'original correctness'."
    },
    "Simple tree": {
        "agreement_count": "14",
        "agreement_percentage": 53.84615384615385,
        "mcc": 0.0975900072948533,
        "accuracy": 0.5384615384615384,
        "precision": 0.5238095238095238,
        "recall": 0.8461538461538461,
        "f1_score": 0.6470588235294118,
        "balanced_accuracy": 0.5384615384615384,
        "description": "Agreement analysis between 'annotated correctness simple' and 'original correctness'."
    },
    "Naive No FSL": {
        "agreement_count": "13",
        "agreement_percentage": 50.0,
        "mcc": 0.0,
        "accuracy": 0.5,
        "precision": 0.5,
        "recall": 0.3076923076923077,
        "f1_score": 0.380952380952381,
        "balanced_accuracy": 0.5,
        "description": "Agreement analysis between 'naive no fsl correctness' and 'original correctness'."
    },
    "naive_correctness_vs_correctness_diff": {
        "description": "Analysis of cases where 'naive correctness' and 'Correctness' differ.",
        "count": 10,
        "original_agreement_count": "6",
        "original_agreement_percentage": 60.0
    },
    "naive_correctness_vs_correctness_same": {
        "description": "Analysis of cases where 'naive correctness' and 'Correctness' are the same.",
        "count": 16,
        "original_agreement_count": "10",
        "original_disagreement_count": "6"
    }
}