{
    "total_valid_rows": {
        "value": 1609,
        "description": "Total number of valid rows after preprocessing and removing invalid entries."
    },
    "summary fsl": {
        "agreement_count": "833",
        "agreement_percentage": 51.771286513362334,
        "mcc": 0.10276476703305677,
        "accuracy": 0.5177128651336234,
        "precision": 0.7397260273972602,
        "recall": 0.06658446362515413,
        "f1_score": 0.12217194570135748,
        "balanced_accuracy": 0.5213874699078151,
        "description": "Agreement analysis between 'summary fsl' and 'original correctness'."
    },
    "naive correctness fsl": {
        "agreement_count": "881",
        "agreement_percentage": 54.75450590428837,
        "mcc": 0.17118691491383636,
        "accuracy": 0.5475450590428838,
        "precision": 0.7643312101910829,
        "recall": 0.14796547472256474,
        "f1_score": 0.2479338842975207,
        "balanced_accuracy": 0.5507997799677987,
        "description": "Agreement analysis between 'naive correctness fsl' and 'original correctness'."
    },
    "simple tree": {
        "agreement_count": "981",
        "agreement_percentage": 60.96954630205096,
        "mcc": 0.2192990191177805,
        "accuracy": 0.6096954630205096,
        "precision": 0.6119951040391677,
        "recall": 0.6165228113440198,
        "f1_score": 0.6142506142506142,
        "balanced_accuracy": 0.6096398517872981,
        "description": "Agreement analysis between 'simple tree' and 'original correctness'."
    },
    "complex tree": {
        "agreement_count": "999",
        "agreement_percentage": 62.08825357364823,
        "mcc": 0.24188523922844501,
        "accuracy": 0.6208825357364823,
        "precision": 0.6264150943396226,
        "recall": 0.6140567200986436,
        "f1_score": 0.6201743462017435,
        "balanced_accuracy": 0.6209381344854121,
        "description": "Agreement analysis between 'complex tree' and 'original correctness'."
    },
    "summary": {
        "agreement_count": "988",
        "agreement_percentage": 61.40459912989434,
        "mcc": 0.22935650999918583,
        "accuracy": 0.6140459912989434,
        "precision": 0.6276881720430108,
        "recall": 0.5758323057953144,
        "f1_score": 0.6006430868167203,
        "balanced_accuracy": 0.6143572556545495,
        "description": "Agreement analysis between 'summary' and 'original correctness'."
    },
    "simple verify": {
        "agreement_count": "969",
        "agreement_percentage": 60.22374145431946,
        "mcc": 0.20503775901144777,
        "accuracy": 0.6022374145431946,
        "precision": 0.611183355006502,
        "recall": 0.5795314426633785,
        "f1_score": 0.5949367088607594,
        "balanced_accuracy": 0.6024223629356993,
        "description": "Agreement analysis between 'simple verify' and 'original correctness'."
    },
    "complex verify": {
        "agreement_count": "980",
        "agreement_percentage": 60.90739589807333,
        "mcc": 0.21888752480861526,
        "accuracy": 0.6090739589807334,
        "precision": 0.6194225721784777,
        "recall": 0.5819975339087546,
        "f1_score": 0.600127145581691,
        "balanced_accuracy": 0.6092945063027482,
        "description": "Agreement analysis between 'complex verify' and 'original correctness'."
    },
    "summary verify": {
        "agreement_count": "961",
        "agreement_percentage": 59.72653822249845,
        "mcc": 0.19730052598858705,
        "accuracy": 0.5972653822249845,
        "precision": 0.6165951359084406,
        "recall": 0.531442663378545,
        "f1_score": 0.570860927152318,
        "balanced_accuracy": 0.5978015321905257,
        "description": "Agreement analysis between 'summary verify' and 'original correctness'."
    },
    "simple verify fsl": {
        "agreement_count": "923",
        "agreement_percentage": 57.364822871348665,
        "mcc": 0.1755851827339481,
        "accuracy": 0.5736482287134866,
        "precision": 0.6574307304785895,
        "recall": 0.3218249075215783,
        "f1_score": 0.43211920529801323,
        "balanced_accuracy": 0.5756994211793355,
        "description": "Agreement analysis between 'simple verify fsl' and 'original correctness'."
    },
    "complex verify fsl": {
        "agreement_count": "932",
        "agreement_percentage": 57.924176507147294,
        "mcc": 0.18672391700251706,
        "accuracy": 0.579241765071473,
        "precision": 0.6642156862745098,
        "recall": 0.33415536374845867,
        "f1_score": 0.4446267432321575,
        "balanced_accuracy": 0.5812380828767356,
        "description": "Agreement analysis between 'complex verify fsl' and 'original correctness'."
    },
    "summary verify fsl": {
        "agreement_count": "924",
        "agreement_percentage": 57.42697327532629,
        "mcc": 0.17560328504021472,
        "accuracy": 0.5742697327532629,
        "precision": 0.6551724137931034,
        "recall": 0.3279901356350185,
        "f1_score": 0.43714050944946586,
        "balanced_accuracy": 0.5762757695718952,
        "description": "Agreement analysis between 'summary verify fsl' and 'original correctness'."
    }
}