{
    "total_valid_rows": {
        "value": 86,
        "description": "Total number of valid rows after preprocessing and removing invalid entries."
    },
    "vanilla": {
        "agreement_count": "51",
        "agreement_percentage": 59.30232558139535,
        "mcc": 0.18521533324909503,
        "accuracy": 0.5930232558139535,
        "precision": 0.6136363636363636,
        "recall": 0.6,
        "f1_score": 0.6067415730337078,
        "balanced_accuracy": 0.5926829268292683,
        "description": "Agreement analysis between 'vanilla' and 'original correctness'."
    }
}