{
    "total_valid_rows": {
        "value": 104,
        "description": "Total number of valid rows after preprocessing and removing invalid entries."
    },
    "summary fsl": {
        "agreement_count": "56",
        "agreement_percentage": 53.84615384615385,
        "mcc": 0.14433756729740646,
        "accuracy": 0.5384615384615384,
        "precision": 0.75,
        "recall": 0.11538461538461539,
        "f1_score": 0.19999999999999998,
        "balanced_accuracy": 0.5384615384615384,
        "description": "Agreement analysis between 'summary fsl' and 'original correctness'."
    },
    "naive correctness fsl": {
        "agreement_count": "57",
        "agreement_percentage": 54.807692307692314,
        "mcc": 0.14537095115739507,
        "accuracy": 0.5480769230769231,
        "precision": 0.6923076923076923,
        "recall": 0.17307692307692307,
        "f1_score": 0.2769230769230769,
        "balanced_accuracy": 0.5480769230769231,
        "description": "Agreement analysis between 'naive correctness fsl' and 'original correctness'."
    },
    "simple tree": {
        "agreement_count": "67",
        "agreement_percentage": 64.42307692307693,
        "mcc": 0.2885148930423076,
        "accuracy": 0.6442307692307693,
        "precision": 0.6470588235294118,
        "recall": 0.6346153846153846,
        "f1_score": 0.6407766990291263,
        "balanced_accuracy": 0.6442307692307692,
        "description": "Agreement analysis between 'simple tree' and 'original correctness'."
    },
    "complex tree": {
        "agreement_count": "65",
        "agreement_percentage": 62.5,
        "mcc": 0.2511637713025725,
        "accuracy": 0.625,
        "precision": 0.6382978723404256,
        "recall": 0.5769230769230769,
        "f1_score": 0.6060606060606061,
        "balanced_accuracy": 0.625,
        "description": "Agreement analysis between 'complex tree' and 'original correctness'."
    },
    "vanilla": {
        "agreement_count": "65",
        "agreement_percentage": 62.5,
        "mcc": 0.2557885789770806,
        "accuracy": 0.625,
        "precision": 0.6031746031746031,
        "recall": 0.7307692307692307,
        "f1_score": 0.6608695652173913,
        "balanced_accuracy": 0.625,
        "description": "Agreement analysis between 'vanilla' and 'original correctness'."
    },
    "vanilla_no_cot": {
        "agreement_count": "53",
        "agreement_percentage": 50.96153846153846,
        "mcc": 0.02034892318891199,
        "accuracy": 0.5096153846153846,
        "precision": 0.5142857142857142,
        "recall": 0.34615384615384615,
        "f1_score": 0.41379310344827586,
        "balanced_accuracy": 0.5096153846153846,
        "description": "Agreement analysis between 'vanilla_no_cot' and 'original correctness'."
    },
    "summary": {
        "agreement_count": "67",
        "agreement_percentage": 64.42307692307693,
        "mcc": 0.2885148930423076,
        "accuracy": 0.6442307692307693,
        "precision": 0.6415094339622641,
        "recall": 0.6538461538461539,
        "f1_score": 0.6476190476190475,
        "balanced_accuracy": 0.6442307692307692,
        "description": "Agreement analysis between 'summary' and 'original correctness'."
    },
    "simple verify": {
        "agreement_count": "63",
        "agreement_percentage": 60.57692307692307,
        "mcc": 0.21189138534559035,
        "accuracy": 0.6057692307692307,
        "precision": 0.6122448979591837,
        "recall": 0.5769230769230769,
        "f1_score": 0.594059405940594,
        "balanced_accuracy": 0.6057692307692307,
        "description": "Agreement analysis between 'simple verify' and 'original correctness'."
    },
    "complex verify": {
        "agreement_count": "63",
        "agreement_percentage": 60.57692307692307,
        "mcc": 0.21157758823102557,
        "accuracy": 0.6057692307692307,
        "precision": 0.6037735849056604,
        "recall": 0.6153846153846154,
        "f1_score": 0.6095238095238096,
        "balanced_accuracy": 0.6057692307692308,
        "description": "Agreement analysis between 'complex verify' and 'original correctness'."
    },
    "summary verify": {
        "agreement_count": "64",
        "agreement_percentage": 61.53846153846154,
        "mcc": 0.23145502494313788,
        "accuracy": 0.6153846153846154,
        "precision": 0.625,
        "recall": 0.5769230769230769,
        "f1_score": 0.6,
        "balanced_accuracy": 0.6153846153846154,
        "description": "Agreement analysis between 'summary verify' and 'original correctness'."
    },
    "simple verify fsl": {
        "agreement_count": "58",
        "agreement_percentage": 55.769230769230774,
        "mcc": 0.125,
        "accuracy": 0.5576923076923077,
        "precision": 0.59375,
        "recall": 0.36538461538461536,
        "f1_score": 0.45238095238095233,
        "balanced_accuracy": 0.5576923076923077,
        "description": "Agreement analysis between 'simple verify fsl' and 'original correctness'."
    },
    "complex verify fsl": {
        "agreement_count": "65",
        "agreement_percentage": 62.5,
        "mcc": 0.27874925905782666,
        "accuracy": 0.625,
        "precision": 0.7241379310344828,
        "recall": 0.40384615384615385,
        "f1_score": 0.5185185185185185,
        "balanced_accuracy": 0.625,
        "description": "Agreement analysis between 'complex verify fsl' and 'original correctness'."
    },
    "summary verify fsl": {
        "agreement_count": "57",
        "agreement_percentage": 54.807692307692314,
        "mcc": 0.1072112534837795,
        "accuracy": 0.5480769230769231,
        "precision": 0.5862068965517241,
        "recall": 0.3269230769230769,
        "f1_score": 0.41975308641975306,
        "balanced_accuracy": 0.5480769230769231,
        "description": "Agreement analysis between 'summary verify fsl' and 'original correctness'."
    }
}