{
    "total_valid_rows": {
        "value": 90,
        "description": "Total number of valid rows after preprocessing and removing invalid entries."
    },
    "summary fsl": {
        "agreement_count": "49",
        "agreement_percentage": 54.44444444444444,
        "mcc": 0.11331853993401471,
        "accuracy": 0.5444444444444444,
        "precision": 1.0,
        "recall": 0.023809523809523808,
        "f1_score": 0.046511627906976744,
        "balanced_accuracy": 0.5119047619047619,
        "description": "Agreement analysis between 'summary fsl' and 'original correctness'."
    },
    "naive correctness fsl": {
        "agreement_count": "54",
        "agreement_percentage": 60.0,
        "mcc": 0.2556525605334652,
        "accuracy": 0.6,
        "precision": 0.875,
        "recall": 0.16666666666666666,
        "f1_score": 0.27999999999999997,
        "balanced_accuracy": 0.5729166666666666,
        "description": "Agreement analysis between 'naive correctness fsl' and 'original correctness'."
    },
    "simple tree": {
        "agreement_count": "62",
        "agreement_percentage": 68.88888888888889,
        "mcc": 0.377228462364145,
        "accuracy": 0.6888888888888889,
        "precision": 0.6590909090909091,
        "recall": 0.6904761904761905,
        "f1_score": 0.6744186046511628,
        "balanced_accuracy": 0.6889880952380952,
        "description": "Agreement analysis between 'simple tree' and 'original correctness'."
    },
    "complex tree": {
        "agreement_count": "56",
        "agreement_percentage": 62.22222222222222,
        "mcc": 0.24107142857142858,
        "accuracy": 0.6222222222222222,
        "precision": 0.5952380952380952,
        "recall": 0.5952380952380952,
        "f1_score": 0.5952380952380952,
        "balanced_accuracy": 0.6205357142857143,
        "description": "Agreement analysis between 'complex tree' and 'original correctness'."
    },
    "summary": {
        "agreement_count": "58",
        "agreement_percentage": 64.44444444444444,
        "mcc": 0.28811937676631544,
        "accuracy": 0.6444444444444445,
        "precision": 0.6136363636363636,
        "recall": 0.6428571428571429,
        "f1_score": 0.6279069767441862,
        "balanced_accuracy": 0.6443452380952381,
        "description": "Agreement analysis between 'summary' and 'original correctness'."
    },
    "simple verify": {
        "agreement_count": "58",
        "agreement_percentage": 64.44444444444444,
        "mcc": 0.2857142857142857,
        "accuracy": 0.6444444444444445,
        "precision": 0.6190476190476191,
        "recall": 0.6190476190476191,
        "f1_score": 0.6190476190476191,
        "balanced_accuracy": 0.6428571428571428,
        "description": "Agreement analysis between 'simple verify' and 'original correctness'."
    },
    "complex verify": {
        "agreement_count": "59",
        "agreement_percentage": 65.55555555555556,
        "mcc": 0.3070812097369902,
        "accuracy": 0.6555555555555556,
        "precision": 0.6341463414634146,
        "recall": 0.6190476190476191,
        "f1_score": 0.6265060240963854,
        "balanced_accuracy": 0.6532738095238095,
        "description": "Agreement analysis between 'complex verify' and 'original correctness'."
    },
    "summary verify": {
        "agreement_count": "59",
        "agreement_percentage": 65.55555555555556,
        "mcc": 0.3070812097369902,
        "accuracy": 0.6555555555555556,
        "precision": 0.6341463414634146,
        "recall": 0.6190476190476191,
        "f1_score": 0.6265060240963854,
        "balanced_accuracy": 0.6532738095238095,
        "description": "Agreement analysis between 'summary verify' and 'original correctness'."
    },
    "simple verify fsl": {
        "agreement_count": "53",
        "agreement_percentage": 58.88888888888889,
        "mcc": 0.16850509274845388,
        "accuracy": 0.5888888888888889,
        "precision": 0.6190476190476191,
        "recall": 0.30952380952380953,
        "f1_score": 0.41269841269841273,
        "balanced_accuracy": 0.5714285714285714,
        "description": "Agreement analysis between 'simple verify fsl' and 'original correctness'."
    },
    "complex verify fsl": {
        "agreement_count": "51",
        "agreement_percentage": 56.666666666666664,
        "mcc": 0.11574002828974986,
        "accuracy": 0.5666666666666667,
        "precision": 0.5652173913043478,
        "recall": 0.30952380952380953,
        "f1_score": 0.39999999999999997,
        "balanced_accuracy": 0.5505952380952381,
        "description": "Agreement analysis between 'complex verify fsl' and 'original correctness'."
    },
    "summary verify fsl": {
        "agreement_count": "51",
        "agreement_percentage": 56.666666666666664,
        "mcc": 0.11574002828974986,
        "accuracy": 0.5666666666666667,
        "precision": 0.5652173913043478,
        "recall": 0.30952380952380953,
        "f1_score": 0.39999999999999997,
        "balanced_accuracy": 0.5505952380952381,
        "description": "Agreement analysis between 'summary verify fsl' and 'original correctness'."
    }
}