{
    "total_valid_rows": {
        "value": 1782,
        "description": "Total number of valid rows after preprocessing and removing invalid entries."
    },
    "vanilla": {
        "agreement_count": "979",
        "agreement_percentage": 54.93827160493827,
        "mcc": 0.10239557619542473,
        "accuracy": 0.5493827160493827,
        "precision": 0.5388086642599278,
        "recall": 0.671541057367829,
        "f1_score": 0.5978968452679018,
        "balanced_accuracy": 0.5496563069593904,
        "description": "Agreement analysis between 'vanilla' and 'original correctness'."
    }
}