{
    "total_valid_rows": {
        "value": 149,
        "description": "Total number of valid rows after preprocessing and removing invalid entries."
    },
    "Function summary": {
        "agreement_count": "103",
        "agreement_percentage": 69.12751677852349,
        "mcc": 0.286296796302366,
        "accuracy": 0.6912751677852349,
        "precision": 0.4897959183673469,
        "recall": 0.5333333333333333,
        "f1_score": 0.5106382978723404,
        "balanced_accuracy": 0.6464743589743589,
        "description": "Agreement analysis between 'Correctness' and 'original correctness'."
    },
    "Naive": {
        "agreement_count": "112",
        "agreement_percentage": 75.16778523489933,
        "mcc": 0.35711243172553553,
        "accuracy": 0.7516778523489933,
        "precision": 0.6428571428571429,
        "recall": 0.4,
        "f1_score": 0.4931506849315069,
        "balanced_accuracy": 0.6519230769230769,
        "description": "Agreement analysis between 'naive correctness' and 'original correctness'."
    },
    "Complex tree": {
        "agreement_count": "100",
        "agreement_percentage": 67.11409395973155,
        "mcc": 0.2642945205805515,
        "accuracy": 0.6711409395973155,
        "precision": 0.46296296296296297,
        "recall": 0.5555555555555556,
        "f1_score": 0.505050505050505,
        "balanced_accuracy": 0.6383547008547008,
        "description": "Agreement analysis between 'annotated correctness' and 'original correctness'."
    },
    "Simple tree": {
        "agreement_count": "97",
        "agreement_percentage": 65.1006711409396,
        "mcc": 0.34356072563760676,
        "accuracy": 0.6510067114093959,
        "precision": 0.45454545454545453,
        "recall": 0.7777777777777778,
        "f1_score": 0.5737704918032788,
        "balanced_accuracy": 0.686965811965812,
        "description": "Agreement analysis between 'annotated correctness simple' and 'original correctness'."
    },
    "Naive No FSL": {
        "agreement_count": "111",
        "agreement_percentage": 74.49664429530202,
        "mcc": 0.3258435502162004,
        "accuracy": 0.7449664429530202,
        "precision": 0.6521739130434783,
        "recall": 0.3333333333333333,
        "f1_score": 0.44117647058823534,
        "balanced_accuracy": 0.6282051282051282,
        "description": "Agreement analysis between 'naive no fsl correctness' and 'original correctness'."
    },
    "naive_correctness_vs_correctness_diff": {
        "description": "Analysis of cases where 'naive correctness' and 'Correctness' differ.",
        "count": 41,
        "original_agreement_count": "25",
        "original_agreement_percentage": 60.97560975609756
    },
    "naive_correctness_vs_correctness_same": {
        "description": "Analysis of cases where 'naive correctness' and 'Correctness' are the same.",
        "count": 108,
        "original_agreement_count": "87",
        "original_disagreement_count": "21"
    }
}