{
    "total_valid_rows": {
        "value": 53,
        "description": "Total number of valid rows after preprocessing and removing invalid entries."
    },
    "Function summary": {
        "agreement_count": "29",
        "agreement_percentage": 54.71698113207547,
        "mcc": 0.10028694463571923,
        "accuracy": 0.5471698113207547,
        "precision": 0.5172413793103449,
        "recall": 0.6,
        "f1_score": 0.5555555555555556,
        "balanced_accuracy": 0.55,
        "description": "Agreement analysis between 'Correctness' and 'original correctness'."
    },
    "Naive": {
        "agreement_count": "32",
        "agreement_percentage": 60.37735849056604,
        "mcc": 0.2000865613544099,
        "accuracy": 0.6037735849056604,
        "precision": 0.6,
        "recall": 0.48,
        "f1_score": 0.5333333333333332,
        "balanced_accuracy": 0.5971428571428572,
        "description": "Agreement analysis between 'naive correctness' and 'original correctness'."
    },
    "Complex tree": {
        "agreement_count": "31",
        "agreement_percentage": 58.490566037735846,
        "mcc": 0.19877173863915526,
        "accuracy": 0.5849056603773585,
        "precision": 0.5428571428571428,
        "recall": 0.76,
        "f1_score": 0.6333333333333332,
        "balanced_accuracy": 0.5942857142857143,
        "description": "Agreement analysis between 'annotated correctness' and 'original correctness'."
    },
    "Simple tree": {
        "agreement_count": "29",
        "agreement_percentage": 54.71698113207547,
        "mcc": 0.1658662952711513,
        "accuracy": 0.5471698113207547,
        "precision": 0.5116279069767442,
        "recall": 0.88,
        "f1_score": 0.6470588235294118,
        "balanced_accuracy": 0.565,
        "description": "Agreement analysis between 'annotated correctness simple' and 'original correctness'."
    },
    "Naive No FSL": {
        "agreement_count": "30",
        "agreement_percentage": 56.60377358490566,
        "mcc": 0.11969785789528584,
        "accuracy": 0.5660377358490566,
        "precision": 0.5714285714285714,
        "recall": 0.32,
        "f1_score": 0.41025641025641024,
        "balanced_accuracy": 0.5528571428571428,
        "description": "Agreement analysis between 'naive no fsl correctness' and 'original correctness'."
    },
    "naive_correctness_vs_correctness_diff": {
        "description": "Analysis of cases where 'naive correctness' and 'Correctness' differ.",
        "count": 21,
        "original_agreement_count": "12",
        "original_agreement_percentage": 57.14285714285714
    },
    "naive_correctness_vs_correctness_same": {
        "description": "Analysis of cases where 'naive correctness' and 'Correctness' are the same.",
        "count": 32,
        "original_agreement_count": "20",
        "original_disagreement_count": "12"
    }
}