{
    "total_valid_rows": {
        "value": 291,
        "description": "Total number of valid rows after preprocessing and removing invalid entries."
    },
    "summary fsl": {
        "agreement_count": "172",
        "agreement_percentage": 59.106529209621996,
        "mcc": 0.22194167567294876,
        "accuracy": 0.5910652920962199,
        "precision": 0.8571428571428571,
        "recall": 0.13432835820895522,
        "f1_score": 0.23225806451612901,
        "balanced_accuracy": 0.557610038977089,
        "description": "Agreement analysis between 'summary fsl' and 'original correctness'."
    },
    "naive correctness fsl": {
        "agreement_count": "177",
        "agreement_percentage": 60.824742268041234,
        "mcc": 0.2596642952961716,
        "accuracy": 0.6082474226804123,
        "precision": 0.8571428571428571,
        "recall": 0.1791044776119403,
        "f1_score": 0.2962962962962963,
        "balanced_accuracy": 0.5768133853027855,
        "description": "Agreement analysis between 'naive correctness fsl' and 'original correctness'."
    },
    "simple tree": {
        "agreement_count": "188",
        "agreement_percentage": 64.60481099656357,
        "mcc": 0.28653794834374174,
        "accuracy": 0.6460481099656358,
        "precision": 0.6183206106870229,
        "recall": 0.6044776119402985,
        "f1_score": 0.6113207547169811,
        "balanced_accuracy": 0.6430031371803403,
        "description": "Agreement analysis between 'simple tree' and 'original correctness'."
    },
    "complex tree": {
        "agreement_count": "186",
        "agreement_percentage": 63.91752577319587,
        "mcc": 0.27075401334756205,
        "accuracy": 0.6391752577319587,
        "precision": 0.616,
        "recall": 0.5746268656716418,
        "f1_score": 0.5945945945945945,
        "balanced_accuracy": 0.6344471907976044,
        "description": "Agreement analysis between 'complex tree' and 'original correctness'."
    },
    "vanilla": {
        "agreement_count": "176",
        "agreement_percentage": 60.48109965635739,
        "mcc": 0.21110842690143533,
        "accuracy": 0.6048109965635738,
        "precision": 0.564625850340136,
        "recall": 0.6194029850746269,
        "f1_score": 0.5907473309608542,
        "balanced_accuracy": 0.605879836486358,
        "description": "Agreement analysis between 'vanilla' and 'original correctness'."
    },
    "vanilla_no_cot": {
        "agreement_count": "181",
        "agreement_percentage": 62.19931271477663,
        "mcc": 0.23818695447738478,
        "accuracy": 0.6219931271477663,
        "precision": 0.6714285714285714,
        "recall": 0.35074626865671643,
        "f1_score": 0.4607843137254903,
        "balanced_accuracy": 0.6021247266850461,
        "description": "Agreement analysis between 'vanilla_no_cot' and 'original correctness'."
    },
    "summary": {
        "agreement_count": "180",
        "agreement_percentage": 61.855670103092784,
        "mcc": 0.22897069115339172,
        "accuracy": 0.6185567010309279,
        "precision": 0.592,
        "recall": 0.5522388059701493,
        "f1_score": 0.5714285714285714,
        "balanced_accuracy": 0.6136990208194695,
        "description": "Agreement analysis between 'summary' and 'original correctness'."
    },
    "simple verify": {
        "agreement_count": "182",
        "agreement_percentage": 62.54295532646048,
        "mcc": 0.24354197366792807,
        "accuracy": 0.6254295532646048,
        "precision": 0.5984251968503937,
        "recall": 0.5671641791044776,
        "f1_score": 0.582375478927203,
        "balanced_accuracy": 0.6211617073866337,
        "description": "Agreement analysis between 'simple verify' and 'original correctness'."
    },
    "complex verify": {
        "agreement_count": "183",
        "agreement_percentage": 62.88659793814433,
        "mcc": 0.252272581341793,
        "accuracy": 0.6288659793814433,
        "precision": 0.5984848484848485,
        "recall": 0.5895522388059702,
        "f1_score": 0.5939849624060152,
        "balanced_accuracy": 0.6259863104857877,
        "description": "Agreement analysis between 'complex verify' and 'original correctness'."
    },
    "summary verify": {
        "agreement_count": "185",
        "agreement_percentage": 63.57388316151202,
        "mcc": 0.2629766858494393,
        "accuracy": 0.6357388316151202,
        "precision": 0.6147540983606558,
        "recall": 0.5597014925373134,
        "f1_score": 0.5859375,
        "balanced_accuracy": 0.6301692176062363,
        "description": "Agreement analysis between 'summary verify' and 'original correctness'."
    },
    "simple verify fsl": {
        "agreement_count": "194",
        "agreement_percentage": 66.66666666666666,
        "mcc": 0.3383313543454206,
        "accuracy": 0.6666666666666666,
        "precision": 0.7466666666666667,
        "recall": 0.417910447761194,
        "f1_score": 0.5358851674641149,
        "balanced_accuracy": 0.6484456697404697,
        "description": "Agreement analysis between 'simple verify fsl' and 'original correctness'."
    },
    "complex verify fsl": {
        "agreement_count": "187",
        "agreement_percentage": 64.26116838487972,
        "mcc": 0.28045071083158696,
        "accuracy": 0.6426116838487973,
        "precision": 0.6875,
        "recall": 0.41044776119402987,
        "f1_score": 0.5140186915887851,
        "balanced_accuracy": 0.6256060462021105,
        "description": "Agreement analysis between 'complex verify fsl' and 'original correctness'."
    },
    "summary verify fsl": {
        "agreement_count": "180",
        "agreement_percentage": 61.855670103092784,
        "mcc": 0.22729568147158544,
        "accuracy": 0.6185567010309279,
        "precision": 0.6493506493506493,
        "recall": 0.373134328358209,
        "f1_score": 0.4739336492890996,
        "balanced_accuracy": 0.6005799030326077,
        "description": "Agreement analysis between 'summary verify fsl' and 'original correctness'."
    }
}