{
    "total_valid_rows": {
        "value": 60,
        "description": "Total number of valid rows after preprocessing and removing invalid entries."
    },
    "summary fsl": {
        "agreement_count": "30",
        "agreement_percentage": 50.0,
        "mcc": 0,
        "accuracy": 0.5,
        "precision": 0,
        "recall": 0.0,
        "f1_score": 0,
        "balanced_accuracy": 0.5,
        "description": "Agreement analysis between 'summary fsl' and 'original correctness'."
    },
    "naive correctness fsl": {
        "agreement_count": "28",
        "agreement_percentage": 46.666666666666664,
        "mcc": -0.18569533817705186,
        "accuracy": 0.4666666666666667,
        "precision": 0.0,
        "recall": 0.0,
        "f1_score": 0,
        "balanced_accuracy": 0.4666666666666667,
        "description": "Agreement analysis between 'naive correctness fsl' and 'original correctness'."
    },
    "simple tree": {
        "agreement_count": "42",
        "agreement_percentage": 70.0,
        "mcc": 0.4364357804719848,
        "accuracy": 0.7,
        "precision": 0.6428571428571429,
        "recall": 0.9,
        "f1_score": 0.75,
        "balanced_accuracy": 0.7,
        "description": "Agreement analysis between 'simple tree' and 'original correctness'."
    },
    "complex tree": {
        "agreement_count": "40",
        "agreement_percentage": 66.66666666666666,
        "mcc": 0.363696483726654,
        "accuracy": 0.6666666666666666,
        "precision": 0.6190476190476191,
        "recall": 0.8666666666666667,
        "f1_score": 0.7222222222222222,
        "balanced_accuracy": 0.6666666666666667,
        "description": "Agreement analysis between 'complex tree' and 'original correctness'."
    },
    "vanilla": {
        "agreement_count": "39",
        "agreement_percentage": 65.0,
        "mcc": 0.3876574430285532,
        "accuracy": 0.65,
        "precision": 0.5918367346938775,
        "recall": 0.9666666666666667,
        "f1_score": 0.7341772151898733,
        "balanced_accuracy": 0.65,
        "description": "Agreement analysis between 'vanilla' and 'original correctness'."
    },
    "vanilla_no_cot": {
        "agreement_count": "25",
        "agreement_percentage": 41.66666666666667,
        "mcc": -0.1667593364912675,
        "accuracy": 0.4166666666666667,
        "precision": 0.41935483870967744,
        "recall": 0.43333333333333335,
        "f1_score": 0.4262295081967213,
        "balanced_accuracy": 0.4166666666666667,
        "description": "Agreement analysis between 'vanilla_no_cot' and 'original correctness'."
    },
    "summary": {
        "agreement_count": "35",
        "agreement_percentage": 58.333333333333336,
        "mcc": 0.17471413945365305,
        "accuracy": 0.5833333333333334,
        "precision": 0.5641025641025641,
        "recall": 0.7333333333333333,
        "f1_score": 0.6376811594202899,
        "balanced_accuracy": 0.5833333333333333,
        "description": "Agreement analysis between 'summary' and 'original correctness'."
    },
    "simple verify": {
        "agreement_count": "29",
        "agreement_percentage": 48.333333333333336,
        "mcc": -0.033806170189140665,
        "accuracy": 0.48333333333333334,
        "precision": 0.4857142857142857,
        "recall": 0.5666666666666667,
        "f1_score": 0.523076923076923,
        "balanced_accuracy": 0.48333333333333334,
        "description": "Agreement analysis between 'simple verify' and 'original correctness'."
    },
    "complex verify": {
        "agreement_count": "30",
        "agreement_percentage": 50.0,
        "mcc": 0.0,
        "accuracy": 0.5,
        "precision": 0.5,
        "recall": 0.6333333333333333,
        "f1_score": 0.5588235294117647,
        "balanced_accuracy": 0.5,
        "description": "Agreement analysis between 'complex verify' and 'original correctness'."
    },
    "summary verify": {
        "agreement_count": "26",
        "agreement_percentage": 43.333333333333336,
        "mcc": -0.1336306209562122,
        "accuracy": 0.43333333333333335,
        "precision": 0.42857142857142855,
        "recall": 0.4,
        "f1_score": 0.4137931034482759,
        "balanced_accuracy": 0.43333333333333335,
        "description": "Agreement analysis between 'summary verify' and 'original correctness'."
    },
    "simple verify fsl": {
        "agreement_count": "28",
        "agreement_percentage": 46.666666666666664,
        "mcc": -0.07273929674533079,
        "accuracy": 0.4666666666666667,
        "precision": 0.4444444444444444,
        "recall": 0.26666666666666666,
        "f1_score": 0.33333333333333337,
        "balanced_accuracy": 0.4666666666666667,
        "description": "Agreement analysis between 'simple verify fsl' and 'original correctness'."
    },
    "complex verify fsl": {
        "agreement_count": "24",
        "agreement_percentage": 40.0,
        "mcc": -0.21213203435596426,
        "accuracy": 0.4,
        "precision": 0.35,
        "recall": 0.23333333333333334,
        "f1_score": 0.28,
        "balanced_accuracy": 0.4,
        "description": "Agreement analysis between 'complex verify fsl' and 'original correctness'."
    },
    "summary verify fsl": {
        "agreement_count": "26",
        "agreement_percentage": 43.333333333333336,
        "mcc": -0.15762208124782015,
        "accuracy": 0.43333333333333335,
        "precision": 0.35714285714285715,
        "recall": 0.16666666666666666,
        "f1_score": 0.22727272727272724,
        "balanced_accuracy": 0.4333333333333333,
        "description": "Agreement analysis between 'summary verify fsl' and 'original correctness'."
    }
}