{
    "total_valid_rows": {
        "value": 259,
        "description": "Total number of valid rows after preprocessing and removing invalid entries."
    },
    "summary fsl": {
        "agreement_count": "140",
        "agreement_percentage": 54.054054054054056,
        "mcc": 0.17047652274303116,
        "accuracy": 0.5405405405405406,
        "precision": 0.8235294117647058,
        "recall": 0.1076923076923077,
        "f1_score": 0.1904761904761905,
        "balanced_accuracy": 0.5422182468694097,
        "description": "Agreement analysis between 'summary fsl' and 'original correctness'."
    },
    "naive correctness fsl": {
        "agreement_count": "138",
        "agreement_percentage": 53.28185328185329,
        "mcc": 0.11239838555806514,
        "accuracy": 0.5328185328185329,
        "precision": 0.6666666666666666,
        "recall": 0.13846153846153847,
        "f1_score": 0.22929936305732485,
        "balanced_accuracy": 0.5343470483005367,
        "description": "Agreement analysis between 'naive correctness fsl' and 'original correctness'."
    },
    "simple tree": {
        "agreement_count": "170",
        "agreement_percentage": 65.63706563706563,
        "mcc": 0.3127199003711817,
        "accuracy": 0.6563706563706564,
        "precision": 0.6564885496183206,
        "recall": 0.6615384615384615,
        "f1_score": 0.6590038314176245,
        "balanced_accuracy": 0.656350626118068,
        "description": "Agreement analysis between 'simple tree' and 'original correctness'."
    },
    "complex tree": {
        "agreement_count": "163",
        "agreement_percentage": 62.93436293436293,
        "mcc": 0.25875126767935874,
        "accuracy": 0.6293436293436293,
        "precision": 0.6328125,
        "recall": 0.6230769230769231,
        "f1_score": 0.627906976744186,
        "balanced_accuracy": 0.6293679189028026,
        "description": "Agreement analysis between 'complex tree' and 'original correctness'."
    },
    "summary": {
        "agreement_count": "158",
        "agreement_percentage": 61.003861003861005,
        "mcc": 0.22080844690440635,
        "accuracy": 0.61003861003861,
        "precision": 0.6198347107438017,
        "recall": 0.5769230769230769,
        "f1_score": 0.597609561752988,
        "balanced_accuracy": 0.6101669648181276,
        "description": "Agreement analysis between 'summary' and 'original correctness'."
    },
    "simple verify": {
        "agreement_count": "149",
        "agreement_percentage": 57.52895752895753,
        "mcc": 0.15250089782660028,
        "accuracy": 0.5752895752895753,
        "precision": 0.5892857142857143,
        "recall": 0.5076923076923077,
        "f1_score": 0.5454545454545454,
        "balanced_accuracy": 0.575551580202743,
        "description": "Agreement analysis between 'simple verify' and 'original correctness'."
    },
    "complex verify": {
        "agreement_count": "153",
        "agreement_percentage": 59.07335907335908,
        "mcc": 0.18253255508471586,
        "accuracy": 0.5907335907335908,
        "precision": 0.6016949152542372,
        "recall": 0.5461538461538461,
        "f1_score": 0.5725806451612901,
        "balanced_accuracy": 0.5909063804412642,
        "description": "Agreement analysis between 'complex verify' and 'original correctness'."
    },
    "summary verify": {
        "agreement_count": "136",
        "agreement_percentage": 52.509652509652504,
        "mcc": 0.05232605616195685,
        "accuracy": 0.525096525096525,
        "precision": 0.5346534653465347,
        "recall": 0.4153846153846154,
        "f1_score": 0.4675324675324675,
        "balanced_accuracy": 0.5255217650566488,
        "description": "Agreement analysis between 'summary verify' and 'original correctness'."
    },
    "simple verify fsl": {
        "agreement_count": "148",
        "agreement_percentage": 57.14285714285714,
        "mcc": 0.16696467937075934,
        "accuracy": 0.5714285714285714,
        "precision": 0.6461538461538462,
        "recall": 0.3230769230769231,
        "f1_score": 0.4307692307692308,
        "balanced_accuracy": 0.5723911747167562,
        "description": "Agreement analysis between 'simple verify fsl' and 'original correctness'."
    },
    "complex verify fsl": {
        "agreement_count": "147",
        "agreement_percentage": 56.75675675675676,
        "mcc": 0.15414357610622537,
        "accuracy": 0.5675675675675675,
        "precision": 0.6285714285714286,
        "recall": 0.3384615384615385,
        "f1_score": 0.44,
        "balanced_accuracy": 0.5684555754323196,
        "description": "Agreement analysis between 'complex verify fsl' and 'original correctness'."
    },
    "summary verify fsl": {
        "agreement_count": "148",
        "agreement_percentage": 57.14285714285714,
        "mcc": 0.17074273338010268,
        "accuracy": 0.5714285714285714,
        "precision": 0.6557377049180327,
        "recall": 0.3076923076923077,
        "f1_score": 0.418848167539267,
        "balanced_accuracy": 0.5724508050089445,
        "description": "Agreement analysis between 'summary verify fsl' and 'original correctness'."
    }
}