{
    "total_valid_rows": {
        "value": 407,
        "description": "Total number of valid rows after preprocessing and removing invalid entries."
    },
    "Function summary": {
        "agreement_count": "201",
        "agreement_percentage": 49.385749385749385,
        "mcc": 0.05672552130262945,
        "accuracy": 0.49385749385749383,
        "precision": 0.6296296296296297,
        "recall": 0.07981220657276995,
        "f1_score": 0.14166666666666666,
        "balanced_accuracy": 0.5141329074100963,
        "description": "Agreement analysis between 'Correctness' and 'original correctness'."
    },
    "Naive": {
        "agreement_count": "205",
        "agreement_percentage": 50.368550368550366,
        "mcc": 0.08217254492529032,
        "accuracy": 0.5036855036855037,
        "precision": 0.6571428571428571,
        "recall": 0.107981220657277,
        "f1_score": 0.18548387096774194,
        "balanced_accuracy": 0.5230627752770921,
        "description": "Agreement analysis between 'naive correctness' and 'original correctness'."
    },
    "Complex tree": {
        "agreement_count": "223",
        "agreement_percentage": 54.791154791154796,
        "mcc": 0.11024245959629743,
        "accuracy": 0.547911547911548,
        "precision": 0.5935483870967742,
        "recall": 0.431924882629108,
        "f1_score": 0.5,
        "balanced_accuracy": 0.5535913072939355,
        "description": "Agreement analysis between 'annotated correctness' and 'original correctness'."
    },
    "Simple tree": {
        "agreement_count": "228",
        "agreement_percentage": 56.01965601965602,
        "mcc": 0.15575174031350267,
        "accuracy": 0.5601965601965602,
        "precision": 0.646551724137931,
        "recall": 0.352112676056338,
        "f1_score": 0.45592705167173253,
        "balanced_accuracy": 0.5703862349353854,
        "description": "Agreement analysis between 'annotated correctness simple' and 'original correctness'."
    },
    "Naive No FSL": {
        "agreement_count": "203",
        "agreement_percentage": 49.877149877149876,
        "mcc": 0.04769444973127022,
        "accuracy": 0.4987714987714988,
        "precision": 0.5849056603773585,
        "recall": 0.14553990610328638,
        "f1_score": 0.23308270676691725,
        "balanced_accuracy": 0.5160689221238082,
        "description": "Agreement analysis between 'naive no fsl correctness' and 'original correctness'."
    },
    "Function summary no FSL": {
        "agreement_count": "196",
        "agreement_percentage": 48.157248157248155,
        "mcc": 0.012133849021511465,
        "accuracy": 0.48157248157248156,
        "precision": 0.55,
        "recall": 0.051643192488262914,
        "f1_score": 0.0944206008583691,
        "balanced_accuracy": 0.5026257199554717,
        "description": "Agreement analysis between 'Correctness no fsl' and 'original correctness'."
    },
    "Simple verify": {
        "agreement_count": "208",
        "agreement_percentage": 51.105651105651106,
        "mcc": 0.09207762737005419,
        "accuracy": 0.5110565110565111,
        "precision": 0.6521739130434783,
        "recall": 0.14084507042253522,
        "f1_score": 0.23166023166023167,
        "balanced_accuracy": 0.5291854218092057,
        "description": "Agreement analysis between 'simple verify' and 'original correctness'."
    },
    "Complex verify": {
        "agreement_count": "209",
        "agreement_percentage": 51.35135135135135,
        "mcc": 0.11013158611593288,
        "accuracy": 0.5135135135135135,
        "precision": 0.6923076923076923,
        "recall": 0.1267605633802817,
        "f1_score": 0.21428571428571425,
        "balanced_accuracy": 0.5324524466385945,
        "description": "Agreement analysis between 'complex verify' and 'original correctness'."
    },
    "Default verify": {
        "agreement_count": "213",
        "agreement_percentage": 52.33415233415234,
        "mcc": 0.13597197402763925,
        "accuracy": 0.5233415233415234,
        "precision": 0.7209302325581395,
        "recall": 0.14553990610328638,
        "f1_score": 0.2421875,
        "balanced_accuracy": 0.5418421180000967,
        "description": "Agreement analysis between 'default verify' and 'original correctness'."
    },
    "Simple verify no FSL": {
        "agreement_count": "209",
        "agreement_percentage": 51.35135135135135,
        "mcc": 0.07874616334968841,
        "accuracy": 0.5135135135135135,
        "precision": 0.6119402985074627,
        "recall": 0.19248826291079812,
        "f1_score": 0.29285714285714287,
        "balanced_accuracy": 0.5292338221770485,
        "description": "Agreement analysis between 'simple verify no fsl' and 'original correctness'."
    },
    "Complex verify no FSL": {
        "agreement_count": "207",
        "agreement_percentage": 50.859950859950864,
        "mcc": 0.06548056381188908,
        "accuracy": 0.5085995085995086,
        "precision": 0.5970149253731343,
        "recall": 0.18779342723004694,
        "f1_score": 0.2857142857142857,
        "balanced_accuracy": 0.5243090847490441,
        "description": "Agreement analysis between 'complex verify no fsl' and 'original correctness'."
    },
    "Default verify no FSL": {
        "agreement_count": "208",
        "agreement_percentage": 51.105651105651106,
        "mcc": 0.07945708849937685,
        "accuracy": 0.5110565110565111,
        "precision": 0.6206896551724138,
        "recall": 0.16901408450704225,
        "f1_score": 0.2656826568265683,
        "balanced_accuracy": 0.527806011325686,
        "description": "Agreement analysis between 'default verify no fsl' and 'original correctness'."
    },
    "naive_correctness_vs_correctness_diff": {
        "description": "Analysis of cases where 'naive correctness' and 'Correctness' differ.",
        "count": 40,
        "original_agreement_count": "22",
        "original_agreement_percentage": 55.00000000000001
    },
    "naive_correctness_vs_correctness_same": {
        "description": "Analysis of cases where 'naive correctness' and 'Correctness' are the same.",
        "count": 367,
        "original_agreement_count": "183",
        "original_disagreement_count": "184"
    }
}