{
    "total_valid_rows": {
        "value": 90,
        "description": "Total number of valid rows after preprocessing and removing invalid entries."
    },
    "vanilla": {
        "agreement_count": "57",
        "agreement_percentage": 63.33333333333333,
        "mcc": 0.24587427632638942,
        "accuracy": 0.6333333333333333,
        "precision": 0.6792452830188679,
        "recall": 0.6923076923076923,
        "f1_score": 0.6857142857142857,
        "balanced_accuracy": 0.6224696356275303,
        "description": "Agreement analysis between 'vanilla' and 'original correctness'."
    }
}