{
    "total_valid_rows": {
        "value": 29,
        "description": "Total number of valid rows after preprocessing and removing invalid entries."
    },
    "Function summary": {
        "agreement_count": "14",
        "agreement_percentage": 48.275862068965516,
        "mcc": -0.14668912021103073,
        "accuracy": 0.4827586206896552,
        "precision": 0.16666666666666666,
        "recall": 0.2857142857142857,
        "f1_score": 0.2105263157894737,
        "balanced_accuracy": 0.41558441558441556,
        "description": "Agreement analysis between 'Correctness' and 'original correctness'."
    },
    "Naive": {
        "agreement_count": "17",
        "agreement_percentage": 58.620689655172406,
        "mcc": 0.05726734439533746,
        "accuracy": 0.5862068965517241,
        "precision": 0.2727272727272727,
        "recall": 0.42857142857142855,
        "f1_score": 0.33333333333333326,
        "balanced_accuracy": 0.5324675324675324,
        "description": "Agreement analysis between 'naive correctness' and 'original correctness'."
    },
    "Complex tree": {
        "agreement_count": "17",
        "agreement_percentage": 58.620689655172406,
        "mcc": 0.13968442383364818,
        "accuracy": 0.5862068965517241,
        "precision": 0.3076923076923077,
        "recall": 0.5714285714285714,
        "f1_score": 0.4,
        "balanced_accuracy": 0.5811688311688312,
        "description": "Agreement analysis between 'annotated correctness' and 'original correctness'."
    },
    "Simple tree": {
        "agreement_count": "16",
        "agreement_percentage": 55.172413793103445,
        "mcc": 0.3783937343321348,
        "accuracy": 0.5517241379310345,
        "precision": 0.35,
        "recall": 1.0,
        "f1_score": 0.5185185185185185,
        "balanced_accuracy": 0.7045454545454546,
        "description": "Agreement analysis between 'annotated correctness simple' and 'original correctness'."
    },
    "Naive No FSL": {
        "agreement_count": "19",
        "agreement_percentage": 65.51724137931035,
        "mcc": -0.044136741475237475,
        "accuracy": 0.6551724137931034,
        "precision": 0.2,
        "recall": 0.14285714285714285,
        "f1_score": 0.16666666666666666,
        "balanced_accuracy": 0.48051948051948057,
        "description": "Agreement analysis between 'naive no fsl correctness' and 'original correctness'."
    },
    "Function summary no FSL": {
        "agreement_count": "20",
        "agreement_percentage": 68.96551724137932,
        "mcc": 0.10975392972191635,
        "accuracy": 0.6896551724137931,
        "precision": 0.3333333333333333,
        "recall": 0.2857142857142857,
        "f1_score": 0.30769230769230765,
        "balanced_accuracy": 0.551948051948052,
        "description": "Agreement analysis between 'Correctness no fsl' and 'original correctness'."
    },
    "Simple verify": {
        "agreement_count": "12",
        "agreement_percentage": 41.37931034482759,
        "mcc": -0.13968442383364818,
        "accuracy": 0.41379310344827586,
        "precision": 0.1875,
        "recall": 0.42857142857142855,
        "f1_score": 0.26086956521739124,
        "balanced_accuracy": 0.41883116883116883,
        "description": "Agreement analysis between 'simple verify' and 'original correctness'."
    },
    "Complex verify": {
        "agreement_count": "14",
        "agreement_percentage": 48.275862068965516,
        "mcc": 0.02234950781338371,
        "accuracy": 0.4827586206896552,
        "precision": 0.25,
        "recall": 0.5714285714285714,
        "f1_score": 0.34782608695652173,
        "balanced_accuracy": 0.512987012987013,
        "description": "Agreement analysis between 'complex verify' and 'original correctness'."
    },
    "Default verify": {
        "agreement_count": "12",
        "agreement_percentage": 41.37931034482759,
        "mcc": -0.05726734439533746,
        "accuracy": 0.41379310344827586,
        "precision": 0.2222222222222222,
        "recall": 0.5714285714285714,
        "f1_score": 0.32,
        "balanced_accuracy": 0.4675324675324675,
        "description": "Agreement analysis between 'default verify' and 'original correctness'."
    },
    "Simple verify no FSL": {
        "agreement_count": "13",
        "agreement_percentage": 44.827586206896555,
        "mcc": -0.2748832530976198,
        "accuracy": 0.4482758620689655,
        "precision": 0.09090909090909091,
        "recall": 0.14285714285714285,
        "f1_score": 0.1111111111111111,
        "balanced_accuracy": 0.3441558441558441,
        "description": "Agreement analysis between 'simple verify no fsl' and 'original correctness'."
    },
    "Complex verify no FSL": {
        "agreement_count": "15",
        "agreement_percentage": 51.724137931034484,
        "mcc": -0.10880795435114117,
        "accuracy": 0.5172413793103449,
        "precision": 0.18181818181818182,
        "recall": 0.2857142857142857,
        "f1_score": 0.2222222222222222,
        "balanced_accuracy": 0.4383116883116883,
        "description": "Agreement analysis between 'complex verify no fsl' and 'original correctness'."
    },
    "Default verify no FSL": {
        "agreement_count": "13",
        "agreement_percentage": 44.827586206896555,
        "mcc": -0.10009272139219581,
        "accuracy": 0.4482758620689655,
        "precision": 0.2,
        "recall": 0.42857142857142855,
        "f1_score": 0.27272727272727276,
        "balanced_accuracy": 0.44155844155844154,
        "description": "Agreement analysis between 'default verify no fsl' and 'original correctness'."
    },
    "naive_correctness_vs_correctness_diff": {
        "description": "Analysis of cases where 'naive correctness' and 'Correctness' differ.",
        "count": 15,
        "original_agreement_count": "9",
        "original_agreement_percentage": 60.0
    },
    "naive_correctness_vs_correctness_same": {
        "description": "Analysis of cases where 'naive correctness' and 'Correctness' are the same.",
        "count": 14,
        "original_agreement_count": "8",
        "original_disagreement_count": "6"
    }
}