{
    "total_valid_rows": {
        "value": 50,
        "description": "Total number of valid rows after preprocessing and removing invalid entries."
    },
    "Function summary": {
        "agreement_count": "28",
        "agreement_percentage": 56.00000000000001,
        "mcc": 0.023204427382203303,
        "accuracy": 0.56,
        "precision": 0.19047619047619047,
        "recall": 0.4444444444444444,
        "f1_score": 0.26666666666666666,
        "balanced_accuracy": 0.5149051490514904,
        "description": "Agreement analysis between 'Correctness' and 'original correctness'."
    },
    "Naive": {
        "agreement_count": "29",
        "agreement_percentage": 57.99999999999999,
        "mcc": 0.10906861654699444,
        "accuracy": 0.58,
        "precision": 0.22727272727272727,
        "recall": 0.5555555555555556,
        "f1_score": 0.3225806451612903,
        "balanced_accuracy": 0.570460704607046,
        "description": "Agreement analysis between 'naive correctness' and 'original correctness'."
    },
    "Complex tree": {
        "agreement_count": "28",
        "agreement_percentage": 56.00000000000001,
        "mcc": 0.15617376188860607,
        "accuracy": 0.56,
        "precision": 0.24,
        "recall": 0.6666666666666666,
        "f1_score": 0.3529411764705882,
        "balanced_accuracy": 0.6016260162601625,
        "description": "Agreement analysis between 'annotated correctness' and 'original correctness'."
    },
    "Simple tree": {
        "agreement_count": "26",
        "agreement_percentage": 52.0,
        "mcc": 0.11907370651229966,
        "accuracy": 0.52,
        "precision": 0.2222222222222222,
        "recall": 0.6666666666666666,
        "f1_score": 0.3333333333333333,
        "balanced_accuracy": 0.5772357723577235,
        "description": "Agreement analysis between 'annotated correctness simple' and 'original correctness'."
    },
    "Naive No FSL": {
        "agreement_count": "35",
        "agreement_percentage": 70.0,
        "mcc": 0.10238909066834444,
        "accuracy": 0.7,
        "precision": 0.25,
        "recall": 0.3333333333333333,
        "f1_score": 0.28571428571428575,
        "balanced_accuracy": 0.556910569105691,
        "description": "Agreement analysis between 'naive no fsl correctness' and 'original correctness'."
    },
    "Function summary no FSL": {
        "agreement_count": "37",
        "agreement_percentage": 74.0,
        "mcc": 0.22428086527351637,
        "accuracy": 0.74,
        "precision": 0.3333333333333333,
        "recall": 0.4444444444444444,
        "f1_score": 0.380952380952381,
        "balanced_accuracy": 0.6246612466124661,
        "description": "Agreement analysis between 'Correctness no fsl' and 'original correctness'."
    },
    "Simple verify": {
        "agreement_count": "24",
        "agreement_percentage": 48.0,
        "mcc": 0.15229565681260657,
        "accuracy": 0.48,
        "precision": 0.22580645161290322,
        "recall": 0.7777777777777778,
        "f1_score": 0.35000000000000003,
        "balanced_accuracy": 0.5962059620596206,
        "description": "Agreement analysis between 'simple verify' and 'original correctness'."
    },
    "Complex verify": {
        "agreement_count": "27",
        "agreement_percentage": 54.0,
        "mcc": 0.2762832423274466,
        "accuracy": 0.54,
        "precision": 0.26666666666666666,
        "recall": 0.8888888888888888,
        "f1_score": 0.41025641025641024,
        "balanced_accuracy": 0.6761517615176151,
        "description": "Agreement analysis between 'complex verify' and 'original correctness'."
    },
    "Default verify": {
        "agreement_count": "22",
        "agreement_percentage": 44.0,
        "mcc": 0.19311948336744914,
        "accuracy": 0.44,
        "precision": 0.22857142857142856,
        "recall": 0.8888888888888888,
        "f1_score": 0.3636363636363636,
        "balanced_accuracy": 0.6151761517615176,
        "description": "Agreement analysis between 'default verify' and 'original correctness'."
    },
    "Simple verify no FSL": {
        "agreement_count": "27",
        "agreement_percentage": 54.0,
        "mcc": 0.1375429889020977,
        "accuracy": 0.54,
        "precision": 0.23076923076923078,
        "recall": 0.6666666666666666,
        "f1_score": 0.3428571428571429,
        "balanced_accuracy": 0.589430894308943,
        "description": "Agreement analysis between 'simple verify no fsl' and 'original correctness'."
    },
    "Complex verify no FSL": {
        "agreement_count": "28",
        "agreement_percentage": 56.00000000000001,
        "mcc": 0.15617376188860607,
        "accuracy": 0.56,
        "precision": 0.24,
        "recall": 0.6666666666666666,
        "f1_score": 0.3529411764705882,
        "balanced_accuracy": 0.6016260162601625,
        "description": "Agreement analysis between 'complex verify no fsl' and 'original correctness'."
    },
    "Default verify no FSL": {
        "agreement_count": "21",
        "agreement_percentage": 42.0,
        "mcc": 0.0982064570676897,
        "accuracy": 0.42,
        "precision": 0.20588235294117646,
        "recall": 0.7777777777777778,
        "f1_score": 0.3255813953488372,
        "balanced_accuracy": 0.559620596205962,
        "description": "Agreement analysis between 'default verify no fsl' and 'original correctness'."
    },
    "naive_correctness_vs_correctness_diff": {
        "description": "Analysis of cases where 'naive correctness' and 'Correctness' differ.",
        "count": 21,
        "original_agreement_count": "11",
        "original_agreement_percentage": 52.38095238095239
    },
    "naive_correctness_vs_correctness_same": {
        "description": "Analysis of cases where 'naive correctness' and 'Correctness' are the same.",
        "count": 29,
        "original_agreement_count": "18",
        "original_disagreement_count": "11"
    }
}