{
    "total_valid_rows": {
        "value": 65,
        "description": "Total number of valid rows after preprocessing and removing invalid entries."
    },
    "Function summary": {
        "agreement_count": "27",
        "agreement_percentage": 41.53846153846154,
        "mcc": -0.1337448566632338,
        "accuracy": 0.4153846153846154,
        "precision": 0.6896551724137931,
        "recall": 0.40816326530612246,
        "f1_score": 0.5128205128205129,
        "balanced_accuracy": 0.42283163265306123,
        "description": "Agreement analysis between 'Correctness' and 'original correctness'."
    },
    "Naive": {
        "agreement_count": "34",
        "agreement_percentage": 52.307692307692314,
        "mcc": 0.09919501068991624,
        "accuracy": 0.5230769230769231,
        "precision": 0.8,
        "recall": 0.4897959183673469,
        "f1_score": 0.6075949367088609,
        "balanced_accuracy": 0.5573979591836735,
        "description": "Agreement analysis between 'naive correctness' and 'original correctness'."
    },
    "Complex tree": {
        "agreement_count": "31",
        "agreement_percentage": 47.69230769230769,
        "mcc": -0.1749635530559413,
        "accuracy": 0.47692307692307695,
        "precision": 0.6923076923076923,
        "recall": 0.5510204081632653,
        "f1_score": 0.6136363636363635,
        "balanced_accuracy": 0.4005102040816326,
        "description": "Agreement analysis between 'annotated correctness' and 'original correctness'."
    },
    "Simple tree": {
        "agreement_count": "35",
        "agreement_percentage": 53.84615384615385,
        "mcc": -0.19400542489153497,
        "accuracy": 0.5384615384615384,
        "precision": 0.7021276595744681,
        "recall": 0.673469387755102,
        "f1_score": 0.6875000000000001,
        "balanced_accuracy": 0.399234693877551,
        "description": "Agreement analysis between 'annotated correctness simple' and 'original correctness'."
    },
    "Naive No FSL": {
        "agreement_count": "27",
        "agreement_percentage": 41.53846153846154,
        "mcc": -0.16941130349926678,
        "accuracy": 0.4153846153846154,
        "precision": 0.6774193548387096,
        "recall": 0.42857142857142855,
        "f1_score": 0.525,
        "balanced_accuracy": 0.4017857142857143,
        "description": "Agreement analysis between 'naive no fsl correctness' and 'original correctness'."
    },
    "Function summary no FSL": {
        "agreement_count": "26",
        "agreement_percentage": 40.0,
        "mcc": -0.005952380952380952,
        "accuracy": 0.4,
        "precision": 0.75,
        "recall": 0.30612244897959184,
        "f1_score": 0.43478260869565216,
        "balanced_accuracy": 0.4968112244897959,
        "description": "Agreement analysis between 'Correctness no fsl' and 'original correctness'."
    },
    "Simple verify": {
        "agreement_count": "39",
        "agreement_percentage": 60.0,
        "mcc": 0.005952380952380952,
        "accuracy": 0.6,
        "precision": 0.7555555555555555,
        "recall": 0.6938775510204082,
        "f1_score": 0.723404255319149,
        "balanced_accuracy": 0.503188775510204,
        "description": "Agreement analysis between 'simple verify' and 'original correctness'."
    },
    "Complex verify": {
        "agreement_count": "36",
        "agreement_percentage": 55.38461538461539,
        "mcc": -0.011293848786315641,
        "accuracy": 0.5538461538461539,
        "precision": 0.75,
        "recall": 0.6122448979591837,
        "f1_score": 0.6741573033707865,
        "balanced_accuracy": 0.49362244897959184,
        "description": "Agreement analysis between 'complex verify' and 'original correctness'."
    },
    "Default verify": {
        "agreement_count": "35",
        "agreement_percentage": 53.84615384615385,
        "mcc": 0.007767122075015001,
        "accuracy": 0.5384615384615384,
        "precision": 0.7567567567567568,
        "recall": 0.5714285714285714,
        "f1_score": 0.6511627906976745,
        "balanced_accuracy": 0.5044642857142857,
        "description": "Agreement analysis between 'default verify' and 'original correctness'."
    },
    "Simple verify no FSL": {
        "agreement_count": "38",
        "agreement_percentage": 58.46153846153847,
        "mcc": -0.14345114601325779,
        "accuracy": 0.5846153846153846,
        "precision": 0.72,
        "recall": 0.7346938775510204,
        "f1_score": 0.7272727272727272,
        "balanced_accuracy": 0.4298469387755102,
        "description": "Agreement analysis between 'simple verify no fsl' and 'original correctness'."
    },
    "Complex verify no FSL": {
        "agreement_count": "39",
        "agreement_percentage": 60.0,
        "mcc": -0.034380708208626445,
        "accuracy": 0.6,
        "precision": 0.7446808510638298,
        "recall": 0.7142857142857143,
        "f1_score": 0.7291666666666666,
        "balanced_accuracy": 0.48214285714285715,
        "description": "Agreement analysis between 'complex verify no fsl' and 'original correctness'."
    },
    "Default verify no FSL": {
        "agreement_count": "35",
        "agreement_percentage": 53.84615384615385,
        "mcc": 0.08022927537045793,
        "accuracy": 0.5384615384615384,
        "precision": 0.7878787878787878,
        "recall": 0.5306122448979592,
        "f1_score": 0.6341463414634148,
        "balanced_accuracy": 0.5465561224489797,
        "description": "Agreement analysis between 'default verify no fsl' and 'original correctness'."
    },
    "naive_correctness_vs_correctness_diff": {
        "description": "Analysis of cases where 'naive correctness' and 'Correctness' differ.",
        "count": 21,
        "original_agreement_count": "14",
        "original_agreement_percentage": 66.66666666666666
    },
    "naive_correctness_vs_correctness_same": {
        "description": "Analysis of cases where 'naive correctness' and 'Correctness' are the same.",
        "count": 44,
        "original_agreement_count": "20",
        "original_disagreement_count": "24"
    }
}