{
    "total_valid_rows": {
        "value": 98,
        "description": "Total number of valid rows after preprocessing and removing invalid entries."
    },
    "summary fsl": {
        "agreement_count": "57",
        "agreement_percentage": 58.16326530612245,
        "mcc": 0.19173833433997345,
        "accuracy": 0.5816326530612245,
        "precision": 0.8333333333333334,
        "recall": 0.1111111111111111,
        "f1_score": 0.19607843137254902,
        "balanced_accuracy": 0.5461215932914046,
        "description": "Agreement analysis between 'summary fsl' and 'original correctness'."
    },
    "naive correctness fsl": {
        "agreement_count": "60",
        "agreement_percentage": 61.224489795918366,
        "mcc": 0.2561596991084458,
        "accuracy": 0.6122448979591837,
        "precision": 0.8181818181818182,
        "recall": 0.2,
        "f1_score": 0.32142857142857145,
        "balanced_accuracy": 0.5811320754716981,
        "description": "Agreement analysis between 'naive correctness fsl' and 'original correctness'."
    },
    "simple tree": {
        "agreement_count": "60",
        "agreement_percentage": 61.224489795918366,
        "mcc": 0.21928721174004193,
        "accuracy": 0.6122448979591837,
        "precision": 0.5777777777777777,
        "recall": 0.5777777777777777,
        "f1_score": 0.5777777777777777,
        "balanced_accuracy": 0.609643605870021,
        "description": "Agreement analysis between 'simple tree' and 'original correctness'."
    },
    "complex tree": {
        "agreement_count": "63",
        "agreement_percentage": 64.28571428571429,
        "mcc": 0.2821857750175385,
        "accuracy": 0.6428571428571429,
        "precision": 0.6086956521739131,
        "recall": 0.6222222222222222,
        "f1_score": 0.6153846153846154,
        "balanced_accuracy": 0.6412997903563942,
        "description": "Agreement analysis between 'complex tree' and 'original correctness'."
    },
    "summary": {
        "agreement_count": "56",
        "agreement_percentage": 57.14285714285714,
        "mcc": 0.1343169801003915,
        "accuracy": 0.5714285714285714,
        "precision": 0.5348837209302325,
        "recall": 0.5111111111111111,
        "f1_score": 0.5227272727272726,
        "balanced_accuracy": 0.5668763102725367,
        "description": "Agreement analysis between 'summary' and 'original correctness'."
    },
    "simple verify": {
        "agreement_count": "65",
        "agreement_percentage": 66.3265306122449,
        "mcc": 0.32936420975792424,
        "accuracy": 0.6632653061224489,
        "precision": 0.62,
        "recall": 0.6888888888888889,
        "f1_score": 0.6526315789473685,
        "balanced_accuracy": 0.6651991614255766,
        "description": "Agreement analysis between 'simple verify' and 'original correctness'."
    },
    "complex verify": {
        "agreement_count": "63",
        "agreement_percentage": 64.28571428571429,
        "mcc": 0.2922339331784004,
        "accuracy": 0.6428571428571429,
        "precision": 0.5961538461538461,
        "recall": 0.6888888888888889,
        "f1_score": 0.6391752577319588,
        "balanced_accuracy": 0.6463312368972747,
        "description": "Agreement analysis between 'complex verify' and 'original correctness'."
    },
    "summary verify": {
        "agreement_count": "62",
        "agreement_percentage": 63.26530612244898,
        "mcc": 0.2562605929865564,
        "accuracy": 0.6326530612244898,
        "precision": 0.6097560975609756,
        "recall": 0.5555555555555556,
        "f1_score": 0.5813953488372093,
        "balanced_accuracy": 0.6268343815513626,
        "description": "Agreement analysis between 'summary verify' and 'original correctness'."
    },
    "simple verify fsl": {
        "agreement_count": "62",
        "agreement_percentage": 63.26530612244898,
        "mcc": 0.25496904610233173,
        "accuracy": 0.6326530612244898,
        "precision": 0.6551724137931034,
        "recall": 0.4222222222222222,
        "f1_score": 0.5135135135135135,
        "balanced_accuracy": 0.6167714884696017,
        "description": "Agreement analysis between 'simple verify fsl' and 'original correctness'."
    },
    "complex verify fsl": {
        "agreement_count": "62",
        "agreement_percentage": 63.26530612244898,
        "mcc": 0.25675392791965274,
        "accuracy": 0.6326530612244898,
        "precision": 0.6666666666666666,
        "recall": 0.4,
        "f1_score": 0.5,
        "balanced_accuracy": 0.6150943396226416,
        "description": "Agreement analysis between 'complex verify fsl' and 'original correctness'."
    },
    "summary verify fsl": {
        "agreement_count": "62",
        "agreement_percentage": 63.26530612244898,
        "mcc": 0.26277767612594993,
        "accuracy": 0.6326530612244898,
        "precision": 0.6956521739130435,
        "recall": 0.35555555555555557,
        "f1_score": 0.47058823529411764,
        "balanced_accuracy": 0.6117400419287212,
        "description": "Agreement analysis between 'summary verify fsl' and 'original correctness'."
    }
}