{
    "total_valid_rows": {
        "value": 300,
        "description": "Total number of valid rows after preprocessing and removing invalid entries."
    },
    "summary fsl": {
        "agreement_count": "163",
        "agreement_percentage": 54.333333333333336,
        "mcc": 0.132061244445382,
        "accuracy": 0.5433333333333333,
        "precision": 0.8181818181818182,
        "recall": 0.0625,
        "f1_score": 0.11612903225806452,
        "balanced_accuracy": 0.5248397435897436,
        "description": "Agreement analysis between 'summary fsl' and 'original correctness'."
    },
    "naive correctness fsl": {
        "agreement_count": "153",
        "agreement_percentage": 51.0,
        "mcc": -0.04544042819626048,
        "accuracy": 0.51,
        "precision": 0.36363636363636365,
        "recall": 0.027777777777777776,
        "f1_score": 0.051612903225806445,
        "balanced_accuracy": 0.4914529914529915,
        "description": "Agreement analysis between 'naive correctness fsl' and 'original correctness'."
    },
    "simple tree": {
        "agreement_count": "174",
        "agreement_percentage": 57.99999999999999,
        "mcc": 0.17160161824591103,
        "accuracy": 0.58,
        "precision": 0.55,
        "recall": 0.6875,
        "f1_score": 0.6111111111111112,
        "balanced_accuracy": 0.5841346153846154,
        "description": "Agreement analysis between 'simple tree' and 'original correctness'."
    },
    "complex tree": {
        "agreement_count": "181",
        "agreement_percentage": 60.333333333333336,
        "mcc": 0.21454967576630044,
        "accuracy": 0.6033333333333334,
        "precision": 0.5730994152046783,
        "recall": 0.6805555555555556,
        "f1_score": 0.6222222222222222,
        "balanced_accuracy": 0.6063034188034189,
        "description": "Agreement analysis between 'complex tree' and 'original correctness'."
    },
    "vanilla": {
        "agreement_count": "166",
        "agreement_percentage": 55.333333333333336,
        "mcc": 0.10572217830426198,
        "accuracy": 0.5533333333333333,
        "precision": 0.5342465753424658,
        "recall": 0.5416666666666666,
        "f1_score": 0.5379310344827586,
        "balanced_accuracy": 0.5528846153846154,
        "description": "Agreement analysis between 'vanilla' and 'original correctness'."
    },
    "vanilla_no_cot": {
        "agreement_count": "169",
        "agreement_percentage": 56.333333333333336,
        "mcc": 0.14442970747104034,
        "accuracy": 0.5633333333333334,
        "precision": 0.6666666666666666,
        "recall": 0.18055555555555555,
        "f1_score": 0.28415300546448086,
        "balanced_accuracy": 0.548611111111111,
        "description": "Agreement analysis between 'vanilla_no_cot' and 'original correctness'."
    },
    "summary": {
        "agreement_count": "165",
        "agreement_percentage": 55.00000000000001,
        "mcc": 0.09929931720897947,
        "accuracy": 0.55,
        "precision": 0.5306122448979592,
        "recall": 0.5416666666666666,
        "f1_score": 0.5360824742268041,
        "balanced_accuracy": 0.5496794871794872,
        "description": "Agreement analysis between 'summary' and 'original correctness'."
    },
    "simple verify": {
        "agreement_count": "143",
        "agreement_percentage": 47.66666666666667,
        "mcc": -0.057635785382576035,
        "accuracy": 0.4766666666666667,
        "precision": 0.4434782608695652,
        "recall": 0.3541666666666667,
        "f1_score": 0.39382239382239387,
        "balanced_accuracy": 0.4719551282051282,
        "description": "Agreement analysis between 'simple verify' and 'original correctness'."
    },
    "complex verify": {
        "agreement_count": "154",
        "agreement_percentage": 51.33333333333333,
        "mcc": 0.018575474664156374,
        "accuracy": 0.5133333333333333,
        "precision": 0.4915254237288136,
        "recall": 0.4027777777777778,
        "f1_score": 0.44274809160305345,
        "balanced_accuracy": 0.5090811965811965,
        "description": "Agreement analysis between 'complex verify' and 'original correctness'."
    },
    "summary verify": {
        "agreement_count": "137",
        "agreement_percentage": 45.666666666666664,
        "mcc": -0.09186493141996224,
        "accuracy": 0.45666666666666667,
        "precision": 0.42857142857142855,
        "recall": 0.3958333333333333,
        "f1_score": 0.4115523465703971,
        "balanced_accuracy": 0.454326923076923,
        "description": "Agreement analysis between 'summary verify' and 'original correctness'."
    },
    "simple verify fsl": {
        "agreement_count": "163",
        "agreement_percentage": 54.333333333333336,
        "mcc": 0.07812693298857555,
        "accuracy": 0.5433333333333333,
        "precision": 0.5339805825242718,
        "recall": 0.3819444444444444,
        "f1_score": 0.44534412955465585,
        "balanced_accuracy": 0.5371260683760684,
        "description": "Agreement analysis between 'simple verify fsl' and 'original correctness'."
    },
    "complex verify fsl": {
        "agreement_count": "151",
        "agreement_percentage": 50.33333333333333,
        "mcc": -0.00860577974665235,
        "accuracy": 0.5033333333333333,
        "precision": 0.47368421052631576,
        "recall": 0.3125,
        "f1_score": 0.37656903765690375,
        "balanced_accuracy": 0.49599358974358976,
        "description": "Agreement analysis between 'complex verify fsl' and 'original correctness'."
    },
    "summary verify fsl": {
        "agreement_count": "158",
        "agreement_percentage": 52.666666666666664,
        "mcc": 0.04354903198835914,
        "accuracy": 0.5266666666666666,
        "precision": 0.5094339622641509,
        "recall": 0.375,
        "f1_score": 0.432,
        "balanced_accuracy": 0.5208333333333333,
        "description": "Agreement analysis between 'summary verify fsl' and 'original correctness'."
    }
}