{
    "confidence1": {
        "average": 0.45492613330185305,
        "median": 0.43600401179989234
    },
    "confidence2": {
        "average": 98.33333333333333,
        "median": 100.0
    }
}