{
    "total_valid_rows": {
        "value": 42,
        "description": "Total number of valid rows after preprocessing and removing invalid entries."
    },
    "summary fsl": {
        "agreement_count": "15",
        "agreement_percentage": 35.714285714285715,
        "mcc": 0,
        "accuracy": 0.35714285714285715,
        "precision": 0,
        "recall": 0.0,
        "f1_score": 0,
        "balanced_accuracy": 0.5,
        "description": "Agreement analysis between 'summary fsl' and 'original correctness'."
    },
    "naive correctness fsl": {
        "agreement_count": "12",
        "agreement_percentage": 28.57142857142857,
        "mcc": -0.3721042037676254,
        "accuracy": 0.2857142857142857,
        "precision": 0.0,
        "recall": 0.0,
        "f1_score": 0,
        "balanced_accuracy": 0.4,
        "description": "Agreement analysis between 'naive correctness fsl' and 'original correctness'."
    },
    "simple tree": {
        "agreement_count": "26",
        "agreement_percentage": 61.904761904761905,
        "mcc": 0.12108986992412069,
        "accuracy": 0.6190476190476191,
        "precision": 0.6774193548387096,
        "recall": 0.7777777777777778,
        "f1_score": 0.7241379310344828,
        "balanced_accuracy": 0.5555555555555556,
        "description": "Agreement analysis between 'simple tree' and 'original correctness'."
    },
    "complex tree": {
        "agreement_count": "22",
        "agreement_percentage": 52.38095238095239,
        "mcc": -0.10494455393423793,
        "accuracy": 0.5238095238095238,
        "precision": 0.6129032258064516,
        "recall": 0.7037037037037037,
        "f1_score": 0.6551724137931035,
        "balanced_accuracy": 0.45185185185185184,
        "description": "Agreement analysis between 'complex tree' and 'original correctness'."
    },
    "vanilla": {
        "agreement_count": "23",
        "agreement_percentage": 54.761904761904766,
        "mcc": 0.0,
        "accuracy": 0.5476190476190477,
        "precision": 0.6428571428571429,
        "recall": 0.6666666666666666,
        "f1_score": 0.6545454545454545,
        "balanced_accuracy": 0.5,
        "description": "Agreement analysis between 'vanilla' and 'original correctness'."
    },
    "vanilla_no_cot": {
        "agreement_count": "15",
        "agreement_percentage": 35.714285714285715,
        "mcc": -0.1217161238900369,
        "accuracy": 0.35714285714285715,
        "precision": 0.5,
        "recall": 0.1111111111111111,
        "f1_score": 0.1818181818181818,
        "balanced_accuracy": 0.4555555555555556,
        "description": "Agreement analysis between 'vanilla_no_cot' and 'original correctness'."
    },
    "summary": {
        "agreement_count": "20",
        "agreement_percentage": 47.61904761904761,
        "mcc": -0.14074074074074075,
        "accuracy": 0.47619047619047616,
        "precision": 0.5925925925925926,
        "recall": 0.5925925925925926,
        "f1_score": 0.5925925925925926,
        "balanced_accuracy": 0.4296296296296296,
        "description": "Agreement analysis between 'summary' and 'original correctness'."
    },
    "simple verify": {
        "agreement_count": "21",
        "agreement_percentage": 50.0,
        "mcc": 0.04303314829119352,
        "accuracy": 0.5,
        "precision": 0.6666666666666666,
        "recall": 0.4444444444444444,
        "f1_score": 0.5333333333333333,
        "balanced_accuracy": 0.5222222222222221,
        "description": "Agreement analysis between 'simple verify' and 'original correctness'."
    },
    "complex verify": {
        "agreement_count": "23",
        "agreement_percentage": 54.761904761904766,
        "mcc": 0.21081851067789195,
        "accuracy": 0.5476190476190477,
        "precision": 0.7857142857142857,
        "recall": 0.4074074074074074,
        "f1_score": 0.5365853658536585,
        "balanced_accuracy": 0.6037037037037037,
        "description": "Agreement analysis between 'complex verify' and 'original correctness'."
    },
    "summary verify": {
        "agreement_count": "25",
        "agreement_percentage": 59.523809523809526,
        "mcc": 0.21320071635561041,
        "accuracy": 0.5952380952380952,
        "precision": 0.75,
        "recall": 0.5555555555555556,
        "f1_score": 0.6382978723404256,
        "balanced_accuracy": 0.6111111111111112,
        "description": "Agreement analysis between 'summary verify' and 'original correctness'."
    },
    "simple verify fsl": {
        "agreement_count": "22",
        "agreement_percentage": 52.38095238095239,
        "mcc": 0.10846522890932808,
        "accuracy": 0.5238095238095238,
        "precision": 0.7058823529411765,
        "recall": 0.4444444444444444,
        "f1_score": 0.5454545454545455,
        "balanced_accuracy": 0.5555555555555556,
        "description": "Agreement analysis between 'simple verify fsl' and 'original correctness'."
    },
    "complex verify fsl": {
        "agreement_count": "21",
        "agreement_percentage": 50.0,
        "mcc": 0.07308816827558577,
        "accuracy": 0.5,
        "precision": 0.6875,
        "recall": 0.4074074074074074,
        "f1_score": 0.5116279069767441,
        "balanced_accuracy": 0.537037037037037,
        "description": "Agreement analysis between 'complex verify fsl' and 'original correctness'."
    },
    "summary verify fsl": {
        "agreement_count": "21",
        "agreement_percentage": 50.0,
        "mcc": 0.014213381090374028,
        "accuracy": 0.5,
        "precision": 0.65,
        "recall": 0.48148148148148145,
        "f1_score": 0.553191489361702,
        "balanced_accuracy": 0.5074074074074074,
        "description": "Agreement analysis between 'summary verify fsl' and 'original correctness'."
    }
}