{
    "total_valid_rows": {
        "value": 259,
        "description": "Total number of valid rows after preprocessing and removing invalid entries."
    },
    "Function summary": {
        "agreement_count": "171",
        "agreement_percentage": 66.02316602316603,
        "mcc": 0.3420660518801014,
        "accuracy": 0.6602316602316602,
        "precision": 0.4566929133858268,
        "recall": 0.7532467532467533,
        "f1_score": 0.5686274509803921,
        "balanced_accuracy": 0.6870629370629371,
        "description": "Agreement analysis between 'Correctness' and 'original correctness'."
    },
    "Naive": {
        "agreement_count": "169",
        "agreement_percentage": 65.25096525096525,
        "mcc": 0.3184508085101499,
        "accuracy": 0.6525096525096525,
        "precision": 0.448,
        "recall": 0.7272727272727273,
        "f1_score": 0.5544554455445545,
        "balanced_accuracy": 0.6740759240759241,
        "description": "Agreement analysis between 'naive correctness' and 'original correctness'."
    },
    "Complex tree": {
        "agreement_count": "174",
        "agreement_percentage": 67.18146718146718,
        "mcc": 0.3845388727410486,
        "accuracy": 0.6718146718146718,
        "precision": 0.4696969696969697,
        "recall": 0.8051948051948052,
        "f1_score": 0.5933014354066987,
        "balanced_accuracy": 0.7102897102897103,
        "description": "Agreement analysis between 'annotated correctness' and 'original correctness'."
    },
    "Simple tree": {
        "agreement_count": "169",
        "agreement_percentage": 65.25096525096525,
        "mcc": 0.3819823501373747,
        "accuracy": 0.6525096525096525,
        "precision": 0.45454545454545453,
        "recall": 0.8441558441558441,
        "f1_score": 0.5909090909090908,
        "balanced_accuracy": 0.7077922077922078,
        "description": "Agreement analysis between 'annotated correctness simple' and 'original correctness'."
    },
    "Naive No FSL": {
        "agreement_count": "174",
        "agreement_percentage": 67.18146718146718,
        "mcc": 0.3189006461357289,
        "accuracy": 0.6718146718146718,
        "precision": 0.4642857142857143,
        "recall": 0.6753246753246753,
        "f1_score": 0.5502645502645503,
        "balanced_accuracy": 0.6728271728271729,
        "description": "Agreement analysis between 'naive no fsl correctness' and 'original correctness'."
    },
    "Function summary no FSL": {
        "agreement_count": "183",
        "agreement_percentage": 70.65637065637065,
        "mcc": 0.386602254549519,
        "accuracy": 0.7065637065637066,
        "precision": 0.5045871559633027,
        "recall": 0.7142857142857143,
        "f1_score": 0.5913978494623656,
        "balanced_accuracy": 0.7087912087912088,
        "description": "Agreement analysis between 'Correctness no fsl' and 'original correctness'."
    },
    "Simple verify": {
        "agreement_count": "158",
        "agreement_percentage": 61.003861003861005,
        "mcc": 0.28488624473395047,
        "accuracy": 0.61003861003861,
        "precision": 0.4154929577464789,
        "recall": 0.7662337662337663,
        "f1_score": 0.5388127853881278,
        "balanced_accuracy": 0.6550949050949051,
        "description": "Agreement analysis between 'simple verify' and 'original correctness'."
    },
    "Complex verify": {
        "agreement_count": "158",
        "agreement_percentage": 61.003861003861005,
        "mcc": 0.2922428757889176,
        "accuracy": 0.61003861003861,
        "precision": 0.4166666666666667,
        "recall": 0.7792207792207793,
        "f1_score": 0.5429864253393666,
        "balanced_accuracy": 0.6588411588411589,
        "description": "Agreement analysis between 'complex verify' and 'original correctness'."
    },
    "Default verify": {
        "agreement_count": "156",
        "agreement_percentage": 60.231660231660236,
        "mcc": 0.29781322001183047,
        "accuracy": 0.6023166023166023,
        "precision": 0.41333333333333333,
        "recall": 0.8051948051948052,
        "f1_score": 0.5462555066079295,
        "balanced_accuracy": 0.6608391608391608,
        "description": "Agreement analysis between 'default verify' and 'original correctness'."
    },
    "Simple verify no FSL": {
        "agreement_count": "160",
        "agreement_percentage": 61.77606177606177,
        "mcc": 0.2873719657900969,
        "accuracy": 0.6177606177606177,
        "precision": 0.42028985507246375,
        "recall": 0.7532467532467533,
        "f1_score": 0.5395348837209302,
        "balanced_accuracy": 0.6568431568431569,
        "description": "Agreement analysis between 'simple verify no fsl' and 'original correctness'."
    },
    "Complex verify no FSL": {
        "agreement_count": "159",
        "agreement_percentage": 61.38996138996139,
        "mcc": 0.2753425155082436,
        "accuracy": 0.6138996138996139,
        "precision": 0.41605839416058393,
        "recall": 0.7402597402597403,
        "f1_score": 0.5327102803738318,
        "balanced_accuracy": 0.6503496503496504,
        "description": "Agreement analysis between 'complex verify no fsl' and 'original correctness'."
    },
    "Default verify no FSL": {
        "agreement_count": "148",
        "agreement_percentage": 57.14285714285714,
        "mcc": 0.22937167255569552,
        "accuracy": 0.5714285714285714,
        "precision": 0.38666666666666666,
        "recall": 0.7532467532467533,
        "f1_score": 0.5110132158590308,
        "balanced_accuracy": 0.6238761238761239,
        "description": "Agreement analysis between 'default verify no fsl' and 'original correctness'."
    },
    "naive_correctness_vs_correctness_diff": {
        "description": "Analysis of cases where 'naive correctness' and 'Correctness' differ.",
        "count": 40,
        "original_agreement_count": "19",
        "original_agreement_percentage": 47.5
    },
    "naive_correctness_vs_correctness_same": {
        "description": "Analysis of cases where 'naive correctness' and 'Correctness' are the same.",
        "count": 219,
        "original_agreement_count": "150",
        "original_disagreement_count": "69"
    }
}