{
    "total_valid_rows": {
        "value": 24,
        "description": "Total number of valid rows after preprocessing and removing invalid entries."
    },
    "summary fsl": {
        "agreement_count": "10",
        "agreement_percentage": 41.66666666666667,
        "mcc": 0.25819888974716115,
        "accuracy": 0.4166666666666667,
        "precision": 1.0,
        "recall": 0.2222222222222222,
        "f1_score": 0.3636363636363636,
        "balanced_accuracy": 0.6111111111111112,
        "description": "Agreement analysis between 'summary fsl' and 'original correctness'."
    },
    "naive correctness fsl": {
        "agreement_count": "9",
        "agreement_percentage": 37.5,
        "mcc": 0.21821789023599236,
        "accuracy": 0.375,
        "precision": 1.0,
        "recall": 0.16666666666666666,
        "f1_score": 0.2857142857142857,
        "balanced_accuracy": 0.5833333333333334,
        "description": "Agreement analysis between 'naive correctness fsl' and 'original correctness'."
    },
    "simple tree": {
        "agreement_count": "14",
        "agreement_percentage": 58.333333333333336,
        "mcc": -0.25819888974716115,
        "accuracy": 0.5833333333333334,
        "precision": 0.7,
        "recall": 0.7777777777777778,
        "f1_score": 0.7368421052631577,
        "balanced_accuracy": 0.3888888888888889,
        "description": "Agreement analysis between 'simple tree' and 'original correctness'."
    },
    "complex tree": {
        "agreement_count": "14",
        "agreement_percentage": 58.333333333333336,
        "mcc": -0.25819888974716115,
        "accuracy": 0.5833333333333334,
        "precision": 0.7,
        "recall": 0.7777777777777778,
        "f1_score": 0.7368421052631577,
        "balanced_accuracy": 0.3888888888888889,
        "description": "Agreement analysis between 'complex tree' and 'original correctness'."
    },
    "vanilla": {
        "agreement_count": "16",
        "agreement_percentage": 66.66666666666666,
        "mcc": 0.1111111111111111,
        "accuracy": 0.6666666666666666,
        "precision": 0.7777777777777778,
        "recall": 0.7777777777777778,
        "f1_score": 0.7777777777777778,
        "balanced_accuracy": 0.5555555555555556,
        "description": "Agreement analysis between 'vanilla' and 'original correctness'."
    },
    "vanilla_no_cot": {
        "agreement_count": "6",
        "agreement_percentage": 25.0,
        "mcc": -0.3333333333333333,
        "accuracy": 0.25,
        "precision": 0.5,
        "recall": 0.16666666666666666,
        "f1_score": 0.25,
        "balanced_accuracy": 0.3333333333333333,
        "description": "Agreement analysis between 'vanilla_no_cot' and 'original correctness'."
    },
    "summary": {
        "agreement_count": "12",
        "agreement_percentage": 50.0,
        "mcc": -0.2041241452319315,
        "accuracy": 0.5,
        "precision": 0.6875,
        "recall": 0.6111111111111112,
        "f1_score": 0.6470588235294118,
        "balanced_accuracy": 0.3888888888888889,
        "description": "Agreement analysis between 'summary' and 'original correctness'."
    },
    "simple verify": {
        "agreement_count": "12",
        "agreement_percentage": 50.0,
        "mcc": 0.09759000729485331,
        "accuracy": 0.5,
        "precision": 0.8,
        "recall": 0.4444444444444444,
        "f1_score": 0.5714285714285714,
        "balanced_accuracy": 0.5555555555555556,
        "description": "Agreement analysis between 'simple verify' and 'original correctness'."
    },
    "complex verify": {
        "agreement_count": "13",
        "agreement_percentage": 54.166666666666664,
        "mcc": 0.04828045495852676,
        "accuracy": 0.5416666666666666,
        "precision": 0.7692307692307693,
        "recall": 0.5555555555555556,
        "f1_score": 0.6451612903225806,
        "balanced_accuracy": 0.5277777777777778,
        "description": "Agreement analysis between 'complex verify' and 'original correctness'."
    },
    "summary verify": {
        "agreement_count": "11",
        "agreement_percentage": 45.83333333333333,
        "mcc": -0.14484136487558028,
        "accuracy": 0.4583333333333333,
        "precision": 0.6923076923076923,
        "recall": 0.5,
        "f1_score": 0.5806451612903226,
        "balanced_accuracy": 0.41666666666666663,
        "description": "Agreement analysis between 'summary verify' and 'original correctness'."
    },
    "simple verify fsl": {
        "agreement_count": "11",
        "agreement_percentage": 45.83333333333333,
        "mcc": -0.04828045495852676,
        "accuracy": 0.4583333333333333,
        "precision": 0.7272727272727273,
        "recall": 0.4444444444444444,
        "f1_score": 0.5517241379310345,
        "balanced_accuracy": 0.4722222222222222,
        "description": "Agreement analysis between 'simple verify fsl' and 'original correctness'."
    },
    "complex verify fsl": {
        "agreement_count": "13",
        "agreement_percentage": 54.166666666666664,
        "mcc": -0.049690399499995326,
        "accuracy": 0.5416666666666666,
        "precision": 0.7333333333333333,
        "recall": 0.6111111111111112,
        "f1_score": 0.6666666666666666,
        "balanced_accuracy": 0.4722222222222222,
        "description": "Agreement analysis between 'complex verify fsl' and 'original correctness'."
    },
    "summary verify fsl": {
        "agreement_count": "9",
        "agreement_percentage": 37.5,
        "mcc": -0.3379631847096873,
        "accuracy": 0.375,
        "precision": 0.6153846153846154,
        "recall": 0.4444444444444444,
        "f1_score": 0.5161290322580646,
        "balanced_accuracy": 0.3055555555555555,
        "description": "Agreement analysis between 'summary verify fsl' and 'original correctness'."
    }
}