{
    "total_valid_rows": {
        "value": 70,
        "description": "Total number of valid rows after preprocessing and removing invalid entries."
    },
    "Function summary": {
        "agreement_count": "36",
        "agreement_percentage": 51.42857142857142,
        "mcc": 0.1750146990853847,
        "accuracy": 0.5142857142857142,
        "precision": 0.8518518518518519,
        "recall": 0.4339622641509434,
        "f1_score": 0.5750000000000001,
        "balanced_accuracy": 0.5993340732519423,
        "description": "Agreement analysis between 'Correctness' and 'original correctness'."
    },
    "Naive": {
        "agreement_count": "40",
        "agreement_percentage": 57.14285714285714,
        "mcc": 0.16657415116319238,
        "accuracy": 0.5714285714285714,
        "precision": 0.8285714285714286,
        "recall": 0.5471698113207547,
        "f1_score": 0.6590909090909092,
        "balanced_accuracy": 0.5971143174250833,
        "description": "Agreement analysis between 'naive correctness' and 'original correctness'."
    },
    "Complex tree": {
        "agreement_count": "40",
        "agreement_percentage": 57.14285714285714,
        "mcc": 0.16657415116319238,
        "accuracy": 0.5714285714285714,
        "precision": 0.8285714285714286,
        "recall": 0.5471698113207547,
        "f1_score": 0.6590909090909092,
        "balanced_accuracy": 0.5971143174250833,
        "description": "Agreement analysis between 'annotated correctness' and 'original correctness'."
    },
    "Simple tree": {
        "agreement_count": "42",
        "agreement_percentage": 60.0,
        "mcc": -0.04601974115290502,
        "accuracy": 0.6,
        "precision": 0.7450980392156863,
        "recall": 0.7169811320754716,
        "f1_score": 0.7307692307692308,
        "balanced_accuracy": 0.4761376248612652,
        "description": "Agreement analysis between 'annotated correctness simple' and 'original correctness'."
    },
    "Naive No FSL": {
        "agreement_count": "40",
        "agreement_percentage": 57.14285714285714,
        "mcc": 0.16657415116319238,
        "accuracy": 0.5714285714285714,
        "precision": 0.8285714285714286,
        "recall": 0.5471698113207547,
        "f1_score": 0.6590909090909092,
        "balanced_accuracy": 0.5971143174250833,
        "description": "Agreement analysis between 'naive no fsl correctness' and 'original correctness'."
    },
    "naive_correctness_vs_correctness_diff": {
        "description": "Analysis of cases where 'naive correctness' and 'Correctness' differ.",
        "count": 30,
        "original_agreement_count": "17",
        "original_agreement_percentage": 56.666666666666664
    },
    "naive_correctness_vs_correctness_same": {
        "description": "Analysis of cases where 'naive correctness' and 'Correctness' are the same.",
        "count": 40,
        "original_agreement_count": "23",
        "original_disagreement_count": "17"
    }
}