{
    "total_valid_rows": {
        "value": 305,
        "description": "Total number of valid rows after preprocessing and removing invalid entries."
    },
    "summary fsl": {
        "agreement_count": "160",
        "agreement_percentage": 52.459016393442624,
        "mcc": 0.15309615285307487,
        "accuracy": 0.5245901639344263,
        "precision": 0.8571428571428571,
        "recall": 0.07741935483870968,
        "f1_score": 0.14201183431952663,
        "balanced_accuracy": 0.5320430107526882,
        "description": "Agreement analysis between 'summary fsl' and 'original correctness'."
    },
    "naive correctness fsl": {
        "agreement_count": "167",
        "agreement_percentage": 54.75409836065573,
        "mcc": 0.22642088888498066,
        "accuracy": 0.5475409836065573,
        "precision": 0.9473684210526315,
        "recall": 0.11612903225806452,
        "f1_score": 0.20689655172413793,
        "balanced_accuracy": 0.5547311827956989,
        "description": "Agreement analysis between 'naive correctness fsl' and 'original correctness'."
    },
    "simple tree": {
        "agreement_count": "194",
        "agreement_percentage": 63.60655737704918,
        "mcc": 0.2736979821338364,
        "accuracy": 0.6360655737704918,
        "precision": 0.6222222222222222,
        "recall": 0.7225806451612903,
        "f1_score": 0.6686567164179104,
        "balanced_accuracy": 0.6346236559139784,
        "description": "Agreement analysis between 'simple tree' and 'original correctness'."
    },
    "complex tree": {
        "agreement_count": "185",
        "agreement_percentage": 60.65573770491803,
        "mcc": 0.21931599245175704,
        "accuracy": 0.6065573770491803,
        "precision": 0.5870646766169154,
        "recall": 0.7612903225806451,
        "f1_score": 0.6629213483146067,
        "balanced_accuracy": 0.6039784946236559,
        "description": "Agreement analysis between 'complex tree' and 'original correctness'."
    },
    "vanilla": {
        "agreement_count": "174",
        "agreement_percentage": 57.049180327868854,
        "mcc": 0.1401011752374215,
        "accuracy": 0.5704918032786885,
        "precision": 0.572289156626506,
        "recall": 0.6129032258064516,
        "f1_score": 0.5919003115264798,
        "balanced_accuracy": 0.5697849462365592,
        "description": "Agreement analysis between 'vanilla' and 'original correctness'."
    },
    "vanilla_no_cot": {
        "agreement_count": "171",
        "agreement_percentage": 56.0655737704918,
        "mcc": 0.17142243158022188,
        "accuracy": 0.5606557377049181,
        "precision": 0.6909090909090909,
        "recall": 0.24516129032258063,
        "f1_score": 0.3619047619047619,
        "balanced_accuracy": 0.5659139784946237,
        "description": "Agreement analysis between 'vanilla_no_cot' and 'original correctness'."
    },
    "summary": {
        "agreement_count": "195",
        "agreement_percentage": 63.934426229508205,
        "mcc": 0.2785874718897393,
        "accuracy": 0.639344262295082,
        "precision": 0.6331360946745562,
        "recall": 0.6903225806451613,
        "f1_score": 0.6604938271604938,
        "balanced_accuracy": 0.6384946236559139,
        "description": "Agreement analysis between 'summary' and 'original correctness'."
    },
    "simple verify": {
        "agreement_count": "168",
        "agreement_percentage": 55.08196721311476,
        "mcc": 0.10441312873745248,
        "accuracy": 0.5508196721311476,
        "precision": 0.5671641791044776,
        "recall": 0.49032258064516127,
        "f1_score": 0.5259515570934256,
        "balanced_accuracy": 0.5518279569892472,
        "description": "Agreement analysis between 'simple verify' and 'original correctness'."
    },
    "complex verify": {
        "agreement_count": "172",
        "agreement_percentage": 56.393442622950815,
        "mcc": 0.13275482573028424,
        "accuracy": 0.5639344262295082,
        "precision": 0.5873015873015873,
        "recall": 0.4774193548387097,
        "f1_score": 0.5266903914590747,
        "balanced_accuracy": 0.5653763440860216,
        "description": "Agreement analysis between 'complex verify' and 'original correctness'."
    },
    "summary verify": {
        "agreement_count": "188",
        "agreement_percentage": 61.63934426229508,
        "mcc": 0.23340361597153014,
        "accuracy": 0.6163934426229508,
        "precision": 0.6283783783783784,
        "recall": 0.6,
        "f1_score": 0.6138613861386139,
        "balanced_accuracy": 0.6166666666666667,
        "description": "Agreement analysis between 'summary verify' and 'original correctness'."
    },
    "simple verify fsl": {
        "agreement_count": "184",
        "agreement_percentage": 60.32786885245902,
        "mcc": 0.22216423897407717,
        "accuracy": 0.6032786885245902,
        "precision": 0.660377358490566,
        "recall": 0.45161290322580644,
        "f1_score": 0.5363984674329502,
        "balanced_accuracy": 0.6058064516129033,
        "description": "Agreement analysis between 'simple verify fsl' and 'original correctness'."
    },
    "complex verify fsl": {
        "agreement_count": "192",
        "agreement_percentage": 62.95081967213115,
        "mcc": 0.2854386921068867,
        "accuracy": 0.6295081967213115,
        "precision": 0.71875,
        "recall": 0.44516129032258067,
        "f1_score": 0.549800796812749,
        "balanced_accuracy": 0.6325806451612903,
        "description": "Agreement analysis between 'complex verify fsl' and 'original correctness'."
    },
    "summary verify fsl": {
        "agreement_count": "182",
        "agreement_percentage": 59.67213114754099,
        "mcc": 0.21079104342279548,
        "accuracy": 0.5967213114754099,
        "precision": 0.6568627450980392,
        "recall": 0.432258064516129,
        "f1_score": 0.5214007782101168,
        "balanced_accuracy": 0.5994623655913979,
        "description": "Agreement analysis between 'summary verify fsl' and 'original correctness'."
    }
}