{
    "total_valid_rows": {
        "value": 158,
        "description": "Total number of valid rows after preprocessing and removing invalid entries."
    },
    "Function summary": {
        "agreement_count": "91",
        "agreement_percentage": 57.59493670886076,
        "mcc": 0.1491841882203277,
        "accuracy": 0.5759493670886076,
        "precision": 0.5540540540540541,
        "recall": 0.5466666666666666,
        "f1_score": 0.5503355704697985,
        "balanced_accuracy": 0.5745381526104418,
        "description": "Agreement analysis between 'Correctness' and 'original correctness'."
    },
    "Naive": {
        "agreement_count": "97",
        "agreement_percentage": 61.39240506329114,
        "mcc": 0.22432159428542656,
        "accuracy": 0.6139240506329114,
        "precision": 0.6346153846153846,
        "recall": 0.44,
        "f1_score": 0.5196850393700788,
        "balanced_accuracy": 0.6055421686746988,
        "description": "Agreement analysis between 'naive correctness' and 'original correctness'."
    },
    "Complex tree": {
        "agreement_count": "96",
        "agreement_percentage": 60.75949367088608,
        "mcc": 0.24964124427434584,
        "accuracy": 0.6075949367088608,
        "precision": 0.5607476635514018,
        "recall": 0.8,
        "f1_score": 0.6593406593406594,
        "balanced_accuracy": 0.6168674698795181,
        "description": "Agreement analysis between 'annotated correctness' and 'original correctness'."
    },
    "Simple tree": {
        "agreement_count": "83",
        "agreement_percentage": 52.53164556962025,
        "mcc": 0.11423274292051142,
        "accuracy": 0.5253164556962026,
        "precision": 0.5,
        "recall": 0.88,
        "f1_score": 0.6376811594202899,
        "balanced_accuracy": 0.5424096385542169,
        "description": "Agreement analysis between 'annotated correctness simple' and 'original correctness'."
    },
    "Naive No FSL": {
        "agreement_count": "97",
        "agreement_percentage": 61.39240506329114,
        "mcc": 0.22525613034943795,
        "accuracy": 0.6139240506329114,
        "precision": 0.64,
        "recall": 0.4266666666666667,
        "f1_score": 0.512,
        "balanced_accuracy": 0.6048995983935743,
        "description": "Agreement analysis between 'naive no fsl correctness' and 'original correctness'."
    },
    "naive_correctness_vs_correctness_diff": {
        "description": "Analysis of cases where 'naive correctness' and 'Correctness' differ.",
        "count": 60,
        "original_agreement_count": "33",
        "original_agreement_percentage": 55.00000000000001
    },
    "naive_correctness_vs_correctness_same": {
        "description": "Analysis of cases where 'naive correctness' and 'Correctness' are the same.",
        "count": 98,
        "original_agreement_count": "64",
        "original_disagreement_count": "34"
    }
}