{
    "total_valid_rows": {
        "value": 78,
        "description": "Total number of valid rows after preprocessing and removing invalid entries."
    },
    "Function summary": {
        "agreement_count": "46",
        "agreement_percentage": 58.97435897435898,
        "mcc": 0.17972365808708388,
        "accuracy": 0.5897435897435898,
        "precision": 0.5853658536585366,
        "recall": 0.6153846153846154,
        "f1_score": 0.6,
        "balanced_accuracy": 0.5897435897435898,
        "description": "Agreement analysis between 'Correctness' and 'original correctness'."
    },
    "Naive": {
        "agreement_count": "46",
        "agreement_percentage": 58.97435897435898,
        "mcc": 0.1816497536376887,
        "accuracy": 0.5897435897435898,
        "precision": 0.6060606060606061,
        "recall": 0.5128205128205128,
        "f1_score": 0.5555555555555556,
        "balanced_accuracy": 0.5897435897435896,
        "description": "Agreement analysis between 'naive correctness' and 'original correctness'."
    },
    "Complex tree": {
        "agreement_count": "48",
        "agreement_percentage": 61.53846153846154,
        "mcc": 0.30960941226920163,
        "accuracy": 0.6153846153846154,
        "precision": 0.5692307692307692,
        "recall": 0.9487179487179487,
        "f1_score": 0.7115384615384616,
        "balanced_accuracy": 0.6153846153846154,
        "description": "Agreement analysis between 'annotated correctness' and 'original correctness'."
    },
    "Simple tree": {
        "agreement_count": "42",
        "agreement_percentage": 53.84615384615385,
        "mcc": 0.1105064203025636,
        "accuracy": 0.5384615384615384,
        "precision": 0.5223880597014925,
        "recall": 0.8974358974358975,
        "f1_score": 0.660377358490566,
        "balanced_accuracy": 0.5384615384615384,
        "description": "Agreement analysis between 'annotated correctness simple' and 'original correctness'."
    },
    "Naive No FSL": {
        "agreement_count": "43",
        "agreement_percentage": 55.12820512820513,
        "mcc": 0.10540925533894599,
        "accuracy": 0.5512820512820513,
        "precision": 0.5666666666666667,
        "recall": 0.4358974358974359,
        "f1_score": 0.4927536231884058,
        "balanced_accuracy": 0.5512820512820513,
        "description": "Agreement analysis between 'naive no fsl correctness' and 'original correctness'."
    },
    "naive_correctness_vs_correctness_diff": {
        "description": "Analysis of cases where 'naive correctness' and 'Correctness' differ.",
        "count": 32,
        "original_agreement_count": "16",
        "original_agreement_percentage": 50.0
    },
    "naive_correctness_vs_correctness_same": {
        "description": "Analysis of cases where 'naive correctness' and 'Correctness' are the same.",
        "count": 46,
        "original_agreement_count": "30",
        "original_disagreement_count": "16"
    }
}