{
    "total_valid_rows": {
        "value": 33,
        "description": "Total number of valid rows after preprocessing and removing invalid entries."
    },
    "Function summary": {
        "agreement_count": "11",
        "agreement_percentage": 33.33333333333333,
        "mcc": -0.20763488362498048,
        "accuracy": 0.3333333333333333,
        "precision": 0.4,
        "recall": 0.09523809523809523,
        "f1_score": 0.15384615384615385,
        "balanced_accuracy": 0.4226190476190476,
        "description": "Agreement analysis between 'Correctness' and 'original correctness'."
    },
    "Naive": {
        "agreement_count": "16",
        "agreement_percentage": 48.484848484848484,
        "mcc": 0.011587244366483038,
        "accuracy": 0.48484848484848486,
        "precision": 0.6428571428571429,
        "recall": 0.42857142857142855,
        "f1_score": 0.5142857142857143,
        "balanced_accuracy": 0.5059523809523809,
        "description": "Agreement analysis between 'naive correctness' and 'original correctness'."
    },
    "Complex tree": {
        "agreement_count": "15",
        "agreement_percentage": 45.45454545454545,
        "mcc": 0.0,
        "accuracy": 0.45454545454545453,
        "precision": 0.6363636363636364,
        "recall": 0.3333333333333333,
        "f1_score": 0.43749999999999994,
        "balanced_accuracy": 0.5,
        "description": "Agreement analysis between 'annotated correctness' and 'original correctness'."
    },
    "Simple tree": {
        "agreement_count": "18",
        "agreement_percentage": 54.54545454545454,
        "mcc": 0.13904693239779645,
        "accuracy": 0.5454545454545454,
        "precision": 0.7142857142857143,
        "recall": 0.47619047619047616,
        "f1_score": 0.5714285714285714,
        "balanced_accuracy": 0.5714285714285714,
        "description": "Agreement analysis between 'annotated correctness simple' and 'original correctness'."
    },
    "Naive No FSL": {
        "agreement_count": "14",
        "agreement_percentage": 42.42424242424242,
        "mcc": 0.02969569354582493,
        "accuracy": 0.42424242424242425,
        "precision": 0.6666666666666666,
        "recall": 0.19047619047619047,
        "f1_score": 0.2962962962962963,
        "balanced_accuracy": 0.5119047619047619,
        "description": "Agreement analysis between 'naive no fsl correctness' and 'original correctness'."
    },
    "Function summary no FSL": {
        "agreement_count": "9",
        "agreement_percentage": 27.27272727272727,
        "mcc": -0.4183300132670378,
        "accuracy": 0.2727272727272727,
        "precision": 0.0,
        "recall": 0.0,
        "f1_score": 0,
        "balanced_accuracy": 0.375,
        "description": "Agreement analysis between 'Correctness no fsl' and 'original correctness'."
    },
    "Simple verify": {
        "agreement_count": "16",
        "agreement_percentage": 48.484848484848484,
        "mcc": 0.047619047619047616,
        "accuracy": 0.48484848484848486,
        "precision": 0.6666666666666666,
        "recall": 0.38095238095238093,
        "f1_score": 0.4848484848484849,
        "balanced_accuracy": 0.5238095238095237,
        "description": "Agreement analysis between 'simple verify' and 'original correctness'."
    },
    "Complex verify": {
        "agreement_count": "14",
        "agreement_percentage": 42.42424242424242,
        "mcc": -0.04984447862792268,
        "accuracy": 0.42424242424242425,
        "precision": 0.6,
        "recall": 0.2857142857142857,
        "f1_score": 0.3870967741935483,
        "balanced_accuracy": 0.47619047619047616,
        "description": "Agreement analysis between 'complex verify' and 'original correctness'."
    },
    "Default verify": {
        "agreement_count": "11",
        "agreement_percentage": 33.33333333333333,
        "mcc": -0.22413272587221034,
        "accuracy": 0.3333333333333333,
        "precision": 0.42857142857142855,
        "recall": 0.14285714285714285,
        "f1_score": 0.21428571428571427,
        "balanced_accuracy": 0.40476190476190477,
        "description": "Agreement analysis between 'default verify' and 'original correctness'."
    },
    "Simple verify no FSL": {
        "agreement_count": "14",
        "agreement_percentage": 42.42424242424242,
        "mcc": 0.02969569354582493,
        "accuracy": 0.42424242424242425,
        "precision": 0.6666666666666666,
        "recall": 0.19047619047619047,
        "f1_score": 0.2962962962962963,
        "balanced_accuracy": 0.5119047619047619,
        "description": "Agreement analysis between 'simple verify no fsl' and 'original correctness'."
    },
    "Complex verify no FSL": {
        "agreement_count": "14",
        "agreement_percentage": 42.42424242424242,
        "mcc": 0.02969569354582493,
        "accuracy": 0.42424242424242425,
        "precision": 0.6666666666666666,
        "recall": 0.19047619047619047,
        "f1_score": 0.2962962962962963,
        "balanced_accuracy": 0.5119047619047619,
        "description": "Agreement analysis between 'complex verify no fsl' and 'original correctness'."
    },
    "Default verify no FSL": {
        "agreement_count": "14",
        "agreement_percentage": 42.42424242424242,
        "mcc": 0.02969569354582493,
        "accuracy": 0.42424242424242425,
        "precision": 0.6666666666666666,
        "recall": 0.19047619047619047,
        "f1_score": 0.2962962962962963,
        "balanced_accuracy": 0.5119047619047619,
        "description": "Agreement analysis between 'default verify no fsl' and 'original correctness'."
    },
    "naive_correctness_vs_correctness_diff": {
        "description": "Analysis of cases where 'naive correctness' and 'Correctness' differ.",
        "count": 11,
        "original_agreement_count": "8",
        "original_agreement_percentage": 72.72727272727273
    },
    "naive_correctness_vs_correctness_same": {
        "description": "Analysis of cases where 'naive correctness' and 'Correctness' are the same.",
        "count": 22,
        "original_agreement_count": "8",
        "original_disagreement_count": "14"
    }
}