{
    "total_valid_rows": {
        "value": 23,
        "description": "Total number of valid rows after preprocessing and removing invalid entries."
    },
    "summary fsl": {
        "agreement_count": "8",
        "agreement_percentage": 34.78260869565217,
        "mcc": 0,
        "accuracy": 0.34782608695652173,
        "precision": 0,
        "recall": 0.0,
        "f1_score": 0,
        "balanced_accuracy": 0.5,
        "description": "Agreement analysis between 'summary fsl' and 'original correctness'."
    },
    "naive correctness fsl": {
        "agreement_count": "8",
        "agreement_percentage": 34.78260869565217,
        "mcc": 0,
        "accuracy": 0.34782608695652173,
        "precision": 0,
        "recall": 0.0,
        "f1_score": 0,
        "balanced_accuracy": 0.5,
        "description": "Agreement analysis between 'naive correctness fsl' and 'original correctness'."
    },
    "simple tree": {
        "agreement_count": "13",
        "agreement_percentage": 56.52173913043478,
        "mcc": 0.041666666666666664,
        "accuracy": 0.5652173913043478,
        "precision": 0.6666666666666666,
        "recall": 0.6666666666666666,
        "f1_score": 0.6666666666666666,
        "balanced_accuracy": 0.5208333333333333,
        "description": "Agreement analysis between 'simple tree' and 'original correctness'."
    },
    "complex tree": {
        "agreement_count": "13",
        "agreement_percentage": 56.52173913043478,
        "mcc": -0.018077538151554683,
        "accuracy": 0.5652173913043478,
        "precision": 0.6470588235294118,
        "recall": 0.7333333333333333,
        "f1_score": 0.6875,
        "balanced_accuracy": 0.49166666666666664,
        "description": "Agreement analysis between 'complex tree' and 'original correctness'."
    },
    "vanilla": {
        "agreement_count": "13",
        "agreement_percentage": 56.52173913043478,
        "mcc": 0.041666666666666664,
        "accuracy": 0.5652173913043478,
        "precision": 0.6666666666666666,
        "recall": 0.6666666666666666,
        "f1_score": 0.6666666666666666,
        "balanced_accuracy": 0.5208333333333333,
        "description": "Agreement analysis between 'vanilla' and 'original correctness'."
    },
    "vanilla_no_cot": {
        "agreement_count": "5",
        "agreement_percentage": 21.73913043478261,
        "mcc": -0.5303300858899106,
        "accuracy": 0.21739130434782608,
        "precision": 0.0,
        "recall": 0.0,
        "f1_score": 0,
        "balanced_accuracy": 0.3125,
        "description": "Agreement analysis between 'vanilla_no_cot' and 'original correctness'."
    },
    "summary": {
        "agreement_count": "11",
        "agreement_percentage": 47.82608695652174,
        "mcc": -0.08807048459279793,
        "accuracy": 0.4782608695652174,
        "precision": 0.6153846153846154,
        "recall": 0.5333333333333333,
        "f1_score": 0.5714285714285715,
        "balanced_accuracy": 0.45416666666666666,
        "description": "Agreement analysis between 'summary' and 'original correctness'."
    },
    "simple verify": {
        "agreement_count": "11",
        "agreement_percentage": 47.82608695652174,
        "mcc": -0.08807048459279793,
        "accuracy": 0.4782608695652174,
        "precision": 0.6153846153846154,
        "recall": 0.5333333333333333,
        "f1_score": 0.5714285714285715,
        "balanced_accuracy": 0.45416666666666666,
        "description": "Agreement analysis between 'simple verify' and 'original correctness'."
    },
    "complex verify": {
        "agreement_count": "12",
        "agreement_percentage": 52.17391304347826,
        "mcc": 0.03178208630818641,
        "accuracy": 0.5217391304347826,
        "precision": 0.6666666666666666,
        "recall": 0.5333333333333333,
        "f1_score": 0.5925925925925926,
        "balanced_accuracy": 0.5166666666666666,
        "description": "Agreement analysis between 'complex verify' and 'original correctness'."
    },
    "summary verify": {
        "agreement_count": "14",
        "agreement_percentage": 60.86956521739131,
        "mcc": 0.16265001215808886,
        "accuracy": 0.6086956521739131,
        "precision": 0.7142857142857143,
        "recall": 0.6666666666666666,
        "f1_score": 0.689655172413793,
        "balanced_accuracy": 0.5833333333333333,
        "description": "Agreement analysis between 'summary verify' and 'original correctness'."
    },
    "simple verify fsl": {
        "agreement_count": "13",
        "agreement_percentage": 56.52173913043478,
        "mcc": 0.15096490996388545,
        "accuracy": 0.5652173913043478,
        "precision": 0.7272727272727273,
        "recall": 0.5333333333333333,
        "f1_score": 0.6153846153846153,
        "balanced_accuracy": 0.5791666666666666,
        "description": "Agreement analysis between 'simple verify fsl' and 'original correctness'."
    },
    "complex verify fsl": {
        "agreement_count": "7",
        "agreement_percentage": 30.434782608695656,
        "mcc": -0.3105295017040594,
        "accuracy": 0.30434782608695654,
        "precision": 0.42857142857142855,
        "recall": 0.2,
        "f1_score": 0.27272727272727276,
        "balanced_accuracy": 0.35,
        "description": "Agreement analysis between 'complex verify fsl' and 'original correctness'."
    },
    "summary verify fsl": {
        "agreement_count": "12",
        "agreement_percentage": 52.17391304347826,
        "mcc": 0.08807048459279793,
        "accuracy": 0.5217391304347826,
        "precision": 0.7,
        "recall": 0.4666666666666667,
        "f1_score": 0.56,
        "balanced_accuracy": 0.5458333333333334,
        "description": "Agreement analysis between 'summary verify fsl' and 'original correctness'."
    }
}