{
    "total_valid_rows": {
        "value": 28,
        "description": "Total number of valid rows after preprocessing and removing invalid entries."
    },
    "summary fsl": {
        "agreement_count": "13",
        "agreement_percentage": 46.42857142857143,
        "mcc": 0,
        "accuracy": 0.4642857142857143,
        "precision": 0,
        "recall": 0.0,
        "f1_score": 0,
        "balanced_accuracy": 0.5,
        "description": "Agreement analysis between 'summary fsl' and 'original correctness'."
    },
    "naive correctness fsl": {
        "agreement_count": "13",
        "agreement_percentage": 46.42857142857143,
        "mcc": 0,
        "accuracy": 0.4642857142857143,
        "precision": 0,
        "recall": 0.0,
        "f1_score": 0,
        "balanced_accuracy": 0.5,
        "description": "Agreement analysis between 'naive correctness fsl' and 'original correctness'."
    },
    "simple tree": {
        "agreement_count": "15",
        "agreement_percentage": 53.57142857142857,
        "mcc": 0.04529108136578383,
        "accuracy": 0.5357142857142857,
        "precision": 0.55,
        "recall": 0.7333333333333333,
        "f1_score": 0.6285714285714286,
        "balanced_accuracy": 0.5205128205128204,
        "description": "Agreement analysis between 'simple tree' and 'original correctness'."
    },
    "complex tree": {
        "agreement_count": "15",
        "agreement_percentage": 53.57142857142857,
        "mcc": 0.029235267310234306,
        "accuracy": 0.5357142857142857,
        "precision": 0.5416666666666666,
        "recall": 0.8666666666666667,
        "f1_score": 0.6666666666666667,
        "balanced_accuracy": 0.5102564102564102,
        "description": "Agreement analysis between 'complex tree' and 'original correctness'."
    },
    "vanilla": {
        "agreement_count": "17",
        "agreement_percentage": 60.71428571428571,
        "mcc": 0.20380986614602725,
        "accuracy": 0.6071428571428571,
        "precision": 0.6,
        "recall": 0.8,
        "f1_score": 0.6857142857142857,
        "balanced_accuracy": 0.5923076923076923,
        "description": "Agreement analysis between 'vanilla' and 'original correctness'."
    },
    "vanilla_no_cot": {
        "agreement_count": "15",
        "agreement_percentage": 53.57142857142857,
        "mcc": 0.13712555853457373,
        "accuracy": 0.5357142857142857,
        "precision": 0.6666666666666666,
        "recall": 0.26666666666666666,
        "f1_score": 0.3809523809523809,
        "balanced_accuracy": 0.5564102564102564,
        "description": "Agreement analysis between 'vanilla_no_cot' and 'original correctness'."
    },
    "summary": {
        "agreement_count": "16",
        "agreement_percentage": 57.14285714285714,
        "mcc": 0.1259541481785924,
        "accuracy": 0.5714285714285714,
        "precision": 0.5789473684210527,
        "recall": 0.7333333333333333,
        "f1_score": 0.6470588235294117,
        "balanced_accuracy": 0.558974358974359,
        "description": "Agreement analysis between 'summary' and 'original correctness'."
    },
    "simple verify": {
        "agreement_count": "18",
        "agreement_percentage": 64.28571428571429,
        "mcc": 0.28205128205128205,
        "accuracy": 0.6428571428571429,
        "precision": 0.6666666666666666,
        "recall": 0.6666666666666666,
        "f1_score": 0.6666666666666666,
        "balanced_accuracy": 0.641025641025641,
        "description": "Agreement analysis between 'simple verify' and 'original correctness'."
    },
    "complex verify": {
        "agreement_count": "17",
        "agreement_percentage": 60.71428571428571,
        "mcc": 0.21483446221182986,
        "accuracy": 0.6071428571428571,
        "precision": 0.6428571428571429,
        "recall": 0.6,
        "f1_score": 0.6206896551724138,
        "balanced_accuracy": 0.6076923076923078,
        "description": "Agreement analysis between 'complex verify' and 'original correctness'."
    },
    "summary verify": {
        "agreement_count": "14",
        "agreement_percentage": 50.0,
        "mcc": -0.015710251796769326,
        "accuracy": 0.5,
        "precision": 0.5294117647058824,
        "recall": 0.6,
        "f1_score": 0.5625,
        "balanced_accuracy": 0.49230769230769234,
        "description": "Agreement analysis between 'summary verify' and 'original correctness'."
    },
    "simple verify fsl": {
        "agreement_count": "16",
        "agreement_percentage": 57.14285714285714,
        "mcc": 0.16233926856661637,
        "accuracy": 0.5714285714285714,
        "precision": 0.6363636363636364,
        "recall": 0.4666666666666667,
        "f1_score": 0.5384615384615385,
        "balanced_accuracy": 0.5794871794871794,
        "description": "Agreement analysis between 'simple verify fsl' and 'original correctness'."
    },
    "complex verify fsl": {
        "agreement_count": "21",
        "agreement_percentage": 75.0,
        "mcc": 0.516811394121702,
        "accuracy": 0.75,
        "precision": 0.8333333333333334,
        "recall": 0.6666666666666666,
        "f1_score": 0.7407407407407408,
        "balanced_accuracy": 0.7564102564102564,
        "description": "Agreement analysis between 'complex verify fsl' and 'original correctness'."
    },
    "summary verify fsl": {
        "agreement_count": "10",
        "agreement_percentage": 35.714285714285715,
        "mcc": -0.27754778174292477,
        "accuracy": 0.35714285714285715,
        "precision": 0.36363636363636365,
        "recall": 0.26666666666666666,
        "f1_score": 0.30769230769230765,
        "balanced_accuracy": 0.36410256410256414,
        "description": "Agreement analysis between 'summary verify fsl' and 'original correctness'."
    }
}