{
    "total_valid_rows": {
        "value": 1764,
        "description": "Total number of valid rows after preprocessing and removing invalid entries."
    },
    "vanilla": {
        "agreement_count": "1149",
        "agreement_percentage": 65.1360544217687,
        "mcc": 0.30288021767568624,
        "accuracy": 0.6513605442176871,
        "precision": 0.6567695961995249,
        "recall": 0.6291240045506257,
        "f1_score": 0.6426496223126089,
        "balanced_accuracy": 0.6512851661171207,
        "description": "Agreement analysis between 'vanilla' and 'original correctness'."
    }
}