{
    "total_valid_rows": {
        "value": 1984,
        "description": "Total number of valid rows after preprocessing and removing invalid entries."
    },
    "vanilla": {
        "agreement_count": "1149",
        "agreement_percentage": 57.9133064516129,
        "mcc": 0.15846687879487625,
        "accuracy": 0.579133064516129,
        "precision": 0.5833333333333334,
        "recall": 0.5568982880161127,
        "f1_score": 0.5698093766099949,
        "balanced_accuracy": 0.5791555012229908,
        "description": "Agreement analysis between 'vanilla' and 'original correctness'."
    }
}