{
    "total_valid_rows": {
        "value": 84,
        "description": "Total number of valid rows after preprocessing and removing invalid entries."
    },
    "vanilla": {
        "agreement_count": "59",
        "agreement_percentage": 70.23809523809523,
        "mcc": 0.3962062657686334,
        "accuracy": 0.7023809523809523,
        "precision": 0.6857142857142857,
        "recall": 0.631578947368421,
        "f1_score": 0.6575342465753424,
        "balanced_accuracy": 0.6962242562929062,
        "description": "Agreement analysis between 'vanilla' and 'original correctness'."
    }
}