{
    "total_valid_rows": {
        "value": 100,
        "description": "Total number of valid rows after preprocessing and removing invalid entries."
    },
    "summary fsl": {
        "agreement_count": "57",
        "agreement_percentage": 56.99999999999999,
        "mcc": 0.1579345138264476,
        "accuracy": 0.57,
        "precision": 1.0,
        "recall": 0.044444444444444446,
        "f1_score": 0.0851063829787234,
        "balanced_accuracy": 0.5222222222222223,
        "description": "Agreement analysis between 'summary fsl' and 'original correctness'."
    },
    "naive correctness fsl": {
        "agreement_count": "57",
        "agreement_percentage": 56.99999999999999,
        "mcc": 0.12309149097933274,
        "accuracy": 0.57,
        "precision": 0.75,
        "recall": 0.06666666666666667,
        "f1_score": 0.12244897959183675,
        "balanced_accuracy": 0.5242424242424243,
        "description": "Agreement analysis between 'naive correctness fsl' and 'original correctness'."
    },
    "simple tree": {
        "agreement_count": "56",
        "agreement_percentage": 56.00000000000001,
        "mcc": 0.1645806437003396,
        "accuracy": 0.56,
        "precision": 0.5074626865671642,
        "recall": 0.7555555555555555,
        "f1_score": 0.6071428571428571,
        "balanced_accuracy": 0.5777777777777777,
        "description": "Agreement analysis between 'simple tree' and 'original correctness'."
    },
    "complex tree": {
        "agreement_count": "59",
        "agreement_percentage": 59.0,
        "mcc": 0.2248934680408622,
        "accuracy": 0.59,
        "precision": 0.5303030303030303,
        "recall": 0.7777777777777778,
        "f1_score": 0.6306306306306307,
        "balanced_accuracy": 0.6070707070707071,
        "description": "Agreement analysis between 'complex tree' and 'original correctness'."
    },
    "vanilla": {
        "agreement_count": "53",
        "agreement_percentage": 53.0,
        "mcc": 0.06030226891555272,
        "accuracy": 0.53,
        "precision": 0.48,
        "recall": 0.5333333333333333,
        "f1_score": 0.505263157894737,
        "balanced_accuracy": 0.5303030303030303,
        "description": "Agreement analysis between 'vanilla' and 'original correctness'."
    },
    "vanilla_no_cot": {
        "agreement_count": "57",
        "agreement_percentage": 56.99999999999999,
        "mcc": 0.09869275424396536,
        "accuracy": 0.57,
        "precision": 0.5625,
        "recall": 0.2,
        "f1_score": 0.2950819672131148,
        "balanced_accuracy": 0.5363636363636364,
        "description": "Agreement analysis between 'vanilla_no_cot' and 'original correctness'."
    },
    "summary": {
        "agreement_count": "58",
        "agreement_percentage": 57.99999999999999,
        "mcc": 0.16284869906943178,
        "accuracy": 0.58,
        "precision": 0.5294117647058824,
        "recall": 0.6,
        "f1_score": 0.5625,
        "balanced_accuracy": 0.5818181818181818,
        "description": "Agreement analysis between 'summary' and 'original correctness'."
    },
    "simple verify": {
        "agreement_count": "59",
        "agreement_percentage": 59.0,
        "mcc": 0.16412198797244362,
        "accuracy": 0.59,
        "precision": 0.55,
        "recall": 0.4888888888888889,
        "f1_score": 0.5176470588235293,
        "balanced_accuracy": 0.5808080808080808,
        "description": "Agreement analysis between 'simple verify' and 'original correctness'."
    },
    "complex verify": {
        "agreement_count": "58",
        "agreement_percentage": 57.99999999999999,
        "mcc": 0.1421786127365011,
        "accuracy": 0.58,
        "precision": 0.5384615384615384,
        "recall": 0.4666666666666667,
        "f1_score": 0.5,
        "balanced_accuracy": 0.5696969696969697,
        "description": "Agreement analysis between 'complex verify' and 'original correctness'."
    },
    "summary verify": {
        "agreement_count": "55",
        "agreement_percentage": 55.00000000000001,
        "mcc": 0.09276078999296909,
        "accuracy": 0.55,
        "precision": 0.5,
        "recall": 0.5111111111111111,
        "f1_score": 0.5054945054945055,
        "balanced_accuracy": 0.5464646464646464,
        "description": "Agreement analysis between 'summary verify' and 'original correctness'."
    },
    "simple verify fsl": {
        "agreement_count": "51",
        "agreement_percentage": 51.0,
        "mcc": 0.0,
        "accuracy": 0.51,
        "precision": 0.45,
        "recall": 0.4,
        "f1_score": 0.4235294117647059,
        "balanced_accuracy": 0.5,
        "description": "Agreement analysis between 'simple verify fsl' and 'original correctness'."
    },
    "complex verify fsl": {
        "agreement_count": "60",
        "agreement_percentage": 60.0,
        "mcc": 0.17602000512225469,
        "accuracy": 0.6,
        "precision": 0.5806451612903226,
        "recall": 0.4,
        "f1_score": 0.4736842105263158,
        "balanced_accuracy": 0.5818181818181818,
        "description": "Agreement analysis between 'complex verify fsl' and 'original correctness'."
    },
    "summary verify fsl": {
        "agreement_count": "59",
        "agreement_percentage": 59.0,
        "mcc": 0.1591309874160419,
        "accuracy": 0.59,
        "precision": 0.5555555555555556,
        "recall": 0.4444444444444444,
        "f1_score": 0.49382716049382713,
        "balanced_accuracy": 0.5767676767676768,
        "description": "Agreement analysis between 'summary verify fsl' and 'original correctness'."
    }
}