{
    "total_valid_rows": {
        "value": 22,
        "description": "Total number of valid rows after preprocessing and removing invalid entries."
    },
    "summary fsl": {
        "agreement_count": "7",
        "agreement_percentage": 31.818181818181817,
        "mcc": 0,
        "accuracy": 0.3181818181818182,
        "precision": 0,
        "recall": 0.0,
        "f1_score": 0,
        "balanced_accuracy": 0.5,
        "description": "Agreement analysis between 'summary fsl' and 'original correctness'."
    },
    "naive correctness fsl": {
        "agreement_count": "7",
        "agreement_percentage": 31.818181818181817,
        "mcc": 0,
        "accuracy": 0.3181818181818182,
        "precision": 0,
        "recall": 0.0,
        "f1_score": 0,
        "balanced_accuracy": 0.5,
        "description": "Agreement analysis between 'naive correctness fsl' and 'original correctness'."
    },
    "simple tree": {
        "agreement_count": "10",
        "agreement_percentage": 45.45454545454545,
        "mcc": -0.2571428571428571,
        "accuracy": 0.45454545454545453,
        "precision": 0.6,
        "recall": 0.6,
        "f1_score": 0.6,
        "balanced_accuracy": 0.37142857142857144,
        "description": "Agreement analysis between 'simple tree' and 'original correctness'."
    },
    "complex tree": {
        "agreement_count": "11",
        "agreement_percentage": 50.0,
        "mcc": -0.32203059435976533,
        "accuracy": 0.5,
        "precision": 0.6111111111111112,
        "recall": 0.7333333333333333,
        "f1_score": 0.6666666666666666,
        "balanced_accuracy": 0.36666666666666664,
        "description": "Agreement analysis between 'complex tree' and 'original correctness'."
    },
    "vanilla": {
        "agreement_count": "10",
        "agreement_percentage": 45.45454545454545,
        "mcc": -0.3704792868174742,
        "accuracy": 0.45454545454545453,
        "precision": 0.5882352941176471,
        "recall": 0.6666666666666666,
        "f1_score": 0.625,
        "balanced_accuracy": 0.3333333333333333,
        "description": "Agreement analysis between 'vanilla' and 'original correctness'."
    },
    "vanilla_no_cot": {
        "agreement_count": "7",
        "agreement_percentage": 31.818181818181817,
        "mcc": -0.23904572186687875,
        "accuracy": 0.3181818181818182,
        "precision": 0.5,
        "recall": 0.2,
        "f1_score": 0.28571428571428575,
        "balanced_accuracy": 0.3857142857142857,
        "description": "Agreement analysis between 'vanilla_no_cot' and 'original correctness'."
    },
    "summary": {
        "agreement_count": "9",
        "agreement_percentage": 40.909090909090914,
        "mcc": -0.31352722326440996,
        "accuracy": 0.4090909090909091,
        "precision": 0.5714285714285714,
        "recall": 0.5333333333333333,
        "f1_score": 0.5517241379310344,
        "balanced_accuracy": 0.3380952380952381,
        "description": "Agreement analysis between 'summary' and 'original correctness'."
    },
    "simple verify": {
        "agreement_count": "10",
        "agreement_percentage": 45.45454545454545,
        "mcc": -0.2571428571428571,
        "accuracy": 0.45454545454545453,
        "precision": 0.6,
        "recall": 0.6,
        "f1_score": 0.6,
        "balanced_accuracy": 0.37142857142857144,
        "description": "Agreement analysis between 'simple verify' and 'original correctness'."
    },
    "complex verify": {
        "agreement_count": "12",
        "agreement_percentage": 54.54545454545454,
        "mcc": 0.02706659809803834,
        "accuracy": 0.5454545454545454,
        "precision": 0.6923076923076923,
        "recall": 0.6,
        "f1_score": 0.6428571428571429,
        "balanced_accuracy": 0.5142857142857142,
        "description": "Agreement analysis between 'complex verify' and 'original correctness'."
    },
    "summary verify": {
        "agreement_count": "13",
        "agreement_percentage": 59.09090909090909,
        "mcc": 0.16035674514745463,
        "accuracy": 0.5909090909090909,
        "precision": 0.75,
        "recall": 0.6,
        "f1_score": 0.6666666666666665,
        "balanced_accuracy": 0.5857142857142856,
        "description": "Agreement analysis between 'summary verify' and 'original correctness'."
    },
    "simple verify fsl": {
        "agreement_count": "12",
        "agreement_percentage": 54.54545454545454,
        "mcc": 0.09759000729485331,
        "accuracy": 0.5454545454545454,
        "precision": 0.7272727272727273,
        "recall": 0.5333333333333333,
        "f1_score": 0.6153846153846153,
        "balanced_accuracy": 0.5523809523809524,
        "description": "Agreement analysis between 'simple verify fsl' and 'original correctness'."
    },
    "complex verify fsl": {
        "agreement_count": "13",
        "agreement_percentage": 59.09090909090909,
        "mcc": 0.16035674514745463,
        "accuracy": 0.5909090909090909,
        "precision": 0.75,
        "recall": 0.6,
        "f1_score": 0.6666666666666665,
        "balanced_accuracy": 0.5857142857142856,
        "description": "Agreement analysis between 'complex verify fsl' and 'original correctness'."
    },
    "summary verify fsl": {
        "agreement_count": "6",
        "agreement_percentage": 27.27272727272727,
        "mcc": -0.42404337020260063,
        "accuracy": 0.2727272727272727,
        "precision": 0.4444444444444444,
        "recall": 0.26666666666666666,
        "f1_score": 0.33333333333333337,
        "balanced_accuracy": 0.2761904761904762,
        "description": "Agreement analysis between 'summary verify fsl' and 'original correctness'."
    }
}