{
    "total_valid_rows": {
        "value": 85,
        "description": "Total number of valid rows after preprocessing and removing invalid entries."
    },
    "vanilla": {
        "agreement_count": "55",
        "agreement_percentage": 64.70588235294117,
        "mcc": 0.2947368873377138,
        "accuracy": 0.6470588235294118,
        "precision": 0.6585365853658537,
        "recall": 0.627906976744186,
        "f1_score": 0.6428571428571429,
        "balanced_accuracy": 0.6472868217054264,
        "description": "Agreement analysis between 'vanilla' and 'original correctness'."
    }
}