{
    "total_valid_rows": {
        "value": 101,
        "description": "Total number of valid rows after preprocessing and removing invalid entries."
    },
    "summary fsl": {
        "agreement_count": "54",
        "agreement_percentage": 53.46534653465347,
        "mcc": 0.2010685021355683,
        "accuracy": 0.5346534653465347,
        "precision": 1.0,
        "recall": 0.0784313725490196,
        "f1_score": 0.14545454545454545,
        "balanced_accuracy": 0.5392156862745098,
        "description": "Agreement analysis between 'summary fsl' and 'original correctness'."
    },
    "naive correctness fsl": {
        "agreement_count": "55",
        "agreement_percentage": 54.45544554455446,
        "mcc": 0.1922278506774636,
        "accuracy": 0.5445544554455446,
        "precision": 0.8571428571428571,
        "recall": 0.11764705882352941,
        "f1_score": 0.2068965517241379,
        "balanced_accuracy": 0.5488235294117647,
        "description": "Agreement analysis between 'naive correctness fsl' and 'original correctness'."
    },
    "simple tree": {
        "agreement_count": "64",
        "agreement_percentage": 63.366336633663366,
        "mcc": 0.27030309902688093,
        "accuracy": 0.6336633663366337,
        "precision": 0.6166666666666667,
        "recall": 0.7254901960784313,
        "f1_score": 0.6666666666666666,
        "balanced_accuracy": 0.6327450980392157,
        "description": "Agreement analysis between 'simple tree' and 'original correctness'."
    },
    "complex tree": {
        "agreement_count": "58",
        "agreement_percentage": 57.42574257425742,
        "mcc": 0.15286139881919236,
        "accuracy": 0.5742574257425742,
        "precision": 0.5606060606060606,
        "recall": 0.7254901960784313,
        "f1_score": 0.6324786324786323,
        "balanced_accuracy": 0.5727450980392157,
        "description": "Agreement analysis between 'complex tree' and 'original correctness'."
    },
    "vanilla": {
        "agreement_count": "59",
        "agreement_percentage": 58.415841584158414,
        "mcc": 0.16998118526171224,
        "accuracy": 0.5841584158415841,
        "precision": 0.5737704918032787,
        "recall": 0.6862745098039216,
        "f1_score": 0.625,
        "balanced_accuracy": 0.5831372549019608,
        "description": "Agreement analysis between 'vanilla' and 'original correctness'."
    },
    "vanilla_no_cot": {
        "agreement_count": "57",
        "agreement_percentage": 56.43564356435643,
        "mcc": 0.17258562740500855,
        "accuracy": 0.5643564356435643,
        "precision": 0.6842105263157895,
        "recall": 0.2549019607843137,
        "f1_score": 0.37142857142857144,
        "balanced_accuracy": 0.5674509803921568,
        "description": "Agreement analysis between 'vanilla_no_cot' and 'original correctness'."
    },
    "summary": {
        "agreement_count": "65",
        "agreement_percentage": 64.35643564356435,
        "mcc": 0.28826616605780725,
        "accuracy": 0.6435643564356436,
        "precision": 0.631578947368421,
        "recall": 0.7058823529411765,
        "f1_score": 0.6666666666666667,
        "balanced_accuracy": 0.6429411764705882,
        "description": "Agreement analysis between 'summary' and 'original correctness'."
    },
    "simple verify": {
        "agreement_count": "56",
        "agreement_percentage": 55.44554455445545,
        "mcc": 0.10954071202783433,
        "accuracy": 0.5544554455445545,
        "precision": 0.5625,
        "recall": 0.5294117647058824,
        "f1_score": 0.5454545454545455,
        "balanced_accuracy": 0.5547058823529412,
        "description": "Agreement analysis between 'simple verify' and 'original correctness'."
    },
    "complex verify": {
        "agreement_count": "55",
        "agreement_percentage": 54.45544554455446,
        "mcc": 0.09001597362671362,
        "accuracy": 0.5445544554455446,
        "precision": 0.5531914893617021,
        "recall": 0.5098039215686274,
        "f1_score": 0.5306122448979591,
        "balanced_accuracy": 0.5449019607843137,
        "description": "Agreement analysis between 'complex verify' and 'original correctness'."
    },
    "summary verify": {
        "agreement_count": "56",
        "agreement_percentage": 55.44554455445545,
        "mcc": 0.10867007505540133,
        "accuracy": 0.5544554455445545,
        "precision": 0.5576923076923077,
        "recall": 0.5686274509803921,
        "f1_score": 0.5631067961165048,
        "balanced_accuracy": 0.5543137254901961,
        "description": "Agreement analysis between 'summary verify' and 'original correctness'."
    },
    "simple verify fsl": {
        "agreement_count": "60",
        "agreement_percentage": 59.4059405940594,
        "mcc": 0.1993659296952328,
        "accuracy": 0.594059405940594,
        "precision": 0.6388888888888888,
        "recall": 0.45098039215686275,
        "f1_score": 0.5287356321839081,
        "balanced_accuracy": 0.5954901960784313,
        "description": "Agreement analysis between 'simple verify fsl' and 'original correctness'."
    },
    "complex verify fsl": {
        "agreement_count": "66",
        "agreement_percentage": 65.34653465346535,
        "mcc": 0.34026187855853635,
        "accuracy": 0.6534653465346535,
        "precision": 0.7666666666666667,
        "recall": 0.45098039215686275,
        "f1_score": 0.5679012345679013,
        "balanced_accuracy": 0.6554901960784314,
        "description": "Agreement analysis between 'complex verify fsl' and 'original correctness'."
    },
    "summary verify fsl": {
        "agreement_count": "55",
        "agreement_percentage": 54.45544554455446,
        "mcc": 0.09682595342994665,
        "accuracy": 0.5445544554455446,
        "precision": 0.5714285714285714,
        "recall": 0.39215686274509803,
        "f1_score": 0.46511627906976744,
        "balanced_accuracy": 0.546078431372549,
        "description": "Agreement analysis between 'summary verify fsl' and 'original correctness'."
    }
}