{
    "total_valid_rows": {
        "value": 309,
        "description": "Total number of valid rows after preprocessing and removing invalid entries."
    },
    "tester": {
        "agreement_count": "153",
        "agreement_percentage": 49.51456310679612,
        "mcc": -0.0022688690225402194,
        "accuracy": 0.49514563106796117,
        "precision": 0.5,
        "recall": 0.05128205128205128,
        "f1_score": 0.09302325581395347,
        "balanced_accuracy": 0.49949723479135244,
        "description": "Agreement analysis between 'tester' and 'original correctness'."
    }
}