{
    "total_valid_rows": {
        "value": 98,
        "description": "Total number of valid rows after preprocessing and removing invalid entries."
    },
    "vanilla": {
        "agreement_count": "61",
        "agreement_percentage": 62.244897959183675,
        "mcc": 0.24595967370563293,
        "accuracy": 0.6224489795918368,
        "precision": 0.6101694915254238,
        "recall": 0.72,
        "f1_score": 0.6605504587155964,
        "balanced_accuracy": 0.6204166666666666,
        "description": "Agreement analysis between 'vanilla' and 'original correctness'."
    }
}