{
    "total_valid_rows": {
        "value": 104,
        "description": "Total number of valid rows after preprocessing and removing invalid entries."
    },
    "vanilla": {
        "agreement_count": "71",
        "agreement_percentage": 68.26923076923077,
        "mcc": 0.36874092283506854,
        "accuracy": 0.6826923076923077,
        "precision": 0.6153846153846154,
        "recall": 0.7111111111111111,
        "f1_score": 0.6597938144329897,
        "balanced_accuracy": 0.6860640301318268,
        "description": "Agreement analysis between 'vanilla' and 'original correctness'."
    }
}