{
    "total_valid_rows": {
        "value": 1888,
        "description": "Total number of valid rows after preprocessing and removing invalid entries."
    },
    "tester": {
        "agreement_count": "979",
        "agreement_percentage": 51.853813559322035,
        "mcc": 0.09744541428623427,
        "accuracy": 0.5185381355932204,
        "precision": 0.7464788732394366,
        "recall": 0.05614406779661017,
        "f1_score": 0.10443349753694582,
        "balanced_accuracy": 0.5185381355932204,
        "description": "Agreement analysis between 'tester' and 'original correctness'."
    }
}