{
    "total_valid_rows": {
        "value": 21,
        "description": "Total number of valid rows after preprocessing and removing invalid entries."
    },
    "summary fsl": {
        "agreement_count": "8",
        "agreement_percentage": 38.095238095238095,
        "mcc": 0.15811388300841897,
        "accuracy": 0.38095238095238093,
        "precision": 1.0,
        "recall": 0.07142857142857142,
        "f1_score": 0.13333333333333333,
        "balanced_accuracy": 0.5357142857142857,
        "description": "Agreement analysis between 'summary fsl' and 'original correctness'."
    },
    "naive correctness fsl": {
        "agreement_count": "9",
        "agreement_percentage": 42.857142857142854,
        "mcc": 0.0,
        "accuracy": 0.42857142857142855,
        "precision": 0.6666666666666666,
        "recall": 0.2857142857142857,
        "f1_score": 0.4,
        "balanced_accuracy": 0.5,
        "description": "Agreement analysis between 'naive correctness fsl' and 'original correctness'."
    },
    "simple tree": {
        "agreement_count": "15",
        "agreement_percentage": 71.42857142857143,
        "mcc": 0.31622776601683794,
        "accuracy": 0.7142857142857143,
        "precision": 0.7,
        "recall": 1.0,
        "f1_score": 0.8235294117647058,
        "balanced_accuracy": 0.5714285714285714,
        "description": "Agreement analysis between 'simple tree' and 'original correctness'."
    },
    "complex tree": {
        "agreement_count": "13",
        "agreement_percentage": 61.904761904761905,
        "mcc": 0.0,
        "accuracy": 0.6190476190476191,
        "precision": 0.6666666666666666,
        "recall": 0.8571428571428571,
        "f1_score": 0.75,
        "balanced_accuracy": 0.5,
        "description": "Agreement analysis between 'complex tree' and 'original correctness'."
    },
    "vanilla": {
        "agreement_count": "14",
        "agreement_percentage": 66.66666666666666,
        "mcc": 0,
        "accuracy": 0.6666666666666666,
        "precision": 0.6666666666666666,
        "recall": 1.0,
        "f1_score": 0.8,
        "balanced_accuracy": 0.5,
        "description": "Agreement analysis between 'vanilla' and 'original correctness'."
    },
    "vanilla_no_cot": {
        "agreement_count": "12",
        "agreement_percentage": 57.14285714285714,
        "mcc": -0.08574929257125442,
        "accuracy": 0.5714285714285714,
        "precision": 0.6470588235294118,
        "recall": 0.7857142857142857,
        "f1_score": 0.7096774193548386,
        "balanced_accuracy": 0.4642857142857143,
        "description": "Agreement analysis between 'vanilla_no_cot' and 'original correctness'."
    },
    "summary": {
        "agreement_count": "14",
        "agreement_percentage": 66.66666666666666,
        "mcc": 0.11470786693528089,
        "accuracy": 0.6666666666666666,
        "precision": 0.6842105263157895,
        "recall": 0.9285714285714286,
        "f1_score": 0.7878787878787878,
        "balanced_accuracy": 0.5357142857142857,
        "description": "Agreement analysis between 'summary' and 'original correctness'."
    },
    "simple verify": {
        "agreement_count": "13",
        "agreement_percentage": 61.904761904761905,
        "mcc": -0.15811388300841897,
        "accuracy": 0.6190476190476191,
        "precision": 0.65,
        "recall": 0.9285714285714286,
        "f1_score": 0.7647058823529412,
        "balanced_accuracy": 0.4642857142857143,
        "description": "Agreement analysis between 'simple verify' and 'original correctness'."
    },
    "complex verify": {
        "agreement_count": "13",
        "agreement_percentage": 61.904761904761905,
        "mcc": -0.15811388300841897,
        "accuracy": 0.6190476190476191,
        "precision": 0.65,
        "recall": 0.9285714285714286,
        "f1_score": 0.7647058823529412,
        "balanced_accuracy": 0.4642857142857143,
        "description": "Agreement analysis between 'complex verify' and 'original correctness'."
    },
    "summary verify": {
        "agreement_count": "14",
        "agreement_percentage": 66.66666666666666,
        "mcc": 0.11470786693528089,
        "accuracy": 0.6666666666666666,
        "precision": 0.6842105263157895,
        "recall": 0.9285714285714286,
        "f1_score": 0.7878787878787878,
        "balanced_accuracy": 0.5357142857142857,
        "description": "Agreement analysis between 'summary verify' and 'original correctness'."
    },
    "simple verify fsl": {
        "agreement_count": "12",
        "agreement_percentage": 57.14285714285714,
        "mcc": 0.2041241452319315,
        "accuracy": 0.5714285714285714,
        "precision": 0.7777777777777778,
        "recall": 0.5,
        "f1_score": 0.6086956521739131,
        "balanced_accuracy": 0.6071428571428572,
        "description": "Agreement analysis between 'simple verify fsl' and 'original correctness'."
    },
    "complex verify fsl": {
        "agreement_count": "10",
        "agreement_percentage": 47.61904761904761,
        "mcc": 0.0,
        "accuracy": 0.47619047619047616,
        "precision": 0.6666666666666666,
        "recall": 0.42857142857142855,
        "f1_score": 0.5217391304347826,
        "balanced_accuracy": 0.5,
        "description": "Agreement analysis between 'complex verify fsl' and 'original correctness'."
    },
    "summary verify fsl": {
        "agreement_count": "13",
        "agreement_percentage": 61.904761904761905,
        "mcc": 0.2041241452319315,
        "accuracy": 0.6190476190476191,
        "precision": 0.75,
        "recall": 0.6428571428571429,
        "f1_score": 0.6923076923076924,
        "balanced_accuracy": 0.6071428571428572,
        "description": "Agreement analysis between 'summary verify fsl' and 'original correctness'."
    }
}