{
    "tester": {
        "Agreement Count": 1002,
        "Balanced Accuracy": 0.5190661811493072,
        "True Positive Rate (TPR)": 0.05056759545923633,
        "False Negative Rate (FNR) / Miss Rate": 0.9494324045407637,
        "False Positive Rate (FPR)": 0.012435233160621761,
        "MCC": 0.10909012757567073
    }
}