{
    "individual_correlations": {
        "tester": {
            "depth": {
                "pearson_correlation": -0.04905359014996995,
                "p_value": 0.030994231970661073,
                "count": 1934
            },
            "hard": {
                "pearson_correlation": -0.05908451997913172,
                "p_value": 0.00935049130869945,
                "count": 1934
            },
            "LOC": {
                "pearson_correlation": -0.04421624124974543,
                "p_value": 0.05187096122226097,
                "count": 1934
            }
        }
    }
}