{
    "total_valid_rows": {
        "value": 1934,
        "description": "Total number of valid rows after preprocessing and removing invalid entries."
    },
    "tester": {
        "agreement_count": "1002",
        "agreement_percentage": 51.80972078593589,
        "mcc": 0.10909012757567073,
        "accuracy": 0.5180972078593589,
        "precision": 0.8032786885245902,
        "recall": 0.05056759545923633,
        "f1_score": 0.09514563106796119,
        "balanced_accuracy": 0.5190661811493072,
        "description": "Agreement analysis between 'tester' and 'original correctness'."
    }
}