{
    "total_valid_rows": {
        "value": 86,
        "description": "Total number of valid rows after preprocessing and removing invalid entries."
    },
    "summary fsl": {
        "agreement_count": "50",
        "agreement_percentage": 58.139534883720934,
        "mcc": 0.1933816959571483,
        "accuracy": 0.5813953488372093,
        "precision": 0.6666666666666666,
        "recall": 0.43478260869565216,
        "f1_score": 0.5263157894736841,
        "balanced_accuracy": 0.592391304347826,
        "description": "Agreement analysis between 'summary fsl' and 'original correctness'."
    },
    "naive correctness fsl": {
        "agreement_count": "47",
        "agreement_percentage": 54.65116279069767,
        "mcc": 0.14208390369348975,
        "accuracy": 0.5465116279069767,
        "precision": 0.6521739130434783,
        "recall": 0.32608695652173914,
        "f1_score": 0.43478260869565216,
        "balanced_accuracy": 0.5630434782608695,
        "description": "Agreement analysis between 'naive correctness fsl' and 'original correctness'."
    },
    "simple tree": {
        "agreement_count": "49",
        "agreement_percentage": 56.97674418604651,
        "mcc": 0.13677081789542558,
        "accuracy": 0.5697674418604651,
        "precision": 0.6,
        "recall": 0.5869565217391305,
        "f1_score": 0.5934065934065934,
        "balanced_accuracy": 0.5684782608695653,
        "description": "Agreement analysis between 'simple tree' and 'original correctness'."
    },
    "complex tree": {
        "agreement_count": "53",
        "agreement_percentage": 61.627906976744185,
        "mcc": 0.23312620206007842,
        "accuracy": 0.6162790697674418,
        "precision": 0.6511627906976745,
        "recall": 0.6086956521739131,
        "f1_score": 0.6292134831460675,
        "balanced_accuracy": 0.6168478260869565,
        "description": "Agreement analysis between 'complex tree' and 'original correctness'."
    },
    "vanilla": {
        "agreement_count": "45",
        "agreement_percentage": 52.32558139534884,
        "mcc": 0.0688793004193964,
        "accuracy": 0.5232558139534884,
        "precision": 0.5806451612903226,
        "recall": 0.391304347826087,
        "f1_score": 0.4675324675324675,
        "balanced_accuracy": 0.5331521739130435,
        "description": "Agreement analysis between 'vanilla' and 'original correctness'."
    },
    "vanilla_no_cot": {
        "agreement_count": "47",
        "agreement_percentage": 54.65116279069767,
        "mcc": 0.15942877642342346,
        "accuracy": 0.5465116279069767,
        "precision": 0.6842105263157895,
        "recall": 0.2826086956521739,
        "f1_score": 0.39999999999999997,
        "balanced_accuracy": 0.566304347826087,
        "description": "Agreement analysis between 'vanilla_no_cot' and 'original correctness'."
    },
    "summary": {
        "agreement_count": "54",
        "agreement_percentage": 62.7906976744186,
        "mcc": 0.2663780856520238,
        "accuracy": 0.627906976744186,
        "precision": 0.6842105263157895,
        "recall": 0.5652173913043478,
        "f1_score": 0.6190476190476191,
        "balanced_accuracy": 0.6326086956521739,
        "description": "Agreement analysis between 'summary' and 'original correctness'."
    },
    "simple verify": {
        "agreement_count": "46",
        "agreement_percentage": 53.48837209302325,
        "mcc": 0.10624323704622426,
        "accuracy": 0.5348837209302325,
        "precision": 0.6153846153846154,
        "recall": 0.34782608695652173,
        "f1_score": 0.4444444444444444,
        "balanced_accuracy": 0.5489130434782609,
        "description": "Agreement analysis between 'simple verify' and 'original correctness'."
    },
    "complex verify": {
        "agreement_count": "48",
        "agreement_percentage": 55.81395348837209,
        "mcc": 0.15040816886990271,
        "accuracy": 0.5581395348837209,
        "precision": 0.6428571428571429,
        "recall": 0.391304347826087,
        "f1_score": 0.4864864864864865,
        "balanced_accuracy": 0.5706521739130435,
        "description": "Agreement analysis between 'complex verify' and 'original correctness'."
    },
    "summary verify": {
        "agreement_count": "48",
        "agreement_percentage": 55.81395348837209,
        "mcc": 0.15040816886990271,
        "accuracy": 0.5581395348837209,
        "precision": 0.6428571428571429,
        "recall": 0.391304347826087,
        "f1_score": 0.4864864864864865,
        "balanced_accuracy": 0.5706521739130435,
        "description": "Agreement analysis between 'summary verify' and 'original correctness'."
    },
    "simple verify fsl": {
        "agreement_count": "50",
        "agreement_percentage": 58.139534883720934,
        "mcc": 0.1933816959571483,
        "accuracy": 0.5813953488372093,
        "precision": 0.6666666666666666,
        "recall": 0.43478260869565216,
        "f1_score": 0.5263157894736841,
        "balanced_accuracy": 0.592391304347826,
        "description": "Agreement analysis between 'simple verify fsl' and 'original correctness'."
    },
    "complex verify fsl": {
        "agreement_count": "45",
        "agreement_percentage": 52.32558139534884,
        "mcc": 0.08941487042779958,
        "accuracy": 0.5232558139534884,
        "precision": 0.6086956521739131,
        "recall": 0.30434782608695654,
        "f1_score": 0.4057971014492754,
        "balanced_accuracy": 0.5396739130434782,
        "description": "Agreement analysis between 'complex verify fsl' and 'original correctness'."
    },
    "summary verify fsl": {
        "agreement_count": "50",
        "agreement_percentage": 58.139534883720934,
        "mcc": 0.20776455244594969,
        "accuracy": 0.5813953488372093,
        "precision": 0.6923076923076923,
        "recall": 0.391304347826087,
        "f1_score": 0.5,
        "balanced_accuracy": 0.5956521739130435,
        "description": "Agreement analysis between 'summary verify fsl' and 'original correctness'."
    }
}