{
    "total_valid_rows": {
        "value": 28,
        "description": "Total number of valid rows after preprocessing and removing invalid entries."
    },
    "summary fsl": {
        "agreement_count": "9",
        "agreement_percentage": 32.142857142857146,
        "mcc": -0.18257418583505539,
        "accuracy": 0.32142857142857145,
        "precision": 0.5714285714285714,
        "recall": 0.2,
        "f1_score": 0.29629629629629634,
        "balanced_accuracy": 0.4125,
        "description": "Agreement analysis between 'summary fsl' and 'original correctness'."
    },
    "naive correctness fsl": {
        "agreement_count": "14",
        "agreement_percentage": 50.0,
        "mcc": 0.3302891295379082,
        "accuracy": 0.5,
        "precision": 1.0,
        "recall": 0.3,
        "f1_score": 0.4615384615384615,
        "balanced_accuracy": 0.65,
        "description": "Agreement analysis between 'naive correctness fsl' and 'original correctness'."
    },
    "simple tree": {
        "agreement_count": "16",
        "agreement_percentage": 57.14285714285714,
        "mcc": 0.023570226039551584,
        "accuracy": 0.5714285714285714,
        "precision": 0.7222222222222222,
        "recall": 0.65,
        "f1_score": 0.6842105263157895,
        "balanced_accuracy": 0.5125,
        "description": "Agreement analysis between 'simple tree' and 'original correctness'."
    },
    "complex tree": {
        "agreement_count": "15",
        "agreement_percentage": 53.57142857142857,
        "mcc": -0.023124864503144014,
        "accuracy": 0.5357142857142857,
        "precision": 0.7058823529411765,
        "recall": 0.6,
        "f1_score": 0.6486486486486486,
        "balanced_accuracy": 0.4875,
        "description": "Agreement analysis between 'complex tree' and 'original correctness'."
    },
    "vanilla": {
        "agreement_count": "14",
        "agreement_percentage": 50.0,
        "mcc": 0.0,
        "accuracy": 0.5,
        "precision": 0.7142857142857143,
        "recall": 0.5,
        "f1_score": 0.588235294117647,
        "balanced_accuracy": 0.5,
        "description": "Agreement analysis between 'vanilla' and 'original correctness'."
    },
    "vanilla_no_cot": {
        "agreement_count": "13",
        "agreement_percentage": 46.42857142857143,
        "mcc": 0.18257418583505539,
        "accuracy": 0.4642857142857143,
        "precision": 0.8571428571428571,
        "recall": 0.3,
        "f1_score": 0.4444444444444444,
        "balanced_accuracy": 0.5875,
        "description": "Agreement analysis between 'vanilla_no_cot' and 'original correctness'."
    },
    "summary": {
        "agreement_count": "17",
        "agreement_percentage": 60.71428571428571,
        "mcc": 0.20380986614602725,
        "accuracy": 0.6071428571428571,
        "precision": 0.8,
        "recall": 0.6,
        "f1_score": 0.6857142857142857,
        "balanced_accuracy": 0.6125,
        "description": "Agreement analysis between 'summary' and 'original correctness'."
    },
    "simple verify": {
        "agreement_count": "16",
        "agreement_percentage": 57.14285714285714,
        "mcc": 0.15811388300841897,
        "accuracy": 0.5714285714285714,
        "precision": 0.7857142857142857,
        "recall": 0.55,
        "f1_score": 0.6470588235294117,
        "balanced_accuracy": 0.5875,
        "description": "Agreement analysis between 'simple verify' and 'original correctness'."
    },
    "complex verify": {
        "agreement_count": "11",
        "agreement_percentage": 39.285714285714285,
        "mcc": -0.1387491870188641,
        "accuracy": 0.39285714285714285,
        "precision": 0.6363636363636364,
        "recall": 0.35,
        "f1_score": 0.45161290322580644,
        "balanced_accuracy": 0.425,
        "description": "Agreement analysis between 'complex verify' and 'original correctness'."
    },
    "summary verify": {
        "agreement_count": "10",
        "agreement_percentage": 35.714285714285715,
        "mcc": -0.25103950552320115,
        "accuracy": 0.35714285714285715,
        "precision": 0.5833333333333334,
        "recall": 0.35,
        "f1_score": 0.4375,
        "balanced_accuracy": 0.3625,
        "description": "Agreement analysis between 'summary verify' and 'original correctness'."
    },
    "simple verify fsl": {
        "agreement_count": "13",
        "agreement_percentage": 46.42857142857143,
        "mcc": 0.29488391230979427,
        "accuracy": 0.4642857142857143,
        "precision": 1.0,
        "recall": 0.25,
        "f1_score": 0.4,
        "balanced_accuracy": 0.625,
        "description": "Agreement analysis between 'simple verify fsl' and 'original correctness'."
    },
    "complex verify fsl": {
        "agreement_count": "15",
        "agreement_percentage": 53.57142857142857,
        "mcc": 0.36514837167011077,
        "accuracy": 0.5357142857142857,
        "precision": 1.0,
        "recall": 0.35,
        "f1_score": 0.5185185185185185,
        "balanced_accuracy": 0.675,
        "description": "Agreement analysis between 'complex verify fsl' and 'original correctness'."
    },
    "summary verify fsl": {
        "agreement_count": "15",
        "agreement_percentage": 53.57142857142857,
        "mcc": 0.26600795837367097,
        "accuracy": 0.5357142857142857,
        "precision": 0.8888888888888888,
        "recall": 0.4,
        "f1_score": 0.5517241379310346,
        "balanced_accuracy": 0.6375,
        "description": "Agreement analysis between 'summary verify fsl' and 'original correctness'."
    }
}