{
    "total_valid_rows": {
        "value": 34,
        "description": "Total number of valid rows after preprocessing and removing invalid entries."
    },
    "Function summary": {
        "agreement_count": "17",
        "agreement_percentage": 50.0,
        "mcc": 0.0,
        "accuracy": 0.5,
        "precision": 0.5,
        "recall": 0.17647058823529413,
        "f1_score": 0.2608695652173913,
        "balanced_accuracy": 0.5,
        "description": "Agreement analysis between 'Correctness' and 'original correctness'."
    },
    "Naive": {
        "agreement_count": "19",
        "agreement_percentage": 55.88235294117647,
        "mcc": 0.11952286093343935,
        "accuracy": 0.5588235294117647,
        "precision": 0.5714285714285714,
        "recall": 0.47058823529411764,
        "f1_score": 0.5161290322580646,
        "balanced_accuracy": 0.5588235294117647,
        "description": "Agreement analysis between 'naive correctness' and 'original correctness'."
    },
    "Complex tree": {
        "agreement_count": "17",
        "agreement_percentage": 50.0,
        "mcc": 0.0,
        "accuracy": 0.5,
        "precision": 0.5,
        "recall": 0.6470588235294118,
        "f1_score": 0.5641025641025642,
        "balanced_accuracy": 0.5,
        "description": "Agreement analysis between 'annotated correctness' and 'original correctness'."
    },
    "Simple tree": {
        "agreement_count": "22",
        "agreement_percentage": 64.70588235294117,
        "mcc": 0.3143473067309658,
        "accuracy": 0.6470588235294118,
        "precision": 0.6086956521739131,
        "recall": 0.8235294117647058,
        "f1_score": 0.7,
        "balanced_accuracy": 0.6470588235294117,
        "description": "Agreement analysis between 'annotated correctness simple' and 'original correctness'."
    },
    "Naive No FSL": {
        "agreement_count": "14",
        "agreement_percentage": 41.17647058823529,
        "mcc": -0.2182178902359924,
        "accuracy": 0.4117647058823529,
        "precision": 0.2857142857142857,
        "recall": 0.11764705882352941,
        "f1_score": 0.16666666666666666,
        "balanced_accuracy": 0.411764705882353,
        "description": "Agreement analysis between 'naive no fsl correctness' and 'original correctness'."
    },
    "Function summary no FSL": {
        "agreement_count": "17",
        "agreement_percentage": 50.0,
        "mcc": 0.0,
        "accuracy": 0.5,
        "precision": 0.5,
        "recall": 0.058823529411764705,
        "f1_score": 0.10526315789473684,
        "balanced_accuracy": 0.5,
        "description": "Agreement analysis between 'Correctness no fsl' and 'original correctness'."
    },
    "Simple verify": {
        "agreement_count": "19",
        "agreement_percentage": 55.88235294117647,
        "mcc": 0.11785113019775792,
        "accuracy": 0.5588235294117647,
        "precision": 0.5625,
        "recall": 0.5294117647058824,
        "f1_score": 0.5454545454545455,
        "balanced_accuracy": 0.5588235294117647,
        "description": "Agreement analysis between 'simple verify' and 'original correctness'."
    },
    "Complex verify": {
        "agreement_count": "17",
        "agreement_percentage": 50.0,
        "mcc": 0.0,
        "accuracy": 0.5,
        "precision": 0.5,
        "recall": 0.47058823529411764,
        "f1_score": 0.48484848484848486,
        "balanced_accuracy": 0.5,
        "description": "Agreement analysis between 'complex verify' and 'original correctness'."
    },
    "Default verify": {
        "agreement_count": "17",
        "agreement_percentage": 50.0,
        "mcc": 0.0,
        "accuracy": 0.5,
        "precision": 0.5,
        "recall": 0.35294117647058826,
        "f1_score": 0.41379310344827586,
        "balanced_accuracy": 0.5,
        "description": "Agreement analysis between 'default verify' and 'original correctness'."
    },
    "Simple verify no FSL": {
        "agreement_count": "16",
        "agreement_percentage": 47.05882352941176,
        "mcc": -0.06286946134619316,
        "accuracy": 0.47058823529411764,
        "precision": 0.45454545454545453,
        "recall": 0.29411764705882354,
        "f1_score": 0.35714285714285715,
        "balanced_accuracy": 0.47058823529411764,
        "description": "Agreement analysis between 'simple verify no fsl' and 'original correctness'."
    },
    "Complex verify no FSL": {
        "agreement_count": "14",
        "agreement_percentage": 41.17647058823529,
        "mcc": -0.18860838403857946,
        "accuracy": 0.4117647058823529,
        "precision": 0.36363636363636365,
        "recall": 0.23529411764705882,
        "f1_score": 0.2857142857142857,
        "balanced_accuracy": 0.4117647058823529,
        "description": "Agreement analysis between 'complex verify no fsl' and 'original correctness'."
    },
    "Default verify no FSL": {
        "agreement_count": "13",
        "agreement_percentage": 38.23529411764706,
        "mcc": -0.2773500981126146,
        "accuracy": 0.38235294117647056,
        "precision": 0.25,
        "recall": 0.11764705882352941,
        "f1_score": 0.15999999999999998,
        "balanced_accuracy": 0.3823529411764706,
        "description": "Agreement analysis between 'default verify no fsl' and 'original correctness'."
    },
    "naive_correctness_vs_correctness_diff": {
        "description": "Analysis of cases where 'naive correctness' and 'Correctness' differ.",
        "count": 14,
        "original_agreement_count": "8",
        "original_agreement_percentage": 57.14285714285714
    },
    "naive_correctness_vs_correctness_same": {
        "description": "Analysis of cases where 'naive correctness' and 'Correctness' are the same.",
        "count": 20,
        "original_agreement_count": "11",
        "original_disagreement_count": "9"
    }
}