{
    "total_valid_rows": {
        "value": 27,
        "description": "Total number of valid rows after preprocessing and removing invalid entries."
    },
    "summary fsl": {
        "agreement_count": "13",
        "agreement_percentage": 48.148148148148145,
        "mcc": 0,
        "accuracy": 0.48148148148148145,
        "precision": 0,
        "recall": 0.0,
        "f1_score": 0,
        "balanced_accuracy": 0.5,
        "description": "Agreement analysis between 'summary fsl' and 'original correctness'."
    },
    "naive correctness fsl": {
        "agreement_count": "13",
        "agreement_percentage": 48.148148148148145,
        "mcc": 0,
        "accuracy": 0.48148148148148145,
        "precision": 0,
        "recall": 0.0,
        "f1_score": 0,
        "balanced_accuracy": 0.5,
        "description": "Agreement analysis between 'naive correctness fsl' and 'original correctness'."
    },
    "simple tree": {
        "agreement_count": "13",
        "agreement_percentage": 48.148148148148145,
        "mcc": -0.06264700137907352,
        "accuracy": 0.48148148148148145,
        "precision": 0.5,
        "recall": 0.7142857142857143,
        "f1_score": 0.588235294117647,
        "balanced_accuracy": 0.4725274725274725,
        "description": "Agreement analysis between 'simple tree' and 'original correctness'."
    },
    "complex tree": {
        "agreement_count": "14",
        "agreement_percentage": 51.85185185185185,
        "mcc": 0.015456116693379658,
        "accuracy": 0.5185185185185185,
        "precision": 0.5217391304347826,
        "recall": 0.8571428571428571,
        "f1_score": 0.6486486486486486,
        "balanced_accuracy": 0.5054945054945055,
        "description": "Agreement analysis between 'complex tree' and 'original correctness'."
    },
    "vanilla": {
        "agreement_count": "16",
        "agreement_percentage": 59.25925925925925,
        "mcc": 0.18232322463624387,
        "accuracy": 0.5925925925925926,
        "precision": 0.6,
        "recall": 0.6428571428571429,
        "f1_score": 0.6206896551724138,
        "balanced_accuracy": 0.5906593406593407,
        "description": "Agreement analysis between 'vanilla' and 'original correctness'."
    },
    "vanilla_no_cot": {
        "agreement_count": "13",
        "agreement_percentage": 48.148148148148145,
        "mcc": -0.015456116693379658,
        "accuracy": 0.48148148148148145,
        "precision": 0.5,
        "recall": 0.14285714285714285,
        "f1_score": 0.22222222222222224,
        "balanced_accuracy": 0.4945054945054945,
        "description": "Agreement analysis between 'vanilla_no_cot' and 'original correctness'."
    },
    "summary": {
        "agreement_count": "18",
        "agreement_percentage": 66.66666666666666,
        "mcc": 0.37640370458140543,
        "accuracy": 0.6666666666666666,
        "precision": 0.6190476190476191,
        "recall": 0.9285714285714286,
        "f1_score": 0.742857142857143,
        "balanced_accuracy": 0.6565934065934066,
        "description": "Agreement analysis between 'summary' and 'original correctness'."
    },
    "simple verify": {
        "agreement_count": "15",
        "agreement_percentage": 55.55555555555556,
        "mcc": 0.12507270025494252,
        "accuracy": 0.5555555555555556,
        "precision": 0.6,
        "recall": 0.42857142857142855,
        "f1_score": 0.5,
        "balanced_accuracy": 0.5604395604395604,
        "description": "Agreement analysis between 'simple verify' and 'original correctness'."
    },
    "complex verify": {
        "agreement_count": "16",
        "agreement_percentage": 59.25925925925925,
        "mcc": 0.19555819336710745,
        "accuracy": 0.5925925925925926,
        "precision": 0.6363636363636364,
        "recall": 0.5,
        "f1_score": 0.56,
        "balanced_accuracy": 0.5961538461538461,
        "description": "Agreement analysis between 'complex verify' and 'original correctness'."
    },
    "summary verify": {
        "agreement_count": "18",
        "agreement_percentage": 66.66666666666666,
        "mcc": 0.33516483516483514,
        "accuracy": 0.6666666666666666,
        "precision": 0.6923076923076923,
        "recall": 0.6428571428571429,
        "f1_score": 0.6666666666666666,
        "balanced_accuracy": 0.6675824175824177,
        "description": "Agreement analysis between 'summary verify' and 'original correctness'."
    },
    "simple verify fsl": {
        "agreement_count": "16",
        "agreement_percentage": 59.25925925925925,
        "mcc": 0.19555819336710745,
        "accuracy": 0.5925925925925926,
        "precision": 0.6363636363636364,
        "recall": 0.5,
        "f1_score": 0.56,
        "balanced_accuracy": 0.5961538461538461,
        "description": "Agreement analysis between 'simple verify fsl' and 'original correctness'."
    },
    "complex verify fsl": {
        "agreement_count": "11",
        "agreement_percentage": 40.74074074074074,
        "mcc": -0.18192392764355278,
        "accuracy": 0.4074074074074074,
        "precision": 0.4,
        "recall": 0.2857142857142857,
        "f1_score": 0.3333333333333333,
        "balanced_accuracy": 0.41208791208791207,
        "description": "Agreement analysis between 'complex verify fsl' and 'original correctness'."
    },
    "summary verify fsl": {
        "agreement_count": "13",
        "agreement_percentage": 48.148148148148145,
        "mcc": -0.033149677206589796,
        "accuracy": 0.48148148148148145,
        "precision": 0.5,
        "recall": 0.42857142857142855,
        "f1_score": 0.4615384615384615,
        "balanced_accuracy": 0.48351648351648346,
        "description": "Agreement analysis between 'summary verify fsl' and 'original correctness'."
    }
}