{
    "total_valid_rows": {
        "value": 102,
        "description": "Total number of valid rows after preprocessing and removing invalid entries."
    },
    "summary fsl": {
        "agreement_count": "54",
        "agreement_percentage": 52.94117647058824,
        "mcc": 0.16179581148900182,
        "accuracy": 0.5294117647058824,
        "precision": 0.8333333333333334,
        "recall": 0.09615384615384616,
        "f1_score": 0.1724137931034483,
        "balanced_accuracy": 0.5380769230769231,
        "description": "Agreement analysis between 'summary fsl' and 'original correctness'."
    },
    "naive correctness fsl": {
        "agreement_count": "56",
        "agreement_percentage": 54.90196078431373,
        "mcc": 0.24514516892273003,
        "accuracy": 0.5490196078431373,
        "precision": 1.0,
        "recall": 0.11538461538461539,
        "f1_score": 0.20689655172413793,
        "balanced_accuracy": 0.5576923076923077,
        "description": "Agreement analysis between 'naive correctness fsl' and 'original correctness'."
    },
    "simple tree": {
        "agreement_count": "68",
        "agreement_percentage": 66.66666666666666,
        "mcc": 0.33386542211916725,
        "accuracy": 0.6666666666666666,
        "precision": 0.6551724137931034,
        "recall": 0.7307692307692307,
        "f1_score": 0.6909090909090909,
        "balanced_accuracy": 0.6653846153846154,
        "description": "Agreement analysis between 'simple tree' and 'original correctness'."
    },
    "complex tree": {
        "agreement_count": "62",
        "agreement_percentage": 60.78431372549019,
        "mcc": 0.22458906307464585,
        "accuracy": 0.6078431372549019,
        "precision": 0.5857142857142857,
        "recall": 0.7884615384615384,
        "f1_score": 0.6721311475409837,
        "balanced_accuracy": 0.6042307692307692,
        "description": "Agreement analysis between 'complex tree' and 'original correctness'."
    },
    "vanilla": {
        "agreement_count": "58",
        "agreement_percentage": 56.86274509803921,
        "mcc": 0.1376923076923077,
        "accuracy": 0.5686274509803921,
        "precision": 0.58,
        "recall": 0.5576923076923077,
        "f1_score": 0.5686274509803922,
        "balanced_accuracy": 0.5688461538461538,
        "description": "Agreement analysis between 'vanilla' and 'original correctness'."
    },
    "vanilla_no_cot": {
        "agreement_count": "57",
        "agreement_percentage": 55.88235294117647,
        "mcc": 0.17541160386140583,
        "accuracy": 0.5588235294117647,
        "precision": 0.7058823529411765,
        "recall": 0.23076923076923078,
        "f1_score": 0.3478260869565218,
        "balanced_accuracy": 0.5653846153846154,
        "description": "Agreement analysis between 'vanilla_no_cot' and 'original correctness'."
    },
    "summary": {
        "agreement_count": "65",
        "agreement_percentage": 63.725490196078425,
        "mcc": 0.274159247240547,
        "accuracy": 0.6372549019607843,
        "precision": 0.631578947368421,
        "recall": 0.6923076923076923,
        "f1_score": 0.6605504587155963,
        "balanced_accuracy": 0.6361538461538461,
        "description": "Agreement analysis between 'summary' and 'original correctness'."
    },
    "simple verify": {
        "agreement_count": "57",
        "agreement_percentage": 55.88235294117647,
        "mcc": 0.12225953522770641,
        "accuracy": 0.5588235294117647,
        "precision": 0.5813953488372093,
        "recall": 0.4807692307692308,
        "f1_score": 0.5263157894736843,
        "balanced_accuracy": 0.5603846153846154,
        "description": "Agreement analysis between 'simple verify' and 'original correctness'."
    },
    "complex verify": {
        "agreement_count": "59",
        "agreement_percentage": 57.84313725490197,
        "mcc": 0.16392030819163417,
        "accuracy": 0.5784313725490197,
        "precision": 0.6097560975609756,
        "recall": 0.4807692307692308,
        "f1_score": 0.5376344086021505,
        "balanced_accuracy": 0.5803846153846154,
        "description": "Agreement analysis between 'complex verify' and 'original correctness'."
    },
    "summary verify": {
        "agreement_count": "65",
        "agreement_percentage": 63.725490196078425,
        "mcc": 0.27695390725898766,
        "accuracy": 0.6372549019607843,
        "precision": 0.6595744680851063,
        "recall": 0.5961538461538461,
        "f1_score": 0.6262626262626262,
        "balanced_accuracy": 0.6380769230769231,
        "description": "Agreement analysis between 'summary verify' and 'original correctness'."
    },
    "simple verify fsl": {
        "agreement_count": "63",
        "agreement_percentage": 61.76470588235294,
        "mcc": 0.24391969305070924,
        "accuracy": 0.6176470588235294,
        "precision": 0.6585365853658537,
        "recall": 0.5192307692307693,
        "f1_score": 0.5806451612903226,
        "balanced_accuracy": 0.6196153846153847,
        "description": "Agreement analysis between 'simple verify fsl' and 'original correctness'."
    },
    "complex verify fsl": {
        "agreement_count": "61",
        "agreement_percentage": 59.80392156862745,
        "mcc": 0.21302356412278942,
        "accuracy": 0.5980392156862745,
        "precision": 0.6571428571428571,
        "recall": 0.4423076923076923,
        "f1_score": 0.528735632183908,
        "balanced_accuracy": 0.6011538461538461,
        "description": "Agreement analysis between 'complex verify fsl' and 'original correctness'."
    },
    "summary verify fsl": {
        "agreement_count": "59",
        "agreement_percentage": 57.84313725490197,
        "mcc": 0.1687595025784887,
        "accuracy": 0.5784313725490197,
        "precision": 0.6216216216216216,
        "recall": 0.4423076923076923,
        "f1_score": 0.5168539325842696,
        "balanced_accuracy": 0.5811538461538461,
        "description": "Agreement analysis between 'summary verify fsl' and 'original correctness'."
    }
}