{
    "total_valid_rows": {
        "value": 1621,
        "description": "Total number of valid rows after preprocessing and removing invalid entries."
    },
    "summary fsl": {
        "agreement_count": "829",
        "agreement_percentage": 51.14127082048119,
        "mcc": 0.0794591951651031,
        "accuracy": 0.5114127082048119,
        "precision": 0.7049180327868853,
        "recall": 0.05263157894736842,
        "f1_score": 0.09794988610478358,
        "balanced_accuracy": 0.5151217596229379,
        "description": "Agreement analysis between 'summary fsl' and 'original correctness'."
    },
    "naive correctness fsl": {
        "agreement_count": "836",
        "agreement_percentage": 51.573103022825414,
        "mcc": 0.08520523495721904,
        "accuracy": 0.5157310302282542,
        "precision": 0.6818181818181818,
        "recall": 0.07343941248470012,
        "f1_score": 0.13259668508287295,
        "balanced_accuracy": 0.519306770918967,
        "description": "Agreement analysis between 'naive correctness fsl' and 'original correctness'."
    },
    "simple tree": {
        "agreement_count": "910",
        "agreement_percentage": 56.13818630475016,
        "mcc": 0.1250060252767116,
        "accuracy": 0.5613818630475016,
        "precision": 0.5518590998043053,
        "recall": 0.6903304773561811,
        "f1_score": 0.6133768352365416,
        "balanced_accuracy": 0.5603393680313244,
        "description": "Agreement analysis between 'simple tree' and 'original correctness'."
    },
    "complex tree": {
        "agreement_count": "914",
        "agreement_percentage": 56.384947563232565,
        "mcc": 0.1286403161375244,
        "accuracy": 0.5638494756323257,
        "precision": 0.5567010309278351,
        "recall": 0.6609547123623011,
        "f1_score": 0.604364857302742,
        "balanced_accuracy": 0.5630644208577674,
        "description": "Agreement analysis between 'complex tree' and 'original correctness'."
    },
    "summary": {
        "agreement_count": "887",
        "agreement_percentage": 54.71930906847625,
        "mcc": 0.09421650846535581,
        "accuracy": 0.5471930906847625,
        "precision": 0.5499398315282792,
        "recall": 0.5593635250917993,
        "f1_score": 0.5546116504854369,
        "balanced_accuracy": 0.5470946978692828,
        "description": "Agreement analysis between 'summary' and 'original correctness'."
    },
    "simple verify": {
        "agreement_count": "818",
        "agreement_percentage": 50.46267735965454,
        "mcc": 0.010758196679428568,
        "accuracy": 0.5046267735965454,
        "precision": 0.5103857566765578,
        "recall": 0.42105263157894735,
        "f1_score": 0.46143527833668674,
        "balanced_accuracy": 0.5053024351924588,
        "description": "Agreement analysis between 'simple verify' and 'original correctness'."
    },
    "complex verify": {
        "agreement_count": "837",
        "agreement_percentage": 51.63479333744602,
        "mcc": 0.03452358351163385,
        "accuracy": 0.5163479333744602,
        "precision": 0.5244444444444445,
        "recall": 0.43329253365973075,
        "f1_score": 0.47453083109919575,
        "balanced_accuracy": 0.5170194011582236,
        "description": "Agreement analysis between 'complex verify' and 'original correctness'."
    },
    "summary verify": {
        "agreement_count": "831",
        "agreement_percentage": 51.2646514497224,
        "mcc": 0.026621431208672722,
        "accuracy": 0.512646514497224,
        "precision": 0.5192582025677603,
        "recall": 0.4455324357405141,
        "f1_score": 0.47957839262187085,
        "balanced_accuracy": 0.5131891034423963,
        "description": "Agreement analysis between 'summary verify' and 'original correctness'."
    },
    "simple verify fsl": {
        "agreement_count": "884",
        "agreement_percentage": 54.53423812461443,
        "mcc": 0.09785972021767424,
        "accuracy": 0.5453423812461443,
        "precision": 0.5711743772241993,
        "recall": 0.3929008567931457,
        "f1_score": 0.46555474981870926,
        "balanced_accuracy": 0.5465748065060256,
        "description": "Agreement analysis between 'simple verify fsl' and 'original correctness'."
    },
    "complex verify fsl": {
        "agreement_count": "857",
        "agreement_percentage": 52.86859962985812,
        "mcc": 0.06334922580394096,
        "accuracy": 0.5286859962985812,
        "precision": 0.5482695810564663,
        "recall": 0.3684210526315789,
        "f1_score": 0.4407027818448023,
        "balanced_accuracy": 0.5299816705943964,
        "description": "Agreement analysis between 'complex verify fsl' and 'original correctness'."
    },
    "summary verify fsl": {
        "agreement_count": "854",
        "agreement_percentage": 52.68352868599629,
        "mcc": 0.058695653957886555,
        "accuracy": 0.526835286859963,
        "precision": 0.543859649122807,
        "recall": 0.379436964504284,
        "f1_score": 0.4470079307858688,
        "balanced_accuracy": 0.5280269399635849,
        "description": "Agreement analysis between 'summary verify fsl' and 'original correctness'."
    }
}