{
    "total_valid_rows": {
        "value": 280,
        "description": "Total number of valid rows after preprocessing and removing invalid entries."
    },
    "summary fsl": {
        "agreement_count": "158",
        "agreement_percentage": 56.42857142857143,
        "mcc": 0.09590317697990358,
        "accuracy": 0.5642857142857143,
        "precision": 0.8,
        "recall": 0.032,
        "f1_score": 0.061538461538461535,
        "balanced_accuracy": 0.512774193548387,
        "description": "Agreement analysis between 'summary fsl' and 'original correctness'."
    },
    "naive correctness fsl": {
        "agreement_count": "160",
        "agreement_percentage": 57.14285714285714,
        "mcc": 0.10913771904773863,
        "accuracy": 0.5714285714285714,
        "precision": 0.6923076923076923,
        "recall": 0.072,
        "f1_score": 0.13043478260869565,
        "balanced_accuracy": 0.5230967741935484,
        "description": "Agreement analysis between 'naive correctness fsl' and 'original correctness'."
    },
    "simple tree": {
        "agreement_count": "157",
        "agreement_percentage": 56.07142857142857,
        "mcc": 0.16191866265019453,
        "accuracy": 0.5607142857142857,
        "precision": 0.5054945054945055,
        "recall": 0.736,
        "f1_score": 0.5993485342019543,
        "balanced_accuracy": 0.5776774193548387,
        "description": "Agreement analysis between 'simple tree' and 'original correctness'."
    },
    "complex tree": {
        "agreement_count": "148",
        "agreement_percentage": 52.85714285714286,
        "mcc": 0.09109956964298223,
        "accuracy": 0.5285714285714286,
        "precision": 0.48044692737430167,
        "recall": 0.688,
        "f1_score": 0.5657894736842105,
        "balanced_accuracy": 0.544,
        "description": "Agreement analysis between 'complex tree' and 'original correctness'."
    },
    "vanilla": {
        "agreement_count": "172",
        "agreement_percentage": 61.42857142857143,
        "mcc": 0.2447917323851023,
        "accuracy": 0.6142857142857143,
        "precision": 0.554140127388535,
        "recall": 0.696,
        "f1_score": 0.6170212765957447,
        "balanced_accuracy": 0.6221935483870967,
        "description": "Agreement analysis between 'vanilla' and 'original correctness'."
    },
    "vanilla_no_cot": {
        "agreement_count": "168",
        "agreement_percentage": 60.0,
        "mcc": 0.17672062187140183,
        "accuracy": 0.6,
        "precision": 0.6585365853658537,
        "recall": 0.216,
        "f1_score": 0.32530120481927716,
        "balanced_accuracy": 0.5628387096774193,
        "description": "Agreement analysis between 'vanilla_no_cot' and 'original correctness'."
    },
    "summary": {
        "agreement_count": "155",
        "agreement_percentage": 55.35714285714286,
        "mcc": 0.11248495325471088,
        "accuracy": 0.5535714285714286,
        "precision": 0.5,
        "recall": 0.584,
        "f1_score": 0.5387453874538745,
        "balanced_accuracy": 0.556516129032258,
        "description": "Agreement analysis between 'summary' and 'original correctness'."
    },
    "simple verify": {
        "agreement_count": "161",
        "agreement_percentage": 57.49999999999999,
        "mcc": 0.1407978938792094,
        "accuracy": 0.575,
        "precision": 0.5238095238095238,
        "recall": 0.528,
        "f1_score": 0.5258964143426296,
        "balanced_accuracy": 0.5704516129032258,
        "description": "Agreement analysis between 'simple verify' and 'original correctness'."
    },
    "complex verify": {
        "agreement_count": "166",
        "agreement_percentage": 59.285714285714285,
        "mcc": 0.178875402720584,
        "accuracy": 0.5928571428571429,
        "precision": 0.5426356589147286,
        "recall": 0.56,
        "f1_score": 0.5511811023622046,
        "balanced_accuracy": 0.5896774193548387,
        "description": "Agreement analysis between 'complex verify' and 'original correctness'."
    },
    "summary verify": {
        "agreement_count": "169",
        "agreement_percentage": 60.357142857142854,
        "mcc": 0.19856113239375686,
        "accuracy": 0.6035714285714285,
        "precision": 0.5555555555555556,
        "recall": 0.56,
        "f1_score": 0.5577689243027889,
        "balanced_accuracy": 0.5993548387096774,
        "description": "Agreement analysis between 'summary verify' and 'original correctness'."
    },
    "simple verify fsl": {
        "agreement_count": "165",
        "agreement_percentage": 58.92857142857143,
        "mcc": 0.15718020538121674,
        "accuracy": 0.5892857142857143,
        "precision": 0.5480769230769231,
        "recall": 0.456,
        "f1_score": 0.49781659388646293,
        "balanced_accuracy": 0.5763870967741935,
        "description": "Agreement analysis between 'simple verify fsl' and 'original correctness'."
    },
    "complex verify fsl": {
        "agreement_count": "162",
        "agreement_percentage": 57.85714285714286,
        "mcc": 0.1322937061792375,
        "accuracy": 0.5785714285714286,
        "precision": 0.5353535353535354,
        "recall": 0.424,
        "f1_score": 0.4732142857142857,
        "balanced_accuracy": 0.5636129032258065,
        "description": "Agreement analysis between 'complex verify fsl' and 'original correctness'."
    },
    "summary verify fsl": {
        "agreement_count": "159",
        "agreement_percentage": 56.785714285714285,
        "mcc": 0.11030878783594317,
        "accuracy": 0.5678571428571428,
        "precision": 0.52,
        "recall": 0.416,
        "f1_score": 0.4622222222222222,
        "balanced_accuracy": 0.5531612903225807,
        "description": "Agreement analysis between 'summary verify fsl' and 'original correctness'."
    }
}