{
    "total_valid_rows": {
        "value": 452,
        "description": "Total number of valid rows after preprocessing and removing invalid entries."
    },
    "Function summary": {
        "agreement_count": "321",
        "agreement_percentage": 71.01769911504425,
        "mcc": 0.24137057416621083,
        "accuracy": 0.7101769911504425,
        "precision": 0.5432098765432098,
        "recall": 0.3188405797101449,
        "f1_score": 0.4018264840182648,
        "balanced_accuracy": 0.6005030924028432,
        "description": "Agreement analysis between 'Correctness' and 'original correctness'."
    },
    "Naive": {
        "agreement_count": "331",
        "agreement_percentage": 73.23008849557522,
        "mcc": 0.30996444381008054,
        "accuracy": 0.7323008849557522,
        "precision": 0.5977011494252874,
        "recall": 0.37681159420289856,
        "f1_score": 0.4622222222222222,
        "balanced_accuracy": 0.6326733130250162,
        "description": "Agreement analysis between 'naive correctness' and 'original correctness'."
    },
    "Complex tree": {
        "agreement_count": "277",
        "agreement_percentage": 61.283185840707965,
        "mcc": 0.24313167234331864,
        "accuracy": 0.6128318584070797,
        "precision": 0.4177777777777778,
        "recall": 0.6811594202898551,
        "f1_score": 0.5179063360881543,
        "balanced_accuracy": 0.6319809840302779,
        "description": "Agreement analysis between 'annotated correctness' and 'original correctness'."
    },
    "Simple tree": {
        "agreement_count": "304",
        "agreement_percentage": 67.2566371681416,
        "mcc": 0.4056523521327516,
        "accuracy": 0.672566371681416,
        "precision": 0.4793388429752066,
        "recall": 0.8405797101449275,
        "f1_score": 0.6105263157894737,
        "balanced_accuracy": 0.7196529123973046,
        "description": "Agreement analysis between 'annotated correctness simple' and 'original correctness'."
    },
    "Naive No FSL": {
        "agreement_count": "335",
        "agreement_percentage": 74.11504424778761,
        "mcc": 0.3325351277106264,
        "accuracy": 0.7411504424778761,
        "precision": 0.6235294117647059,
        "recall": 0.38405797101449274,
        "f1_score": 0.4753363228699552,
        "balanced_accuracy": 0.6410735714945075,
        "description": "Agreement analysis between 'naive no fsl correctness' and 'original correctness'."
    },
    "Function summary no FSL": {
        "agreement_count": "333",
        "agreement_percentage": 73.67256637168141,
        "mcc": 0.2942025356183337,
        "accuracy": 0.7367256637168141,
        "precision": 0.6938775510204082,
        "recall": 0.2463768115942029,
        "f1_score": 0.3636363636363637,
        "balanced_accuracy": 0.5993030554786302,
        "description": "Agreement analysis between 'Correctness no fsl' and 'original correctness'."
    },
    "Simple verify": {
        "agreement_count": "323",
        "agreement_percentage": 71.46017699115043,
        "mcc": 0.2991874518737973,
        "accuracy": 0.7146017699115044,
        "precision": 0.5384615384615384,
        "recall": 0.45652173913043476,
        "f1_score": 0.49411764705882355,
        "balanced_accuracy": 0.6422736084187206,
        "description": "Agreement analysis between 'simple verify' and 'original correctness'."
    },
    "Complex verify": {
        "agreement_count": "330",
        "agreement_percentage": 73.00884955752213,
        "mcc": 0.33164941613311005,
        "accuracy": 0.7300884955752213,
        "precision": 0.5714285714285714,
        "recall": 0.463768115942029,
        "f1_score": 0.5119999999999999,
        "balanced_accuracy": 0.6554509369519063,
        "description": "Agreement analysis between 'complex verify' and 'original correctness'."
    },
    "Default verify": {
        "agreement_count": "338",
        "agreement_percentage": 74.77876106194691,
        "mcc": 0.34154262186738293,
        "accuracy": 0.7477876106194691,
        "precision": 0.6666666666666666,
        "recall": 0.34782608695652173,
        "f1_score": 0.4571428571428571,
        "balanced_accuracy": 0.6356964829687067,
        "description": "Agreement analysis between 'default verify' and 'original correctness'."
    },
    "Simple verify no FSL": {
        "agreement_count": "330",
        "agreement_percentage": 73.00884955752213,
        "mcc": 0.3387735002859782,
        "accuracy": 0.7300884955752213,
        "precision": 0.5677966101694916,
        "recall": 0.4855072463768116,
        "f1_score": 0.5234375,
        "balanced_accuracy": 0.6615434321056033,
        "description": "Agreement analysis between 'simple verify no fsl' and 'original correctness'."
    },
    "Complex verify no FSL": {
        "agreement_count": "333",
        "agreement_percentage": 73.67256637168141,
        "mcc": 0.3427927682082558,
        "accuracy": 0.7367256637168141,
        "precision": 0.5887850467289719,
        "recall": 0.45652173913043476,
        "f1_score": 0.5142857142857142,
        "balanced_accuracy": 0.6581971752977015,
        "description": "Agreement analysis between 'complex verify no fsl' and 'original correctness'."
    },
    "Default verify no FSL": {
        "agreement_count": "334",
        "agreement_percentage": 73.89380530973452,
        "mcc": 0.3236740972316302,
        "accuracy": 0.7389380530973452,
        "precision": 0.6219512195121951,
        "recall": 0.3695652173913043,
        "f1_score": 0.4636363636363636,
        "balanced_accuracy": 0.6354195513708114,
        "description": "Agreement analysis between 'default verify no fsl' and 'original correctness'."
    },
    "naive_correctness_vs_correctness_diff": {
        "description": "Analysis of cases where 'naive correctness' and 'Correctness' differ.",
        "count": 98,
        "original_agreement_count": "54",
        "original_agreement_percentage": 55.10204081632652
    },
    "naive_correctness_vs_correctness_same": {
        "description": "Analysis of cases where 'naive correctness' and 'Correctness' are the same.",
        "count": 354,
        "original_agreement_count": "277",
        "original_disagreement_count": "77"
    }
}