{
    "total_valid_rows": {
        "value": 104,
        "description": "Total number of valid rows after preprocessing and removing invalid entries."
    },
    "Function summary": {
        "agreement_count": "48",
        "agreement_percentage": 46.15384615384615,
        "mcc": -0.07629904021845077,
        "accuracy": 0.46153846153846156,
        "precision": 0.4482758620689655,
        "recall": 0.24528301886792453,
        "f1_score": 0.3170731707317073,
        "balanced_accuracy": 0.465778764335923,
        "description": "Agreement analysis between 'Correctness' and 'original correctness'."
    },
    "Naive": {
        "agreement_count": "54",
        "agreement_percentage": 51.92307692307693,
        "mcc": 0.0523782600418554,
        "accuracy": 0.5192307692307693,
        "precision": 0.5517241379310345,
        "recall": 0.3018867924528302,
        "f1_score": 0.3902439024390244,
        "balanced_accuracy": 0.5234924158342582,
        "description": "Agreement analysis between 'naive correctness' and 'original correctness'."
    },
    "Complex tree": {
        "agreement_count": "52",
        "agreement_percentage": 50.0,
        "mcc": -0.007549956228968076,
        "accuracy": 0.5,
        "precision": 0.5070422535211268,
        "recall": 0.6792452830188679,
        "f1_score": 0.5806451612903225,
        "balanced_accuracy": 0.49648538660747316,
        "description": "Agreement analysis between 'annotated correctness' and 'original correctness'."
    },
    "Simple tree": {
        "agreement_count": "67",
        "agreement_percentage": 64.42307692307693,
        "mcc": 0.33009899597718767,
        "accuracy": 0.6442307692307693,
        "precision": 0.6,
        "recall": 0.9056603773584906,
        "f1_score": 0.7218045112781956,
        "balanced_accuracy": 0.6391046984831669,
        "description": "Agreement analysis between 'annotated correctness simple' and 'original correctness'."
    },
    "Naive No FSL": {
        "agreement_count": "50",
        "agreement_percentage": 48.07692307692308,
        "mcc": -0.033326073847616926,
        "accuracy": 0.4807692307692308,
        "precision": 0.48,
        "recall": 0.22641509433962265,
        "f1_score": 0.3076923076923077,
        "balanced_accuracy": 0.48575656677765444,
        "description": "Agreement analysis between 'naive no fsl correctness' and 'original correctness'."
    },
    "Function summary no FSL": {
        "agreement_count": "51",
        "agreement_percentage": 49.03846153846153,
        "mcc": -0.008201544250117642,
        "accuracy": 0.49038461538461536,
        "precision": 0.5,
        "recall": 0.1509433962264151,
        "f1_score": 0.2318840579710145,
        "balanced_accuracy": 0.4970403255641879,
        "description": "Agreement analysis between 'Correctness no fsl' and 'original correctness'."
    },
    "Simple verify": {
        "agreement_count": "54",
        "agreement_percentage": 51.92307692307693,
        "mcc": 0.045971182507021924,
        "accuracy": 0.5192307692307693,
        "precision": 0.5405405405405406,
        "recall": 0.37735849056603776,
        "f1_score": 0.4444444444444445,
        "balanced_accuracy": 0.5220125786163522,
        "description": "Agreement analysis between 'simple verify' and 'original correctness'."
    },
    "Complex verify": {
        "agreement_count": "53",
        "agreement_percentage": 50.96153846153846,
        "mcc": 0.02643505285727147,
        "accuracy": 0.5096153846153846,
        "precision": 0.5277777777777778,
        "recall": 0.3584905660377358,
        "f1_score": 0.42696629213483145,
        "balanced_accuracy": 0.5125786163522013,
        "description": "Agreement analysis between 'complex verify' and 'original correctness'."
    },
    "Default verify": {
        "agreement_count": "52",
        "agreement_percentage": 50.0,
        "mcc": 0.009485826621753339,
        "accuracy": 0.5,
        "precision": 0.5172413793103449,
        "recall": 0.2830188679245283,
        "f1_score": 0.36585365853658536,
        "balanced_accuracy": 0.5042545320014798,
        "description": "Agreement analysis between 'default verify' and 'original correctness'."
    },
    "Simple verify no FSL": {
        "agreement_count": "49",
        "agreement_percentage": 47.11538461538461,
        "mcc": -0.05453829484180921,
        "accuracy": 0.47115384615384615,
        "precision": 0.47368421052631576,
        "recall": 0.33962264150943394,
        "f1_score": 0.39560439560439553,
        "balanced_accuracy": 0.47373288938216795,
        "description": "Agreement analysis between 'simple verify no fsl' and 'original correctness'."
    },
    "Complex verify no FSL": {
        "agreement_count": "53",
        "agreement_percentage": 50.96153846153846,
        "mcc": 0.02643505285727147,
        "accuracy": 0.5096153846153846,
        "precision": 0.5277777777777778,
        "recall": 0.3584905660377358,
        "f1_score": 0.42696629213483145,
        "balanced_accuracy": 0.5125786163522013,
        "description": "Agreement analysis between 'complex verify no fsl' and 'original correctness'."
    },
    "Default verify no FSL": {
        "agreement_count": "49",
        "agreement_percentage": 47.11538461538461,
        "mcc": -0.05503831082489743,
        "accuracy": 0.47115384615384615,
        "precision": 0.4642857142857143,
        "recall": 0.24528301886792453,
        "f1_score": 0.32098765432098764,
        "balanced_accuracy": 0.47558268590455055,
        "description": "Agreement analysis between 'default verify no fsl' and 'original correctness'."
    },
    "naive_correctness_vs_correctness_diff": {
        "description": "Analysis of cases where 'naive correctness' and 'Correctness' differ.",
        "count": 40,
        "original_agreement_count": "23",
        "original_agreement_percentage": 57.49999999999999
    },
    "naive_correctness_vs_correctness_same": {
        "description": "Analysis of cases where 'naive correctness' and 'Correctness' are the same.",
        "count": 64,
        "original_agreement_count": "31",
        "original_disagreement_count": "33"
    }
}