{
    "total_valid_rows": {
        "value": 101,
        "description": "Total number of valid rows after preprocessing and removing invalid entries."
    },
    "summary fsl": {
        "agreement_count": "52",
        "agreement_percentage": 51.48514851485149,
        "mcc": 0.06302029715822352,
        "accuracy": 0.5148514851485149,
        "precision": 0.6,
        "recall": 0.11764705882352941,
        "f1_score": 0.19672131147540983,
        "balanced_accuracy": 0.5188235294117647,
        "description": "Agreement analysis between 'summary fsl' and 'original correctness'."
    },
    "naive correctness fsl": {
        "agreement_count": "54",
        "agreement_percentage": 53.46534653465347,
        "mcc": 0.10417468250588453,
        "accuracy": 0.5346534653465347,
        "precision": 0.625,
        "recall": 0.19607843137254902,
        "f1_score": 0.29850746268656714,
        "balanced_accuracy": 0.5380392156862746,
        "description": "Agreement analysis between 'naive correctness fsl' and 'original correctness'."
    },
    "simple tree": {
        "agreement_count": "63",
        "agreement_percentage": 62.37623762376238,
        "mcc": 0.25096278767413177,
        "accuracy": 0.6237623762376238,
        "precision": 0.6065573770491803,
        "recall": 0.7254901960784313,
        "f1_score": 0.6607142857142857,
        "balanced_accuracy": 0.6227450980392157,
        "description": "Agreement analysis between 'simple tree' and 'original correctness'."
    },
    "complex tree": {
        "agreement_count": "65",
        "agreement_percentage": 64.35643564356435,
        "mcc": 0.29383563067879587,
        "accuracy": 0.6435643564356436,
        "precision": 0.6190476190476191,
        "recall": 0.7647058823529411,
        "f1_score": 0.6842105263157895,
        "balanced_accuracy": 0.6423529411764706,
        "description": "Agreement analysis between 'complex tree' and 'original correctness'."
    },
    "vanilla": {
        "agreement_count": "61",
        "agreement_percentage": 60.396039603960396,
        "mcc": 0.22312254331707299,
        "accuracy": 0.6039603960396039,
        "precision": 0.5774647887323944,
        "recall": 0.803921568627451,
        "f1_score": 0.6721311475409837,
        "balanced_accuracy": 0.6019607843137256,
        "description": "Agreement analysis between 'vanilla' and 'original correctness'."
    },
    "vanilla_no_cot": {
        "agreement_count": "58",
        "agreement_percentage": 57.42574257425742,
        "mcc": 0.16056985490428088,
        "accuracy": 0.5742574257425742,
        "precision": 0.6176470588235294,
        "recall": 0.4117647058823529,
        "f1_score": 0.4941176470588236,
        "balanced_accuracy": 0.5758823529411765,
        "description": "Agreement analysis between 'vanilla_no_cot' and 'original correctness'."
    },
    "summary": {
        "agreement_count": "67",
        "agreement_percentage": 66.33663366336634,
        "mcc": 0.3297871953747954,
        "accuracy": 0.6633663366336634,
        "precision": 0.6440677966101694,
        "recall": 0.7450980392156863,
        "f1_score": 0.6909090909090908,
        "balanced_accuracy": 0.6625490196078432,
        "description": "Agreement analysis between 'summary' and 'original correctness'."
    },
    "simple verify": {
        "agreement_count": "60",
        "agreement_percentage": 59.4059405940594,
        "mcc": 0.19248646708430917,
        "accuracy": 0.594059405940594,
        "precision": 0.578125,
        "recall": 0.7254901960784313,
        "f1_score": 0.6434782608695652,
        "balanced_accuracy": 0.5927450980392157,
        "description": "Agreement analysis between 'simple verify' and 'original correctness'."
    },
    "complex verify": {
        "agreement_count": "57",
        "agreement_percentage": 56.43564356435643,
        "mcc": 0.13140957583607749,
        "accuracy": 0.5643564356435643,
        "precision": 0.5538461538461539,
        "recall": 0.7058823529411765,
        "f1_score": 0.6206896551724139,
        "balanced_accuracy": 0.5629411764705883,
        "description": "Agreement analysis between 'complex verify' and 'original correctness'."
    },
    "summary verify": {
        "agreement_count": "58",
        "agreement_percentage": 57.42574257425742,
        "mcc": 0.14832606807709395,
        "accuracy": 0.5742574257425742,
        "precision": 0.5714285714285714,
        "recall": 0.6274509803921569,
        "f1_score": 0.5981308411214953,
        "balanced_accuracy": 0.5737254901960784,
        "description": "Agreement analysis between 'summary verify' and 'original correctness'."
    },
    "simple verify fsl": {
        "agreement_count": "57",
        "agreement_percentage": 56.43564356435643,
        "mcc": 0.15989864978119514,
        "accuracy": 0.5643564356435643,
        "precision": 0.6521739130434783,
        "recall": 0.29411764705882354,
        "f1_score": 0.4054054054054054,
        "balanced_accuracy": 0.5670588235294117,
        "description": "Agreement analysis between 'simple verify fsl' and 'original correctness'."
    },
    "complex verify fsl": {
        "agreement_count": "56",
        "agreement_percentage": 55.44554455445545,
        "mcc": 0.13405157325952466,
        "accuracy": 0.5544554455445545,
        "precision": 0.625,
        "recall": 0.29411764705882354,
        "f1_score": 0.4,
        "balanced_accuracy": 0.5570588235294117,
        "description": "Agreement analysis between 'complex verify fsl' and 'original correctness'."
    },
    "summary verify fsl": {
        "agreement_count": "47",
        "agreement_percentage": 46.53465346534654,
        "mcc": -0.07309978709264917,
        "accuracy": 0.46534653465346537,
        "precision": 0.4444444444444444,
        "recall": 0.23529411764705882,
        "f1_score": 0.30769230769230765,
        "balanced_accuracy": 0.4676470588235294,
        "description": "Agreement analysis between 'summary verify fsl' and 'original correctness'."
    }
}