{
    "total_valid_rows": {
        "value": 65,
        "description": "Total number of valid rows after preprocessing and removing invalid entries."
    },
    "vanilla": {
        "agreement_count": "42",
        "agreement_percentage": 64.61538461538461,
        "mcc": 0.2817328530613534,
        "accuracy": 0.6461538461538462,
        "precision": 0.6944444444444444,
        "recall": 0.6756756756756757,
        "f1_score": 0.684931506849315,
        "balanced_accuracy": 0.6414092664092663,
        "description": "Agreement analysis between 'vanilla' and 'original correctness'."
    }
}