{
    "total_valid_rows": {
        "value": 22,
        "description": "Total number of valid rows after preprocessing and removing invalid entries."
    },
    "summary fsl": {
        "agreement_count": "8",
        "agreement_percentage": 36.36363636363637,
        "mcc": 0,
        "accuracy": 0.36363636363636365,
        "precision": 0,
        "recall": 0.0,
        "f1_score": 0,
        "balanced_accuracy": 0.5,
        "description": "Agreement analysis between 'summary fsl' and 'original correctness'."
    },
    "naive correctness fsl": {
        "agreement_count": "7",
        "agreement_percentage": 31.818181818181817,
        "mcc": -0.28867513459481287,
        "accuracy": 0.3181818181818182,
        "precision": 0.0,
        "recall": 0.0,
        "f1_score": 0,
        "balanced_accuracy": 0.4375,
        "description": "Agreement analysis between 'naive correctness fsl' and 'original correctness'."
    },
    "simple tree": {
        "agreement_count": "13",
        "agreement_percentage": 59.09090909090909,
        "mcc": 0.040996003084539386,
        "accuracy": 0.5909090909090909,
        "precision": 0.6470588235294118,
        "recall": 0.7857142857142857,
        "f1_score": 0.7096774193548386,
        "balanced_accuracy": 0.5178571428571428,
        "description": "Agreement analysis between 'simple tree' and 'original correctness'."
    },
    "complex tree": {
        "agreement_count": "12",
        "agreement_percentage": 54.54545454545454,
        "mcc": -0.03857583749052298,
        "accuracy": 0.5454545454545454,
        "precision": 0.625,
        "recall": 0.7142857142857143,
        "f1_score": 0.6666666666666666,
        "balanced_accuracy": 0.48214285714285715,
        "description": "Agreement analysis between 'complex tree' and 'original correctness'."
    },
    "vanilla": {
        "agreement_count": "8",
        "agreement_percentage": 36.36363636363637,
        "mcc": -0.4629100498862757,
        "accuracy": 0.36363636363636365,
        "precision": 0.5,
        "recall": 0.5714285714285714,
        "f1_score": 0.5333333333333333,
        "balanced_accuracy": 0.2857142857142857,
        "description": "Agreement analysis between 'vanilla' and 'original correctness'."
    },
    "vanilla_no_cot": {
        "agreement_count": "7",
        "agreement_percentage": 31.818181818181817,
        "mcc": -0.295084445425327,
        "accuracy": 0.3181818181818182,
        "precision": 0.42857142857142855,
        "recall": 0.21428571428571427,
        "f1_score": 0.2857142857142857,
        "balanced_accuracy": 0.35714285714285715,
        "description": "Agreement analysis between 'vanilla_no_cot' and 'original correctness'."
    },
    "summary": {
        "agreement_count": "10",
        "agreement_percentage": 45.45454545454545,
        "mcc": -0.25074294368839933,
        "accuracy": 0.45454545454545453,
        "precision": 0.5625,
        "recall": 0.6428571428571429,
        "f1_score": 0.6000000000000001,
        "balanced_accuracy": 0.38392857142857145,
        "description": "Agreement analysis between 'summary' and 'original correctness'."
    },
    "simple verify": {
        "agreement_count": "8",
        "agreement_percentage": 36.36363636363637,
        "mcc": -0.375,
        "accuracy": 0.36363636363636365,
        "precision": 0.5,
        "recall": 0.5,
        "f1_score": 0.5,
        "balanced_accuracy": 0.3125,
        "description": "Agreement analysis between 'simple verify' and 'original correctness'."
    },
    "complex verify": {
        "agreement_count": "9",
        "agreement_percentage": 40.909090909090914,
        "mcc": -0.18898223650461363,
        "accuracy": 0.4090909090909091,
        "precision": 0.5454545454545454,
        "recall": 0.42857142857142855,
        "f1_score": 0.4799999999999999,
        "balanced_accuracy": 0.4017857142857143,
        "description": "Agreement analysis between 'complex verify' and 'original correctness'."
    },
    "summary verify": {
        "agreement_count": "10",
        "agreement_percentage": 45.45454545454545,
        "mcc": -0.17857142857142858,
        "accuracy": 0.45454545454545453,
        "precision": 0.5714285714285714,
        "recall": 0.5714285714285714,
        "f1_score": 0.5714285714285714,
        "balanced_accuracy": 0.4107142857142857,
        "description": "Agreement analysis between 'summary verify' and 'original correctness'."
    },
    "simple verify fsl": {
        "agreement_count": "7",
        "agreement_percentage": 31.818181818181817,
        "mcc": -0.33195686496194077,
        "accuracy": 0.3181818181818182,
        "precision": 0.4444444444444444,
        "recall": 0.2857142857142857,
        "f1_score": 0.34782608695652173,
        "balanced_accuracy": 0.33035714285714285,
        "description": "Agreement analysis between 'simple verify fsl' and 'original correctness'."
    },
    "complex verify fsl": {
        "agreement_count": "9",
        "agreement_percentage": 40.909090909090914,
        "mcc": -0.18898223650461363,
        "accuracy": 0.4090909090909091,
        "precision": 0.5454545454545454,
        "recall": 0.42857142857142855,
        "f1_score": 0.4799999999999999,
        "balanced_accuracy": 0.4017857142857143,
        "description": "Agreement analysis between 'complex verify fsl' and 'original correctness'."
    },
    "summary verify fsl": {
        "agreement_count": "13",
        "agreement_percentage": 59.09090909090909,
        "mcc": 0.24459979523511427,
        "accuracy": 0.5909090909090909,
        "precision": 0.7777777777777778,
        "recall": 0.5,
        "f1_score": 0.6086956521739131,
        "balanced_accuracy": 0.625,
        "description": "Agreement analysis between 'summary verify fsl' and 'original correctness'."
    }
}