{
    "total_valid_rows": {
        "value": 71,
        "description": "Total number of valid rows after preprocessing and removing invalid entries."
    },
    "summary fsl": {
        "agreement_count": "33",
        "agreement_percentage": 46.478873239436616,
        "mcc": 0,
        "accuracy": 0.4647887323943662,
        "precision": 0,
        "recall": 0.0,
        "f1_score": 0,
        "balanced_accuracy": 0.5,
        "description": "Agreement analysis between 'summary fsl' and 'original correctness'."
    },
    "naive correctness fsl": {
        "agreement_count": "29",
        "agreement_percentage": 40.845070422535215,
        "mcc": -0.2245011555021966,
        "accuracy": 0.4084507042253521,
        "precision": 0.16666666666666666,
        "recall": 0.02631578947368421,
        "f1_score": 0.045454545454545456,
        "balanced_accuracy": 0.43740031897926634,
        "description": "Agreement analysis between 'naive correctness fsl' and 'original correctness'."
    },
    "simple tree": {
        "agreement_count": "38",
        "agreement_percentage": 53.52112676056338,
        "mcc": 0.03498789628146779,
        "accuracy": 0.5352112676056338,
        "precision": 0.543859649122807,
        "recall": 0.8157894736842105,
        "f1_score": 0.6526315789473685,
        "balanced_accuracy": 0.5139553429027113,
        "description": "Agreement analysis between 'simple tree' and 'original correctness'."
    },
    "complex tree": {
        "agreement_count": "38",
        "agreement_percentage": 53.52112676056338,
        "mcc": 0.038077628026517776,
        "accuracy": 0.5352112676056338,
        "precision": 0.5454545454545454,
        "recall": 0.7894736842105263,
        "f1_score": 0.6451612903225806,
        "balanced_accuracy": 0.5159489633173844,
        "description": "Agreement analysis between 'complex tree' and 'original correctness'."
    },
    "vanilla": {
        "agreement_count": "37",
        "agreement_percentage": 52.112676056338024,
        "mcc": -0.015540947187468596,
        "accuracy": 0.5211267605633803,
        "precision": 0.532258064516129,
        "recall": 0.868421052631579,
        "f1_score": 0.66,
        "balanced_accuracy": 0.4948165869218501,
        "description": "Agreement analysis between 'vanilla' and 'original correctness'."
    },
    "vanilla_no_cot": {
        "agreement_count": "37",
        "agreement_percentage": 52.112676056338024,
        "mcc": 0.029938449983555684,
        "accuracy": 0.5211267605633803,
        "precision": 0.5476190476190477,
        "recall": 0.6052631578947368,
        "f1_score": 0.575,
        "balanced_accuracy": 0.5147527910685805,
        "description": "Agreement analysis between 'vanilla_no_cot' and 'original correctness'."
    },
    "summary": {
        "agreement_count": "35",
        "agreement_percentage": 49.29577464788733,
        "mcc": -0.059649919943264136,
        "accuracy": 0.49295774647887325,
        "precision": 0.5185185185185185,
        "recall": 0.7368421052631579,
        "f1_score": 0.6086956521739131,
        "balanced_accuracy": 0.474481658692185,
        "description": "Agreement analysis between 'summary' and 'original correctness'."
    },
    "simple verify": {
        "agreement_count": "36",
        "agreement_percentage": 50.70422535211267,
        "mcc": -0.018568227162261305,
        "accuracy": 0.5070422535211268,
        "precision": 0.5294117647058824,
        "recall": 0.7105263157894737,
        "f1_score": 0.6067415730337078,
        "balanced_accuracy": 0.4916267942583732,
        "description": "Agreement analysis between 'simple verify' and 'original correctness'."
    },
    "complex verify": {
        "agreement_count": "38",
        "agreement_percentage": 53.52112676056338,
        "mcc": 0.04421006467205073,
        "accuracy": 0.5352112676056338,
        "precision": 0.5490196078431373,
        "recall": 0.7368421052631579,
        "f1_score": 0.6292134831460675,
        "balanced_accuracy": 0.5199362041467305,
        "description": "Agreement analysis between 'complex verify' and 'original correctness'."
    },
    "summary verify": {
        "agreement_count": "38",
        "agreement_percentage": 53.52112676056338,
        "mcc": 0.053662593417626685,
        "accuracy": 0.5352112676056338,
        "precision": 0.5555555555555556,
        "recall": 0.6578947368421053,
        "f1_score": 0.6024096385542169,
        "balanced_accuracy": 0.5259170653907497,
        "description": "Agreement analysis between 'summary verify' and 'original correctness'."
    },
    "simple verify fsl": {
        "agreement_count": "25",
        "agreement_percentage": 35.2112676056338,
        "mcc": -0.30079661341751956,
        "accuracy": 0.352112676056338,
        "precision": 0.2777777777777778,
        "recall": 0.13157894736842105,
        "f1_score": 0.17857142857142858,
        "balanced_accuracy": 0.36881977671451355,
        "description": "Agreement analysis between 'simple verify fsl' and 'original correctness'."
    },
    "complex verify fsl": {
        "agreement_count": "28",
        "agreement_percentage": 39.436619718309856,
        "mcc": -0.20214140388125887,
        "accuracy": 0.39436619718309857,
        "precision": 0.3684210526315789,
        "recall": 0.18421052631578946,
        "f1_score": 0.24561403508771928,
        "balanced_accuracy": 0.4102870813397129,
        "description": "Agreement analysis between 'complex verify fsl' and 'original correctness'."
    },
    "summary verify fsl": {
        "agreement_count": "21",
        "agreement_percentage": 29.577464788732392,
        "mcc": -0.4053589748931493,
        "accuracy": 0.29577464788732394,
        "precision": 0.2692307692307692,
        "recall": 0.18421052631578946,
        "f1_score": 0.21875,
        "balanced_accuracy": 0.30422647527910684,
        "description": "Agreement analysis between 'summary verify fsl' and 'original correctness'."
    }
}